customer_id,cell_id,window_start,window_end,rsrp_avg,sinr_avg,handover_failures,congestion_pct,packet_loss_pct
0002-ORFBO,CELL_112B,2024-12-01,2024-12-07,-88.5,14.7,0,53.4,0.4
0003-MKNFE,CELL_245B,2024-12-01,2024-12-07,-103.7,7.8,5,83.0,2.4
0004-TLHLJ,CELL_889D,2024-12-01,2024-12-07,-91.7,13.9,0,48.5,0.41
0011-IGKFF,CELL_411A,2024-12-01,2024-12-07,-97.3,16.2,1,38.8,0.28
0013-EXCHZ,CELL_134C,2024-12-01,2024-12-07,-94.1,7.5,5,75.7,2.97
0013-MHZWF,CELL_502B,2024-12-01,2024-12-07,-95.5,7.8,5,72.6,1.6
0013-SMEOE,CELL_411A,2024-12-01,2024-12-07,-91.8,16.9,0,36.9,0.22
0014-BMAQU,CELL_889D,2024-12-01,2024-12-07,-96.2,11.2,6,70.5,2.86
0015-UOCOJ,CELL_101A,2024-12-01,2024-12-07,-87.5,12.6,1,42.8,0.2
0016-QLJIS,CELL_112B,2024-12-01,2024-12-07,-91.4,15.1,1,53.3,0.57
0017-DINOC,CELL_411A,2024-12-01,2024-12-07,-89.3,16.8,1,39.8,0.39
0017-IUDMW,CELL_134C,2024-12-01,2024-12-07,-88.3,15.1,0,41.7,0.24
0018-NYROU,CELL_112B,2024-12-01,2024-12-07,-91.4,17.1,1,48.2,0.24
0019-EFAEP,CELL_112B,2024-12-01,2024-12-07,-92.5,14.0,0,59.6,0.49
0019-GFNTW,CELL_134C,2024-12-01,2024-12-07,-106.3,5.3,10,95.3,4.82
0020-INWCK,CELL_301C,2024-12-01,2024-12-07,-89.4,16.2,1,55.9,0.41
0020-JDNXP,CELL_134C,2024-12-01,2024-12-07,-91.4,14.6,0,50.1,0.43
0021-IKXGC,CELL_502B,2024-12-01,2024-12-07,-106.3,9.3,5,77.1,1.68
0022-TCJCI,CELL_101A,2024-12-01,2024-12-07,-87.1,16.6,1,37.1,0.23
0023-HGHWL,CELL_101A,2024-12-01,2024-12-07,-90.5,13.1,0,30.9,0.42
0023-UYUPN,CELL_234A,2024-12-01,2024-12-07,-99.6,4.0,4,72.1,2.41
0023-XUOPT,CELL_245B,2024-12-01,2024-12-07,-94.3,15.4,0,32.3,0.24
0027-KWYKW,CELL_301C,2024-12-01,2024-12-07,-88.5,17.3,1,43.7,0.21
0030-FNXPP,CELL_112B,2024-12-01,2024-12-07,-105.1,3.7,9,86.6,4.07
0031-PVLZI,CELL_134C,2024-12-01,2024-12-07,-90.8,15.9,0,42.8,0.51
0032-PGELS,CELL_301C,2024-12-01,2024-12-07,-98.0,15.7,0,50.8,0.23
0036-IHMOT,CELL_245B,2024-12-01,2024-12-07,-110.0,3.2,8,90.2,3.19
0040-HALCW,CELL_502B,2024-12-01,2024-12-07,-92.5,13.4,0,44.9,0.25
0042-JVWOJ,CELL_245B,2024-12-01,2024-12-07,-99.8,12.9,4,70.5,2.02
0042-RLHYP,CELL_112B,2024-12-01,2024-12-07,-85.7,17.1,0,44.7,0.59
0048-LUMLS,CELL_411A,2024-12-01,2024-12-07,-96.9,5.7,5,75.5,1.86
0048-PIHNL,CELL_889D,2024-12-01,2024-12-07,-90.4,17.8,1,49.0,0.37
0052-DCKON,CELL_234A,2024-12-01,2024-12-07,-93.0,13.9,0,55.8,0.26
0052-YNYOT,CELL_889D,2024-12-01,2024-12-07,-105.8,2.6,14,87.9,4.94
0056-EPFBG,CELL_778C,2024-12-01,2024-12-07,-106.4,2.6,14,97.2,3.41
0057-QBUQH,CELL_502B,2024-12-01,2024-12-07,-103.1,7.4,5,78.1,2.54
0058-EVZWM,CELL_301C,2024-12-01,2024-12-07,-91.9,14.0,1,46.7,0.36
0060-FUALY,CELL_411A,2024-12-01,2024-12-07,-91.0,14.6,1,46.7,0.54
0064-SUDOG,CELL_502B,2024-12-01,2024-12-07,-91.8,13.3,0,51.8,0.55
0064-YIJGF,CELL_234A,2024-12-01,2024-12-07,-107.2,4.5,11,86.1,3.48
0067-DKWBL,CELL_778C,2024-12-01,2024-12-07,-89.3,16.7,0,41.2,0.57
0068-FIGTF,CELL_778C,2024-12-01,2024-12-07,-108.4,1.1,10,93.5,3.67
0071-NDAFP,CELL_101A,2024-12-01,2024-12-07,-103.9,9.6,3,72.7,2.05
0074-HDKDG,CELL_301C,2024-12-01,2024-12-07,-87.4,16.9,1,47.0,0.15
0076-LVEPS,CELL_101A,2024-12-01,2024-12-07,-112.1,2.8,13,92.7,5.94
0078-XZMHT,CELL_245B,2024-12-01,2024-12-07,-87.3,14.9,0,53.8,0.35
0080-EMYVY,CELL_112B,2024-12-01,2024-12-07,-90.8,20.4,0,36.9,0.35
0080-OROZO,CELL_112B,2024-12-01,2024-12-07,-85.6,15.8,1,35.3,0.57
0082-LDZUE,CELL_778C,2024-12-01,2024-12-07,-90.4,16.5,0,47.2,0.59
0082-OQIQY,CELL_411A,2024-12-01,2024-12-07,-90.7,14.0,1,55.5,0.26
0083-PIVIK,CELL_112B,2024-12-01,2024-12-07,-99.1,5.5,5,82.7,2.9
0089-IIQKO,CELL_234A,2024-12-01,2024-12-07,-93.4,17.8,0,45.5,0.54
0093-EXYQL,CELL_112B,2024-12-01,2024-12-07,-87.4,17.1,0,51.3,0.38
0093-XWZFY,CELL_134C,2024-12-01,2024-12-07,-92.0,11.6,1,56.0,0.56
0094-OIFMO,CELL_778C,2024-12-01,2024-12-07,-88.5,22.7,0,35.8,0.14
0096-BXERS,CELL_134C,2024-12-01,2024-12-07,-91.7,14.7,0,40.1,0.29
0096-FCPUF,CELL_502B,2024-12-01,2024-12-07,-89.5,13.3,1,39.8,0.18
0098-BOWSO,CELL_411A,2024-12-01,2024-12-07,-101.7,9.2,4,82.3,2.04
0100-DUVFC,CELL_112B,2024-12-01,2024-12-07,-89.8,12.8,0,38.1,0.58
0103-CSITQ,CELL_245B,2024-12-01,2024-12-07,-86.4,14.7,1,45.9,0.37
0104-PPXDV,CELL_134C,2024-12-01,2024-12-07,-103.9,5.2,12,97.6,5.14
0106-GHRQR,CELL_411A,2024-12-01,2024-12-07,-100.4,7.0,5,76.6,1.62
0106-UGRDO,CELL_301C,2024-12-01,2024-12-07,-88.5,16.7,0,31.7,0.56
0107-WESLM,CELL_502B,2024-12-01,2024-12-07,-94.6,14.3,1,51.4,0.43
0107-YHINA,CELL_889D,2024-12-01,2024-12-07,-88.9,18.3,1,51.9,0.12
0111-KLBQG,CELL_411A,2024-12-01,2024-12-07,-104.7,8.5,4,70.2,1.67
0112-QAWRZ,CELL_778C,2024-12-01,2024-12-07,-98.2,9.5,6,70.3,2.65
0112-QWPNC,CELL_411A,2024-12-01,2024-12-07,-102.2,10.2,4,76.5,2.1
0114-IGABW,CELL_411A,2024-12-01,2024-12-07,-85.4,17.6,1,37.8,0.11
0114-PEGZZ,CELL_101A,2024-12-01,2024-12-07,-108.0,5.1,12,93.9,4.85
0114-RSRRW,CELL_101A,2024-12-01,2024-12-07,-89.0,16.9,1,47.3,0.29
0115-TFERT,CELL_134C,2024-12-01,2024-12-07,-102.5,12.2,5,82.3,2.44
0117-LFRMW,CELL_301C,2024-12-01,2024-12-07,-88.5,17.1,0,35.9,0.13
0118-JPNOY,CELL_301C,2024-12-01,2024-12-07,-89.2,13.8,0,49.7,0.29
0121-SNYRK,CELL_101A,2024-12-01,2024-12-07,-104.5,10.6,5,74.2,1.68
0122-OAHPZ,CELL_411A,2024-12-01,2024-12-07,-87.1,17.9,0,31.2,0.31
0123-CRBRT,CELL_112B,2024-12-01,2024-12-07,-99.8,9.0,3,81.3,2.71
0125-LZQXK,CELL_301C,2024-12-01,2024-12-07,-100.1,8.2,4,73.8,2.37
0128-MKWSG,CELL_301C,2024-12-01,2024-12-07,-89.5,17.1,1,42.9,0.48
0129-KPTWJ,CELL_889D,2024-12-01,2024-12-07,-91.2,15.5,0,46.0,0.35
0129-QMPDR,CELL_112B,2024-12-01,2024-12-07,-106.2,6.3,5,75.8,1.52
0130-SXOUN,CELL_301C,2024-12-01,2024-12-07,-98.7,7.7,6,77.2,2.24
0133-BMFZO,CELL_778C,2024-12-01,2024-12-07,-104.6,7.2,12,94.8,5.37
0134-XWXCE,CELL_234A,2024-12-01,2024-12-07,-92.1,15.0,0,31.7,0.47
0135-NMXAP,CELL_502B,2024-12-01,2024-12-07,-84.6,15.8,0,34.3,0.48
0136-IFMYD,CELL_134C,2024-12-01,2024-12-07,-92.5,15.5,0,42.8,0.21
0137-OCGAB,CELL_301C,2024-12-01,2024-12-07,-96.5,7.5,4,71.2,1.63
0137-UDEUO,CELL_245B,2024-12-01,2024-12-07,-104.5,3.3,14,96.8,4.78
0139-IVFJG,CELL_778C,2024-12-01,2024-12-07,-86.0,13.1,0,53.3,0.38
0141-YEAYS,CELL_889D,2024-12-01,2024-12-07,-96.6,7.7,5,76.5,1.88
0142-GVYSN,CELL_411A,2024-12-01,2024-12-07,-103.7,1.1,11,86.5,3.35
0147-ESWWR,CELL_245B,2024-12-01,2024-12-07,-104.2,5.2,12,88.1,4.2
0148-DCDOS,CELL_411A,2024-12-01,2024-12-07,-110.5,3.9,8,87.9,5.89
0151-ONTOV,CELL_245B,2024-12-01,2024-12-07,-89.3,15.0,0,37.6,0.45
0156-FVPTA,CELL_889D,2024-12-01,2024-12-07,-102.8,6.1,3,79.4,2.38
0164-APGRB,CELL_101A,2024-12-01,2024-12-07,-90.3,17.0,1,40.1,0.18
0164-XAIRP,CELL_234A,2024-12-01,2024-12-07,-93.6,18.2,1,47.5,0.14
0168-XZKBB,CELL_778C,2024-12-01,2024-12-07,-89.0,18.8,0,42.3,0.4
0174-QRVVY,CELL_778C,2024-12-01,2024-12-07,-91.9,14.2,0,54.7,0.57
0177-PXBAT,CELL_411A,2024-12-01,2024-12-07,-97.0,11.0,4,71.2,2.81
0178-CIIKR,CELL_245B,2024-12-01,2024-12-07,-93.7,15.4,1,41.3,0.51
0178-SZBHO,CELL_245B,2024-12-01,2024-12-07,-95.1,17.7,1,54.9,0.38
0181-RITDD,CELL_301C,2024-12-01,2024-12-07,-99.1,7.0,3,85.0,2.99
0186-CAERR,CELL_301C,2024-12-01,2024-12-07,-103.5,4.5,12,94.8,4.13
0187-QSXOE,CELL_889D,2024-12-01,2024-12-07,-92.2,13.7,0,58.6,0.4
0187-WZNAB,CELL_411A,2024-12-01,2024-12-07,-105.9,2.3,9,89.7,3.34
0188-GWFLE,CELL_411A,2024-12-01,2024-12-07,-99.0,12.1,4,82.5,1.96
0191-EQUUH,CELL_101A,2024-12-01,2024-12-07,-91.7,20.1,0,52.7,0.41
0191-ZHSKZ,CELL_502B,2024-12-01,2024-12-07,-92.9,16.4,1,48.5,0.59
0193-ESZXP,CELL_502B,2024-12-01,2024-12-07,-85.2,17.5,0,43.1,0.55
0195-IESCP,CELL_245B,2024-12-01,2024-12-07,-107.4,0.7,14,90.2,4.87
0196-JTUQI,CELL_101A,2024-12-01,2024-12-07,-95.1,14.9,1,31.4,0.41
0196-VULGZ,CELL_112B,2024-12-01,2024-12-07,-93.4,13.8,0,37.2,0.14
0197-PNKNK,CELL_234A,2024-12-01,2024-12-07,-104.4,9.0,6,76.2,2.81
0201-MIBOL,CELL_778C,2024-12-01,2024-12-07,-98.1,8.0,3,72.9,1.56
0201-OAMXR,CELL_778C,2024-12-01,2024-12-07,-102.1,6.4,3,70.5,2.32
0203-HHYIJ,CELL_411A,2024-12-01,2024-12-07,-96.4,16.0,1,40.9,0.35
0206-OYVOC,CELL_101A,2024-12-01,2024-12-07,-100.4,8.1,3,77.2,2.53
0206-TBWLC,CELL_234A,2024-12-01,2024-12-07,-104.9,8.1,6,70.9,1.92
0207-MDKNV,CELL_411A,2024-12-01,2024-12-07,-97.5,9.5,3,84.8,2.3
0208-BPQEJ,CELL_134C,2024-12-01,2024-12-07,-100.1,8.1,6,75.5,2.19
0212-ISBBF,CELL_234A,2024-12-01,2024-12-07,-87.4,13.0,0,55.3,0.47
0214-JHPFW,CELL_889D,2024-12-01,2024-12-07,-93.5,11.7,1,38.1,0.29
0215-BQKGS,CELL_112B,2024-12-01,2024-12-07,-102.6,5.8,6,73.5,2.01
0218-QNVAS,CELL_889D,2024-12-01,2024-12-07,-96.5,14.2,0,45.0,0.14
0219-QAERP,CELL_134C,2024-12-01,2024-12-07,-82.9,17.0,1,47.6,0.38
0219-YTZUE,CELL_112B,2024-12-01,2024-12-07,-106.1,5.7,6,79.7,2.36
0220-EBGCE,CELL_112B,2024-12-01,2024-12-07,-94.2,16.1,1,36.8,0.28
0221-NAUXK,CELL_134C,2024-12-01,2024-12-07,-95.2,7.9,4,74.3,1.76
0221-WMXNQ,CELL_245B,2024-12-01,2024-12-07,-97.5,16.4,1,59.9,0.55
0222-CNVPT,CELL_101A,2024-12-01,2024-12-07,-96.8,8.3,5,82.3,1.89
0224-HJAPT,CELL_889D,2024-12-01,2024-12-07,-88.5,13.0,0,51.6,0.37
0224-NIJLP,CELL_889D,2024-12-01,2024-12-07,-104.3,3.9,12,87.4,3.97
0224-RLWWD,CELL_101A,2024-12-01,2024-12-07,-107.2,-0.1,8,91.9,5.12
0225-ZORZP,CELL_301C,2024-12-01,2024-12-07,-90.6,15.3,1,34.6,0.34
0228-MAUWC,CELL_889D,2024-12-01,2024-12-07,-92.0,15.1,1,43.6,0.37
0229-LFJAF,CELL_301C,2024-12-01,2024-12-07,-94.2,15.5,1,54.3,0.23
0230-UBYPQ,CELL_778C,2024-12-01,2024-12-07,-95.6,9.5,5,77.1,2.41
0230-WEQUW,CELL_889D,2024-12-01,2024-12-07,-90.6,15.3,0,54.9,0.58
0231-LXVAP,CELL_234A,2024-12-01,2024-12-07,-98.5,6.8,3,73.1,2.07
0233-FTHAV,CELL_101A,2024-12-01,2024-12-07,-99.3,8.7,6,82.6,1.71
0234-TEVTT,CELL_134C,2024-12-01,2024-12-07,-102.4,9.2,4,82.4,1.78
0235-KGSLC,CELL_411A,2024-12-01,2024-12-07,-97.4,5.4,4,75.4,2.82
0236-HFWSV,CELL_234A,2024-12-01,2024-12-07,-95.2,7.2,5,80.7,2.85
0237-YFUTL,CELL_101A,2024-12-01,2024-12-07,-87.9,19.4,0,45.1,0.22
0238-WHBIQ,CELL_101A,2024-12-01,2024-12-07,-108.7,5.2,13,85.9,3.69
0239-OXEXL,CELL_411A,2024-12-01,2024-12-07,-109.2,10.9,5,79.4,2.0
0244-LGNFY,CELL_301C,2024-12-01,2024-12-07,-107.0,3.4,12,91.4,5.22
0247-SLUJI,CELL_101A,2024-12-01,2024-12-07,-105.5,5.5,10,94.7,3.1
0248-IPDFW,CELL_101A,2024-12-01,2024-12-07,-103.5,4.6,10,94.8,3.31
0248-PGHBZ,CELL_502B,2024-12-01,2024-12-07,-109.0,9.4,3,71.9,2.1
0253-ZTEOB,CELL_301C,2024-12-01,2024-12-07,-91.3,15.8,0,42.3,0.49
0254-FNMCI,CELL_234A,2024-12-01,2024-12-07,-107.9,3.8,11,92.1,3.76
0254-KCJGT,CELL_134C,2024-12-01,2024-12-07,-104.2,7.0,4,75.1,1.84
0254-WWRKD,CELL_112B,2024-12-01,2024-12-07,-106.7,6.8,5,72.3,2.38
0256-LTHVJ,CELL_301C,2024-12-01,2024-12-07,-82.7,15.3,0,51.8,0.4
0257-KXZGU,CELL_245B,2024-12-01,2024-12-07,-104.4,5.0,14,92.9,4.27
0257-ZESQC,CELL_778C,2024-12-01,2024-12-07,-99.3,8.2,4,83.7,1.68
0258-NOKBL,CELL_502B,2024-12-01,2024-12-07,-102.5,7.0,6,71.9,2.88
0259-GBZSH,CELL_101A,2024-12-01,2024-12-07,-89.8,17.2,1,48.2,0.29
0260-ZDLGK,CELL_134C,2024-12-01,2024-12-07,-92.4,16.3,0,30.1,0.27
0263-FJTQO,CELL_778C,2024-12-01,2024-12-07,-105.4,0.5,10,97.0,4.4
0264-CNITK,CELL_245B,2024-12-01,2024-12-07,-96.6,7.9,6,73.4,2.18
0265-EDXBD,CELL_411A,2024-12-01,2024-12-07,-90.7,14.5,0,35.0,0.12
0265-PSUAE,CELL_778C,2024-12-01,2024-12-07,-95.8,6.6,5,79.5,1.52
0266-CLZKZ,CELL_502B,2024-12-01,2024-12-07,-111.1,4.8,11,91.0,4.67
0266-GMEAO,CELL_134C,2024-12-01,2024-12-07,-89.7,17.3,1,45.1,0.4
0268-QKIWO,CELL_778C,2024-12-01,2024-12-07,-99.9,8.0,5,82.0,2.02
0269-XFESX,CELL_301C,2024-12-01,2024-12-07,-83.2,13.9,0,44.2,0.38
0270-THENM,CELL_134C,2024-12-01,2024-12-07,-85.8,9.7,1,44.4,0.35
0274-JKUJR,CELL_234A,2024-12-01,2024-12-07,-91.1,15.5,1,55.9,0.57
0277-BKSQP,CELL_234A,2024-12-01,2024-12-07,-105.6,6.4,4,77.9,2.7
0277-ORXQS,CELL_411A,2024-12-01,2024-12-07,-90.8,17.0,0,36.7,0.22
0278-YXOOG,CELL_889D,2024-12-01,2024-12-07,-99.6,7.7,5,83.3,2.34
0280-XJGEX,CELL_301C,2024-12-01,2024-12-07,-105.4,4.9,13,92.8,5.42
0281-CNTZX,CELL_112B,2024-12-01,2024-12-07,-101.1,5.9,5,83.4,1.52
0282-NVSJS,CELL_112B,2024-12-01,2024-12-07,-95.0,18.5,1,57.3,0.41
0285-INHLN,CELL_502B,2024-12-01,2024-12-07,-87.0,14.0,0,47.7,0.23
0289-IVARM,CELL_502B,2024-12-01,2024-12-07,-93.8,18.5,1,40.9,0.53
0292-WEGCH,CELL_245B,2024-12-01,2024-12-07,-91.1,15.5,1,44.6,0.55
0295-PPHDO,CELL_301C,2024-12-01,2024-12-07,-91.0,17.7,0,45.4,0.47
0295-QVKPB,CELL_889D,2024-12-01,2024-12-07,-92.4,18.2,0,34.2,0.52
0297-RBCSG,CELL_411A,2024-12-01,2024-12-07,-89.9,15.7,0,50.7,0.44
0298-XACET,CELL_112B,2024-12-01,2024-12-07,-89.6,17.6,1,47.3,0.24
0301-FIDRB,CELL_234A,2024-12-01,2024-12-07,-84.0,16.4,1,51.6,0.15
0301-KOBTQ,CELL_502B,2024-12-01,2024-12-07,-101.7,6.7,5,83.1,2.4
0302-JOIVN,CELL_234A,2024-12-01,2024-12-07,-85.0,17.0,0,47.2,0.52
0303-UNCIP,CELL_301C,2024-12-01,2024-12-07,-85.8,14.0,1,31.4,0.18
0303-WMMRN,CELL_101A,2024-12-01,2024-12-07,-91.0,15.4,1,53.1,0.13
0305-SQECB,CELL_112B,2024-12-01,2024-12-07,-90.7,17.4,1,51.6,0.25
0306-JAELE,CELL_112B,2024-12-01,2024-12-07,-92.8,20.3,0,58.6,0.17
0307-BCOPK,CELL_234A,2024-12-01,2024-12-07,-107.0,7.8,5,73.9,2.39
0308-GIQJT,CELL_778C,2024-12-01,2024-12-07,-90.0,13.7,0,34.6,0.41
0308-IVGOK,CELL_234A,2024-12-01,2024-12-07,-114.4,3.5,8,90.4,5.11
0310-MVLET,CELL_301C,2024-12-01,2024-12-07,-103.8,12.6,5,82.3,2.7
0310-SUCIN,CELL_112B,2024-12-01,2024-12-07,-93.3,16.9,1,33.1,0.26
0310-VQXAM,CELL_889D,2024-12-01,2024-12-07,-88.0,17.0,0,35.6,0.37
0311-QYWSS,CELL_101A,2024-12-01,2024-12-07,-98.5,9.2,3,81.4,2.59
0311-UNPFF,CELL_778C,2024-12-01,2024-12-07,-99.8,8.0,4,77.3,1.83
0314-TKOSI,CELL_411A,2024-12-01,2024-12-07,-87.5,15.3,1,33.6,0.47
0315-LVCRK,CELL_134C,2024-12-01,2024-12-07,-108.6,3.8,10,97.3,4.42
0318-QUUOB,CELL_301C,2024-12-01,2024-12-07,-99.9,8.1,4,77.8,2.47
0318-ZOPWS,CELL_101A,2024-12-01,2024-12-07,-105.1,10.8,6,71.8,1.62
0319-QZTCO,CELL_234A,2024-12-01,2024-12-07,-93.1,17.6,0,42.1,0.39
0320-DWVTU,CELL_101A,2024-12-01,2024-12-07,-99.3,10.8,4,74.8,2.44
0320-JDNQG,CELL_411A,2024-12-01,2024-12-07,-98.9,9.8,4,76.3,2.19
0322-CHQRU,CELL_234A,2024-12-01,2024-12-07,-101.8,5.6,6,82.0,3.0
0322-YINQP,CELL_502B,2024-12-01,2024-12-07,-95.1,6.6,3,70.6,2.22
0323-XWWTN,CELL_301C,2024-12-01,2024-12-07,-94.8,16.1,0,53.0,0.31
0324-BRPCJ,CELL_234A,2024-12-01,2024-12-07,-103.3,3.2,13,85.0,4.4
0325-XBFAC,CELL_889D,2024-12-01,2024-12-07,-96.9,7.1,4,73.5,1.56
0326-VDYXE,CELL_134C,2024-12-01,2024-12-07,-113.8,2.2,11,87.8,5.85
0327-WFZSY,CELL_301C,2024-12-01,2024-12-07,-105.0,3.7,13,92.8,5.71
0328-GRPMV,CELL_245B,2024-12-01,2024-12-07,-90.4,13.7,0,49.5,0.4
0329-GTIAJ,CELL_245B,2024-12-01,2024-12-07,-94.7,15.1,1,41.5,0.12
0330-BGYZE,CELL_101A,2024-12-01,2024-12-07,-97.9,10.4,5,83.3,2.89
0330-IVZHA,CELL_411A,2024-12-01,2024-12-07,-103.7,3.1,13,98.0,5.69
0334-GDDSO,CELL_112B,2024-12-01,2024-12-07,-91.1,6.7,3,78.1,2.39
0334-ZFJSR,CELL_234A,2024-12-01,2024-12-07,-103.4,8.3,3,75.9,1.91
0336-KXKFK,CELL_134C,2024-12-01,2024-12-07,-109.8,4.0,9,96.2,5.43
0336-PIKEI,CELL_245B,2024-12-01,2024-12-07,-88.0,19.0,0,38.4,0.23
0337-CNPZE,CELL_778C,2024-12-01,2024-12-07,-99.8,6.7,3,73.3,2.52
0343-QLUZP,CELL_502B,2024-12-01,2024-12-07,-100.4,13.3,0,57.2,0.39
0345-HKJVM,CELL_101A,2024-12-01,2024-12-07,-88.4,19.0,0,38.0,0.54
0345-XMMUG,CELL_234A,2024-12-01,2024-12-07,-106.2,5.7,8,87.0,3.48
0347-UBKUZ,CELL_778C,2024-12-01,2024-12-07,-93.5,13.5,0,50.4,0.41
0348-SDKOL,CELL_112B,2024-12-01,2024-12-07,-91.9,16.0,0,58.8,0.33
0354-VXMJC,CELL_245B,2024-12-01,2024-12-07,-91.6,16.3,0,34.8,0.51
0354-WYROK,CELL_245B,2024-12-01,2024-12-07,-89.9,17.6,0,35.8,0.14
0356-ERHVT,CELL_101A,2024-12-01,2024-12-07,-88.0,11.2,1,37.8,0.42
0356-OBMAC,CELL_502B,2024-12-01,2024-12-07,-94.0,8.4,4,74.3,1.53
0357-NVCRI,CELL_112B,2024-12-01,2024-12-07,-86.4,14.5,1,49.0,0.57
0361-HJRDX,CELL_411A,2024-12-01,2024-12-07,-91.3,15.4,0,35.0,0.49
0362-RAOQO,CELL_411A,2024-12-01,2024-12-07,-90.7,18.7,1,48.6,0.12
0362-ZBZWJ,CELL_245B,2024-12-01,2024-12-07,-88.9,13.9,0,32.0,0.51
0363-QJVFX,CELL_502B,2024-12-01,2024-12-07,-104.6,3.3,10,93.9,4.34
0363-SVHYR,CELL_101A,2024-12-01,2024-12-07,-94.3,10.6,0,45.8,0.51
0365-BZUWY,CELL_101A,2024-12-01,2024-12-07,-87.5,14.0,0,50.4,0.43
0365-GXEZS,CELL_301C,2024-12-01,2024-12-07,-108.7,2.3,12,96.8,5.57
0365-TRTPY,CELL_101A,2024-12-01,2024-12-07,-95.5,13.9,1,56.8,0.21
0366-NQSHS,CELL_502B,2024-12-01,2024-12-07,-93.8,17.9,0,44.1,0.37
0369-ZGOVK,CELL_101A,2024-12-01,2024-12-07,-101.7,7.0,3,81.6,2.66
0373-AIVNJ,CELL_112B,2024-12-01,2024-12-07,-106.6,4.9,10,95.4,3.88
0374-AACSZ,CELL_101A,2024-12-01,2024-12-07,-90.5,12.3,1,33.5,0.16
0374-FIUCA,CELL_112B,2024-12-01,2024-12-07,-110.0,6.7,13,87.9,3.48
0374-IOEGQ,CELL_778C,2024-12-01,2024-12-07,-112.0,5.7,9,95.4,3.93
0375-HVGXO,CELL_234A,2024-12-01,2024-12-07,-90.8,14.9,1,50.4,0.3
0376-OIWME,CELL_778C,2024-12-01,2024-12-07,-86.4,16.5,1,53.4,0.12
0376-YMCJC,CELL_889D,2024-12-01,2024-12-07,-92.9,14.9,0,33.1,0.39
0377-JBKKT,CELL_502B,2024-12-01,2024-12-07,-90.0,14.2,1,51.1,0.38
0378-CJKPV,CELL_502B,2024-12-01,2024-12-07,-103.5,8.1,3,71.2,2.74
0378-NHQXU,CELL_245B,2024-12-01,2024-12-07,-94.2,12.8,1,47.0,0.44
0378-TOVMS,CELL_502B,2024-12-01,2024-12-07,-109.7,4.9,14,93.7,5.85
0378-XSZPU,CELL_134C,2024-12-01,2024-12-07,-93.2,10.8,5,78.1,2.56
0379-DJQHR,CELL_134C,2024-12-01,2024-12-07,-88.8,16.4,1,53.5,0.41
0380-NEAVX,CELL_101A,2024-12-01,2024-12-07,-83.7,14.6,1,46.4,0.51
0380-ZCSBI,CELL_411A,2024-12-01,2024-12-07,-91.7,6.6,3,72.5,2.16
0383-CLDDA,CELL_234A,2024-12-01,2024-12-07,-88.0,18.1,1,34.8,0.54
0384-LPITE,CELL_101A,2024-12-01,2024-12-07,-93.1,13.9,0,43.0,0.12
0384-RVBPI,CELL_134C,2024-12-01,2024-12-07,-93.9,17.4,1,59.2,0.43
0386-CWRGM,CELL_778C,2024-12-01,2024-12-07,-88.2,13.0,0,42.6,0.2
0388-EOPEX,CELL_234A,2024-12-01,2024-12-07,-91.0,15.7,0,51.8,0.47
0390-DCFDQ,CELL_411A,2024-12-01,2024-12-07,-95.6,13.2,1,53.0,0.35
0392-BZIUW,CELL_234A,2024-12-01,2024-12-07,-87.1,20.9,0,43.2,0.46
0394-YONDK,CELL_112B,2024-12-01,2024-12-07,-95.7,7.9,4,81.9,2.48
0396-HUJBP,CELL_112B,2024-12-01,2024-12-07,-93.8,11.9,1,48.9,0.47
0396-UKGAI,CELL_112B,2024-12-01,2024-12-07,-88.8,13.6,1,48.1,0.42
0396-YCHWO,CELL_101A,2024-12-01,2024-12-07,-89.3,10.4,0,55.6,0.35
0397-GZBBC,CELL_112B,2024-12-01,2024-12-07,-97.8,7.3,5,78.9,2.37
0397-ZXWQF,CELL_301C,2024-12-01,2024-12-07,-92.1,15.6,0,41.7,0.58
0401-WDBXM,CELL_134C,2024-12-01,2024-12-07,-96.8,5.5,5,78.8,2.4
0402-CQAJN,CELL_112B,2024-12-01,2024-12-07,-94.2,13.9,0,37.1,0.14
0402-OAMEN,CELL_112B,2024-12-01,2024-12-07,-89.8,12.4,1,50.1,0.17
0404-AHASP,CELL_112B,2024-12-01,2024-12-07,-83.4,12.5,1,51.2,0.18
0404-SWRVG,CELL_301C,2024-12-01,2024-12-07,-105.5,5.8,12,95.2,5.12
0406-BPDVR,CELL_101A,2024-12-01,2024-12-07,-104.7,3.8,13,87.7,3.34
0407-BDJKB,CELL_101A,2024-12-01,2024-12-07,-90.2,14.9,0,36.9,0.13
0409-WTMPL,CELL_301C,2024-12-01,2024-12-07,-93.7,16.3,0,58.0,0.26
0410-IPFTY,CELL_502B,2024-12-01,2024-12-07,-109.8,4.0,9,90.2,4.44
0411-EZJZE,CELL_301C,2024-12-01,2024-12-07,-112.6,4.8,10,91.4,5.0
0412-UCCNP,CELL_245B,2024-12-01,2024-12-07,-86.7,12.9,1,52.0,0.18
0415-MOSGF,CELL_778C,2024-12-01,2024-12-07,-88.2,13.4,0,43.3,0.53
0419-YAAPX,CELL_234A,2024-12-01,2024-12-07,-88.4,13.2,0,59.4,0.29
0420-BWTPW,CELL_778C,2024-12-01,2024-12-07,-89.4,15.3,0,30.9,0.57
0420-HLGXF,CELL_411A,2024-12-01,2024-12-07,-95.6,10.4,5,84.1,2.74
0420-TXVSG,CELL_778C,2024-12-01,2024-12-07,-87.5,18.6,1,49.7,0.6
0422-OHQHQ,CELL_112B,2024-12-01,2024-12-07,-105.0,3.6,8,86.2,3.87
0422-UXFAP,CELL_411A,2024-12-01,2024-12-07,-98.8,6.4,4,74.9,2.5
0423-UDIJQ,CELL_234A,2024-12-01,2024-12-07,-88.2,16.4,0,39.5,0.53
0426-TIRNE,CELL_889D,2024-12-01,2024-12-07,-105.9,6.2,5,70.1,1.99
0428-AXXLJ,CELL_134C,2024-12-01,2024-12-07,-93.8,11.7,0,41.4,0.37
0428-IKYCP,CELL_502B,2024-12-01,2024-12-07,-86.8,19.5,0,36.8,0.14
0430-IHCDJ,CELL_234A,2024-12-01,2024-12-07,-85.1,17.0,1,52.8,0.35
0431-APWVY,CELL_411A,2024-12-01,2024-12-07,-88.1,15.1,1,44.4,0.11
0432-CAJZV,CELL_502B,2024-12-01,2024-12-07,-104.6,4.9,4,77.9,1.87
0434-CSFON,CELL_101A,2024-12-01,2024-12-07,-97.2,13.9,0,54.4,0.46
0436-TWFFZ,CELL_502B,2024-12-01,2024-12-07,-87.7,15.6,0,49.6,0.29
0439-IFYUN,CELL_778C,2024-12-01,2024-12-07,-90.3,12.2,0,33.0,0.34
0440-EKDCF,CELL_134C,2024-12-01,2024-12-07,-92.6,13.0,0,57.9,0.37
0440-MOGPM,CELL_778C,2024-12-01,2024-12-07,-92.5,15.3,1,51.5,0.24
0440-QEXBZ,CELL_778C,2024-12-01,2024-12-07,-92.9,14.6,0,33.7,0.53
0440-UEDAI,CELL_502B,2024-12-01,2024-12-07,-102.2,9.0,5,71.6,2.35
0442-TDYUO,CELL_101A,2024-12-01,2024-12-07,-94.4,7.8,3,75.6,2.29
0442-ZXKVS,CELL_778C,2024-12-01,2024-12-07,-107.3,7.4,11,88.0,3.64
0447-BEMNG,CELL_101A,2024-12-01,2024-12-07,-94.2,18.5,0,57.2,0.48
0447-RXSGD,CELL_301C,2024-12-01,2024-12-07,-94.9,15.8,1,38.2,0.51
0454-OKRCT,CELL_411A,2024-12-01,2024-12-07,-92.7,6.3,4,81.5,1.72
0455-ENTCR,CELL_889D,2024-12-01,2024-12-07,-93.4,14.5,0,52.1,0.53
0455-XFASS,CELL_411A,2024-12-01,2024-12-07,-90.6,14.7,1,39.4,0.22
0458-HEUZG,CELL_112B,2024-12-01,2024-12-07,-88.3,12.6,0,41.7,0.4
0459-SPZHJ,CELL_234A,2024-12-01,2024-12-07,-89.1,15.0,0,47.9,0.44
0461-CVKMU,CELL_245B,2024-12-01,2024-12-07,-95.6,11.1,0,50.8,0.6
0463-TXOAK,CELL_245B,2024-12-01,2024-12-07,-88.3,18.3,0,53.2,0.23
0463-WZZKO,CELL_411A,2024-12-01,2024-12-07,-86.6,18.4,0,39.7,0.21
0463-ZSDNT,CELL_411A,2024-12-01,2024-12-07,-102.3,7.6,3,82.5,2.5
0464-WJTKO,CELL_245B,2024-12-01,2024-12-07,-89.4,13.8,1,56.4,0.43
0468-YRPXN,CELL_502B,2024-12-01,2024-12-07,-96.0,15.7,0,35.7,0.13
0471-ARVMX,CELL_889D,2024-12-01,2024-12-07,-106.0,5.3,5,81.0,2.2
0471-LVHGK,CELL_778C,2024-12-01,2024-12-07,-89.7,13.6,1,58.8,0.42
0475-RIJEP,CELL_411A,2024-12-01,2024-12-07,-92.0,16.0,1,32.9,0.33
0479-HMSWA,CELL_101A,2024-12-01,2024-12-07,-102.9,10.5,6,84.7,2.21
0480-BIXDE,CELL_889D,2024-12-01,2024-12-07,-103.7,7.4,5,72.3,2.99
0480-KYJVA,CELL_101A,2024-12-01,2024-12-07,-89.8,16.6,0,50.1,0.15
0481-SUMCB,CELL_134C,2024-12-01,2024-12-07,-105.6,3.0,8,92.9,4.52
0484-FFVBJ,CELL_245B,2024-12-01,2024-12-07,-101.2,7.2,3,75.4,1.63
0484-JPBRU,CELL_101A,2024-12-01,2024-12-07,-99.7,9.4,5,82.4,1.92
0485-ZBSLN,CELL_778C,2024-12-01,2024-12-07,-88.7,13.9,0,59.8,0.53
0486-HECZI,CELL_889D,2024-12-01,2024-12-07,-89.8,14.8,0,50.2,0.37
0486-LGCCH,CELL_502B,2024-12-01,2024-12-07,-102.8,8.9,5,74.6,1.62
0487-CRLZF,CELL_101A,2024-12-01,2024-12-07,-104.8,7.3,4,73.4,2.94
0487-RPVUM,CELL_101A,2024-12-01,2024-12-07,-87.9,15.2,1,34.0,0.53
0487-VVUVK,CELL_112B,2024-12-01,2024-12-07,-108.1,5.2,13,96.7,5.49
0488-GSLFR,CELL_301C,2024-12-01,2024-12-07,-89.1,14.8,1,34.4,0.28
0489-WMEMG,CELL_778C,2024-12-01,2024-12-07,-88.5,15.1,1,47.8,0.57
0491-KAPQG,CELL_234A,2024-12-01,2024-12-07,-101.5,9.3,5,79.6,1.82
0495-RVCBF,CELL_112B,2024-12-01,2024-12-07,-93.9,10.4,5,75.8,2.35
0495-ZBNGW,CELL_502B,2024-12-01,2024-12-07,-91.7,13.8,1,59.8,0.13
0496-AHOOK,CELL_234A,2024-12-01,2024-12-07,-91.7,14.2,0,53.5,0.23
0504-HHAPI,CELL_502B,2024-12-01,2024-12-07,-97.8,6.2,3,77.6,3.0
0505-SPOOW,CELL_134C,2024-12-01,2024-12-07,-88.7,17.4,1,35.2,0.43
0506-LVNGN,CELL_889D,2024-12-01,2024-12-07,-106.6,5.1,12,96.5,4.35
0506-YLVKJ,CELL_301C,2024-12-01,2024-12-07,-102.0,5.7,6,77.2,1.77
0508-OOLTO,CELL_234A,2024-12-01,2024-12-07,-98.3,7.8,5,76.2,2.22
0508-SQWPL,CELL_411A,2024-12-01,2024-12-07,-91.6,15.8,0,48.6,0.26
0511-JTEOY,CELL_101A,2024-12-01,2024-12-07,-98.3,10.2,3,82.0,2.94
0512-FLFDW,CELL_101A,2024-12-01,2024-12-07,-93.0,14.9,1,49.4,0.35
0513-RBGPE,CELL_245B,2024-12-01,2024-12-07,-110.1,3.3,13,87.0,3.97
0515-YPMCW,CELL_502B,2024-12-01,2024-12-07,-100.7,11.4,3,79.2,2.79
0516-OOHAR,CELL_134C,2024-12-01,2024-12-07,-98.0,7.8,3,84.3,2.68
0516-QREYC,CELL_301C,2024-12-01,2024-12-07,-104.6,2.3,11,86.0,3.84
0516-UXRMT,CELL_502B,2024-12-01,2024-12-07,-100.4,8.3,6,76.9,2.46
0516-VRYBW,CELL_889D,2024-12-01,2024-12-07,-87.8,15.6,1,36.8,0.54
0516-WJVXC,CELL_502B,2024-12-01,2024-12-07,-105.0,3.8,12,94.6,4.54
0519-DRGTI,CELL_112B,2024-12-01,2024-12-07,-100.9,8.2,3,81.2,2.49
0519-XUZJU,CELL_889D,2024-12-01,2024-12-07,-90.4,15.2,0,58.7,0.47
0520-FDVVT,CELL_778C,2024-12-01,2024-12-07,-94.0,13.1,0,59.1,0.57
0523-VNGTF,CELL_245B,2024-12-01,2024-12-07,-91.8,17.4,1,33.0,0.43
0524-IAVZO,CELL_112B,2024-12-01,2024-12-07,-92.3,16.8,1,32.5,0.36
0526-SXDJP,CELL_234A,2024-12-01,2024-12-07,-89.5,15.5,1,48.7,0.29
0529-ONKER,CELL_411A,2024-12-01,2024-12-07,-91.0,14.5,1,37.8,0.13
0530-IJVDB,CELL_101A,2024-12-01,2024-12-07,-90.1,16.1,0,59.1,0.5
0531-XBKMM,CELL_101A,2024-12-01,2024-12-07,-85.6,18.6,0,45.6,0.41
0531-ZZJWQ,CELL_101A,2024-12-01,2024-12-07,-99.1,6.2,3,75.6,2.15
0533-BNWKF,CELL_234A,2024-12-01,2024-12-07,-101.8,2.3,13,88.6,5.78
0533-UCAAU,CELL_234A,2024-12-01,2024-12-07,-90.1,19.1,0,49.4,0.24
0536-ACXIP,CELL_101A,2024-12-01,2024-12-07,-98.8,8.5,3,73.9,2.32
0536-BGFMZ,CELL_245B,2024-12-01,2024-12-07,-105.0,9.2,4,82.6,2.59
0536-ESJEP,CELL_234A,2024-12-01,2024-12-07,-88.0,17.3,0,39.6,0.48
0537-QYZZN,CELL_301C,2024-12-01,2024-12-07,-98.8,4.6,3,72.5,1.7
0541-FITGH,CELL_411A,2024-12-01,2024-12-07,-87.6,16.2,0,44.7,0.18
0547-HURJB,CELL_889D,2024-12-01,2024-12-07,-103.9,4.5,3,78.9,2.26
0549-CYCQN,CELL_502B,2024-12-01,2024-12-07,-106.3,1.4,12,86.2,4.73
0550-DCXLH,CELL_778C,2024-12-01,2024-12-07,-108.5,5.5,9,92.3,5.44
0556-FJEGU,CELL_112B,2024-12-01,2024-12-07,-88.4,15.7,1,33.0,0.3
0557-ASKVU,CELL_301C,2024-12-01,2024-12-07,-102.3,9.2,4,81.1,2.72
0559-CKHUS,CELL_301C,2024-12-01,2024-12-07,-85.4,16.9,1,53.5,0.38
0562-FGDCR,CELL_134C,2024-12-01,2024-12-07,-112.3,2.3,10,95.9,4.41
0562-HKHML,CELL_502B,2024-12-01,2024-12-07,-93.2,15.0,0,43.5,0.46
0562-KBDVM,CELL_889D,2024-12-01,2024-12-07,-99.1,9.9,3,79.9,1.5
0564-JJHGS,CELL_134C,2024-12-01,2024-12-07,-109.2,3.4,12,86.2,4.76
0564-MUUQK,CELL_112B,2024-12-01,2024-12-07,-83.4,14.4,1,33.1,0.21
0565-IYCGT,CELL_112B,2024-12-01,2024-12-07,-90.7,15.2,1,50.3,0.5
0565-JUPYD,CELL_234A,2024-12-01,2024-12-07,-87.7,13.9,0,49.1,0.17
0567-GGCAC,CELL_245B,2024-12-01,2024-12-07,-86.8,16.7,1,51.2,0.49
0567-XRHCU,CELL_301C,2024-12-01,2024-12-07,-98.3,16.6,1,33.7,0.47
0568-ONFPC,CELL_245B,2024-12-01,2024-12-07,-102.6,5.4,3,79.0,2.6
0570-BFQHT,CELL_502B,2024-12-01,2024-12-07,-104.1,11.7,6,77.4,1.77
0572-ZJKLT,CELL_234A,2024-12-01,2024-12-07,-87.4,16.8,1,47.6,0.19
0575-CUQOV,CELL_245B,2024-12-01,2024-12-07,-112.2,2.2,12,94.1,4.76
0576-WNXXC,CELL_301C,2024-12-01,2024-12-07,-93.3,9.5,5,74.5,2.91
0577-WHMEV,CELL_112B,2024-12-01,2024-12-07,-109.4,1.6,10,89.9,4.39
0578-SKVMF,CELL_411A,2024-12-01,2024-12-07,-98.1,13.4,1,44.5,0.17
0580-PIQHM,CELL_112B,2024-12-01,2024-12-07,-89.4,14.2,1,57.3,0.49
0581-BXBUB,CELL_245B,2024-12-01,2024-12-07,-91.4,14.3,0,52.5,0.43
0581-MDMPW,CELL_101A,2024-12-01,2024-12-07,-100.4,7.6,6,74.1,1.91
0582-AVCLN,CELL_134C,2024-12-01,2024-12-07,-93.2,11.1,0,53.3,0.13
0584-BJQGZ,CELL_301C,2024-12-01,2024-12-07,-91.6,15.0,1,48.6,0.38
0585-EGDDA,CELL_245B,2024-12-01,2024-12-07,-105.3,5.8,5,75.2,2.85
0587-DMGBH,CELL_134C,2024-12-01,2024-12-07,-99.7,9.0,5,75.9,2.74
0594-UFTUL,CELL_778C,2024-12-01,2024-12-07,-88.4,17.5,0,59.4,0.23
0595-ITUDF,CELL_112B,2024-12-01,2024-12-07,-93.3,16.1,1,40.1,0.25
0596-BQCEQ,CELL_112B,2024-12-01,2024-12-07,-91.8,18.3,0,55.5,0.38
0599-XNYDO,CELL_889D,2024-12-01,2024-12-07,-93.0,15.1,1,42.1,0.37
0601-WZHJF,CELL_245B,2024-12-01,2024-12-07,-107.3,6.1,9,86.1,4.37
0602-DDUML,CELL_301C,2024-12-01,2024-12-07,-93.8,14.9,1,49.9,0.21
0603-OLQDC,CELL_411A,2024-12-01,2024-12-07,-93.5,7.5,6,70.9,2.27
0603-TPMIB,CELL_411A,2024-12-01,2024-12-07,-90.5,17.7,1,53.8,0.35
0604-THJFP,CELL_245B,2024-12-01,2024-12-07,-96.6,7.3,4,75.0,2.64
0607-DAAHE,CELL_301C,2024-12-01,2024-12-07,-94.3,15.2,0,49.8,0.18
0607-MVMGC,CELL_234A,2024-12-01,2024-12-07,-103.3,4.6,8,85.4,3.2
0608-JDVEC,CELL_245B,2024-12-01,2024-12-07,-105.4,3.9,8,90.1,5.4
0611-DFXKO,CELL_112B,2024-12-01,2024-12-07,-92.4,10.7,0,41.4,0.49
0612-RTZZA,CELL_778C,2024-12-01,2024-12-07,-95.5,15.4,1,52.7,0.24
0613-WUXUM,CELL_411A,2024-12-01,2024-12-07,-104.9,1.9,14,96.9,4.6
0616-ATFGB,CELL_889D,2024-12-01,2024-12-07,-106.5,2.7,11,87.2,4.84
0617-AQNWT,CELL_778C,2024-12-01,2024-12-07,-87.6,14.5,0,59.5,0.17
0617-FHSGK,CELL_301C,2024-12-01,2024-12-07,-102.2,7.0,3,81.0,2.73
0618-XWMSS,CELL_245B,2024-12-01,2024-12-07,-96.0,6.7,4,71.3,2.82
0619-OLYUR,CELL_112B,2024-12-01,2024-12-07,-89.9,17.8,1,59.7,0.34
0620-DLSLK,CELL_778C,2024-12-01,2024-12-07,-106.9,3.1,9,87.2,5.65
0620-XEFWH,CELL_778C,2024-12-01,2024-12-07,-93.6,14.5,0,50.6,0.15
0621-CXBKL,CELL_101A,2024-12-01,2024-12-07,-91.6,12.5,0,35.6,0.53
0621-HJWXJ,CELL_101A,2024-12-01,2024-12-07,-99.3,10.6,5,81.4,2.98
0621-JFHOL,CELL_301C,2024-12-01,2024-12-07,-98.9,9.5,3,75.4,2.24
0621-TSSMU,CELL_101A,2024-12-01,2024-12-07,-91.5,17.0,1,37.3,0.16
0621-TWIEM,CELL_889D,2024-12-01,2024-12-07,-89.3,14.1,0,34.3,0.27
0623-EJQEG,CELL_778C,2024-12-01,2024-12-07,-85.2,14.4,0,43.1,0.39
0623-GDISB,CELL_101A,2024-12-01,2024-12-07,-87.6,16.2,1,59.4,0.42
0623-IIHUG,CELL_502B,2024-12-01,2024-12-07,-88.9,13.4,1,39.4,0.1
0625-AFOHS,CELL_234A,2024-12-01,2024-12-07,-103.7,9.0,6,73.4,2.76
0626-QXNGV,CELL_245B,2024-12-01,2024-12-07,-96.5,5.3,6,83.0,1.82
0628-CNQRM,CELL_112B,2024-12-01,2024-12-07,-102.4,7.6,3,74.6,2.48
0634-SZPQA,CELL_778C,2024-12-01,2024-12-07,-87.8,16.3,0,57.0,0.43
0635-WKOLD,CELL_502B,2024-12-01,2024-12-07,-101.5,5.7,4,76.9,2.8
0637-KVDLV,CELL_245B,2024-12-01,2024-12-07,-96.5,16.7,1,54.1,0.34
0637-UBJRP,CELL_134C,2024-12-01,2024-12-07,-100.2,7.4,4,83.8,1.92
0637-YLETY,CELL_411A,2024-12-01,2024-12-07,-91.3,16.5,0,54.8,0.45
0639-TSIQW,CELL_134C,2024-12-01,2024-12-07,-96.0,12.1,6,82.4,1.92
0640-YJTPY,CELL_112B,2024-12-01,2024-12-07,-98.5,11.7,6,73.9,1.57
0641-EVBOJ,CELL_112B,2024-12-01,2024-12-07,-95.1,16.1,1,48.0,0.25
0643-OKLRP,CELL_502B,2024-12-01,2024-12-07,-104.8,2.7,11,85.8,5.63
0644-OQMDK,CELL_112B,2024-12-01,2024-12-07,-91.1,16.6,1,56.8,0.19
0650-BWOZN,CELL_112B,2024-12-01,2024-12-07,-108.3,3.7,8,88.7,4.29
0654-HMSHN,CELL_502B,2024-12-01,2024-12-07,-87.4,13.6,0,45.6,0.13
0654-PQKDW,CELL_502B,2024-12-01,2024-12-07,-89.0,17.3,0,52.1,0.36
0655-RBDUG,CELL_889D,2024-12-01,2024-12-07,-93.4,14.8,0,56.8,0.32
0655-YDGFJ,CELL_502B,2024-12-01,2024-12-07,-93.6,10.6,6,81.8,2.46
0657-DOGUM,CELL_245B,2024-12-01,2024-12-07,-103.2,8.8,6,75.8,2.23
0661-KBKPA,CELL_889D,2024-12-01,2024-12-07,-98.3,8.3,4,77.1,2.98
0661-KQHNK,CELL_502B,2024-12-01,2024-12-07,-91.9,11.9,1,37.6,0.28
0661-WCQNQ,CELL_411A,2024-12-01,2024-12-07,-91.8,14.9,1,37.2,0.33
0661-XEYAN,CELL_245B,2024-12-01,2024-12-07,-94.2,9.8,0,35.9,0.41
0665-XHDJU,CELL_134C,2024-12-01,2024-12-07,-92.7,13.7,0,46.1,0.53
0666-UXTJO,CELL_101A,2024-12-01,2024-12-07,-91.5,16.6,0,54.1,0.39
0667-NSRGI,CELL_245B,2024-12-01,2024-12-07,-95.6,15.2,1,38.3,0.51
0668-OGMHD,CELL_112B,2024-12-01,2024-12-07,-87.5,13.8,0,40.4,0.35
0670-ANMUU,CELL_411A,2024-12-01,2024-12-07,-90.1,17.2,0,31.3,0.33
0670-KDOMA,CELL_112B,2024-12-01,2024-12-07,-85.6,13.6,1,57.2,0.46
0673-IGUQO,CELL_112B,2024-12-01,2024-12-07,-94.7,16.8,0,51.6,0.58
0674-DGMAQ,CELL_778C,2024-12-01,2024-12-07,-97.2,8.8,4,70.8,1.89
0674-EYYZV,CELL_101A,2024-12-01,2024-12-07,-107.6,3.1,9,88.3,5.0
0674-GCDXG,CELL_112B,2024-12-01,2024-12-07,-88.2,17.2,0,33.6,0.31
0675-NCDYU,CELL_301C,2024-12-01,2024-12-07,-100.5,8.2,4,74.8,2.62
0678-RLHVP,CELL_778C,2024-12-01,2024-12-07,-84.7,12.9,1,40.9,0.4
0679-IDSTG,CELL_234A,2024-12-01,2024-12-07,-89.4,16.5,1,35.2,0.42
0679-TDGAK,CELL_134C,2024-12-01,2024-12-07,-99.2,11.4,5,78.0,1.71
0680-DFNNY,CELL_112B,2024-12-01,2024-12-07,-108.1,3.7,10,90.8,3.25
0682-USIXD,CELL_112B,2024-12-01,2024-12-07,-87.6,14.6,1,46.8,0.27
0684-AOSIH,CELL_301C,2024-12-01,2024-12-07,-96.6,10.6,6,75.8,2.78
0685-MLYYM,CELL_245B,2024-12-01,2024-12-07,-103.0,7.7,3,74.6,2.68
0687-ZVTHB,CELL_101A,2024-12-01,2024-12-07,-85.8,14.5,0,43.5,0.39
0689-DSXGL,CELL_301C,2024-12-01,2024-12-07,-91.1,15.5,0,47.5,0.29
0689-NKYLF,CELL_502B,2024-12-01,2024-12-07,-93.7,9.6,3,77.9,2.27
0690-SRQID,CELL_234A,2024-12-01,2024-12-07,-88.7,12.9,0,56.7,0.27
0691-IFBQW,CELL_134C,2024-12-01,2024-12-07,-86.1,17.8,0,41.6,0.5
0691-JVSYA,CELL_134C,2024-12-01,2024-12-07,-103.5,8.4,6,79.1,2.05
0691-NIKRI,CELL_411A,2024-12-01,2024-12-07,-84.3,14.1,0,59.2,0.21
0696-UKTOX,CELL_112B,2024-12-01,2024-12-07,-89.9,15.8,0,41.5,0.12
0697-ZMSWS,CELL_112B,2024-12-01,2024-12-07,-90.3,14.3,1,41.9,0.26
0699-NDKJM,CELL_112B,2024-12-01,2024-12-07,-90.1,12.6,1,57.0,0.16
0701-RFGFI,CELL_234A,2024-12-01,2024-12-07,-90.3,15.5,0,43.3,0.6
0701-TJSEF,CELL_889D,2024-12-01,2024-12-07,-92.6,15.2,0,58.8,0.29
0702-PGIBZ,CELL_301C,2024-12-01,2024-12-07,-94.7,12.7,1,59.4,0.34
0704-VCUMB,CELL_234A,2024-12-01,2024-12-07,-93.8,15.2,0,55.0,0.32
0707-HOVVN,CELL_411A,2024-12-01,2024-12-07,-111.2,2.7,10,87.3,4.52
0708-LGSMF,CELL_889D,2024-12-01,2024-12-07,-93.3,16.5,0,46.7,0.27
0708-SJDIS,CELL_101A,2024-12-01,2024-12-07,-111.2,4.4,10,87.0,5.45
0709-TVGUR,CELL_245B,2024-12-01,2024-12-07,-88.1,13.7,0,56.4,0.41
0716-BQNDX,CELL_245B,2024-12-01,2024-12-07,-84.1,17.3,0,51.9,0.17
0719-SYFRB,CELL_411A,2024-12-01,2024-12-07,-88.6,16.5,1,36.8,0.58
0722-SVSFK,CELL_112B,2024-12-01,2024-12-07,-89.2,15.9,0,43.8,0.12
0722-TROQR,CELL_889D,2024-12-01,2024-12-07,-89.0,18.3,0,53.8,0.24
0723-DRCLG,CELL_101A,2024-12-01,2024-12-07,-100.5,5.7,6,71.4,2.63
0723-FDLAY,CELL_502B,2024-12-01,2024-12-07,-95.8,14.8,1,38.6,0.2
0723-VSOBE,CELL_112B,2024-12-01,2024-12-07,-109.8,6.1,10,96.9,4.09
0725-CXOTM,CELL_134C,2024-12-01,2024-12-07,-106.4,4.5,10,90.3,5.48
0727-BMPLR,CELL_245B,2024-12-01,2024-12-07,-88.8,18.0,0,44.3,0.6
0727-BNRLG,CELL_889D,2024-12-01,2024-12-07,-94.2,16.9,1,31.9,0.54
0727-IWKVK,CELL_502B,2024-12-01,2024-12-07,-88.2,9.1,1,36.6,0.47
0730-BGQGF,CELL_245B,2024-12-01,2024-12-07,-83.3,15.9,0,40.8,0.5
0730-KOAVE,CELL_234A,2024-12-01,2024-12-07,-92.7,13.6,0,53.8,0.6
0731-EBJQB,CELL_112B,2024-12-01,2024-12-07,-90.4,14.3,0,52.2,0.17
0732-OCQOC,CELL_411A,2024-12-01,2024-12-07,-96.8,9.5,6,82.1,2.83
0733-VUNUW,CELL_234A,2024-12-01,2024-12-07,-91.9,15.6,0,44.6,0.14
0734-OXWBT,CELL_245B,2024-12-01,2024-12-07,-112.9,1.6,13,89.0,4.65
0739-UUAJR,CELL_502B,2024-12-01,2024-12-07,-104.7,6.8,9,85.1,3.3
0742-LAFQK,CELL_411A,2024-12-01,2024-12-07,-88.8,16.6,0,45.0,0.5
0742-MOABM,CELL_411A,2024-12-01,2024-12-07,-90.5,15.2,1,51.3,0.43
0742-NXBGR,CELL_778C,2024-12-01,2024-12-07,-88.7,14.3,0,54.1,0.56
0743-HNPFG,CELL_411A,2024-12-01,2024-12-07,-87.5,14.6,0,47.5,0.52
0743-HRVFF,CELL_778C,2024-12-01,2024-12-07,-94.4,15.5,0,48.1,0.28
0744-BIKKF,CELL_889D,2024-12-01,2024-12-07,-103.4,8.7,3,80.8,2.8
0744-GKNGE,CELL_101A,2024-12-01,2024-12-07,-86.1,14.6,1,32.2,0.44
0746-JTRFU,CELL_112B,2024-12-01,2024-12-07,-87.6,13.1,1,39.1,0.24
0748-RDGGM,CELL_411A,2024-12-01,2024-12-07,-93.0,15.3,0,53.3,0.24
0749-IRGQE,CELL_301C,2024-12-01,2024-12-07,-95.5,14.9,1,54.7,0.46
0750-EBAIU,CELL_502B,2024-12-01,2024-12-07,-92.0,11.9,0,30.0,0.36
0750-EKNGL,CELL_411A,2024-12-01,2024-12-07,-91.0,15.3,1,44.0,0.27
0754-EEBDC,CELL_301C,2024-12-01,2024-12-07,-107.4,2.4,9,89.1,5.37
0754-UKWQP,CELL_101A,2024-12-01,2024-12-07,-90.5,16.9,0,41.3,0.57
0756-MPZRL,CELL_134C,2024-12-01,2024-12-07,-110.2,4.5,14,91.4,4.16
0757-WCUUZ,CELL_234A,2024-12-01,2024-12-07,-94.3,9.9,4,72.1,1.88
0761-AETCS,CELL_301C,2024-12-01,2024-12-07,-90.5,15.4,1,52.8,0.58
0769-MURVM,CELL_778C,2024-12-01,2024-12-07,-111.2,5.6,12,91.2,4.9
0771-CHWSK,CELL_112B,2024-12-01,2024-12-07,-115.3,4.0,8,91.2,3.33
0771-WLCLA,CELL_502B,2024-12-01,2024-12-07,-94.9,9.3,3,70.8,2.65
0772-GYEQQ,CELL_245B,2024-12-01,2024-12-07,-95.1,7.4,5,80.8,2.06
0774-IFUVM,CELL_301C,2024-12-01,2024-12-07,-88.8,16.3,1,36.5,0.44
0774-RMNUW,CELL_411A,2024-12-01,2024-12-07,-106.2,9.6,6,84.0,1.69
0778-NELLA,CELL_234A,2024-12-01,2024-12-07,-89.6,14.3,1,36.0,0.55
0780-XNZFN,CELL_889D,2024-12-01,2024-12-07,-103.5,5.2,3,82.3,2.67
0781-LKXBR,CELL_889D,2024-12-01,2024-12-07,-92.8,15.2,1,30.4,0.29
0784-GTUUK,CELL_134C,2024-12-01,2024-12-07,-90.7,13.0,0,52.1,0.27
0784-ZQJZX,CELL_234A,2024-12-01,2024-12-07,-101.0,8.9,3,77.0,2.95
0786-IVLAW,CELL_245B,2024-12-01,2024-12-07,-91.9,8.4,6,76.8,1.9
0786-VSSUD,CELL_101A,2024-12-01,2024-12-07,-91.3,14.3,1,33.8,0.11
0787-LHDYT,CELL_245B,2024-12-01,2024-12-07,-88.0,16.2,1,35.5,0.32
0788-DXBFY,CELL_245B,2024-12-01,2024-12-07,-111.6,2.1,14,91.7,4.04
0793-TWELN,CELL_234A,2024-12-01,2024-12-07,-87.0,12.3,0,56.4,0.44
0794-YVSGE,CELL_101A,2024-12-01,2024-12-07,-86.2,15.4,0,53.4,0.33
0795-GMVQO,CELL_112B,2024-12-01,2024-12-07,-94.8,13.3,0,51.3,0.57
0795-LAFGP,CELL_411A,2024-12-01,2024-12-07,-109.9,7.6,11,91.2,3.17
0795-XCCTE,CELL_101A,2024-12-01,2024-12-07,-88.4,15.1,1,53.3,0.2
0799-DDIHE,CELL_778C,2024-12-01,2024-12-07,-87.7,17.9,0,48.7,0.49
0804-XBFBV,CELL_234A,2024-12-01,2024-12-07,-104.4,8.5,3,77.9,2.86
0804-YGEQV,CELL_778C,2024-12-01,2024-12-07,-88.7,12.9,0,40.4,0.56
0807-ZABDG,CELL_234A,2024-12-01,2024-12-07,-108.8,1.2,14,85.8,5.07
0810-BDHAW,CELL_778C,2024-12-01,2024-12-07,-88.7,15.4,1,48.9,0.32
0810-DHDBD,CELL_112B,2024-12-01,2024-12-07,-94.8,15.4,0,58.5,0.58
0811-GSDTP,CELL_502B,2024-12-01,2024-12-07,-88.0,15.4,1,43.8,0.37
0812-WUPTB,CELL_778C,2024-12-01,2024-12-07,-91.7,14.8,1,55.9,0.34
0813-TAXXS,CELL_778C,2024-12-01,2024-12-07,-89.1,16.4,0,59.4,0.5
0815-MFZGM,CELL_411A,2024-12-01,2024-12-07,-91.3,16.2,1,33.3,0.42
0816-TSPHQ,CELL_245B,2024-12-01,2024-12-07,-110.4,7.9,5,84.7,2.35
0817-HSUSE,CELL_234A,2024-12-01,2024-12-07,-109.3,1.6,10,87.3,3.64
0818-OCPZO,CELL_778C,2024-12-01,2024-12-07,-88.4,16.5,0,58.3,0.58
0820-FNRNX,CELL_245B,2024-12-01,2024-12-07,-88.7,15.0,0,41.8,0.53
0822-GAVAP,CELL_301C,2024-12-01,2024-12-07,-92.2,17.1,1,49.2,0.43
0822-QGCXA,CELL_889D,2024-12-01,2024-12-07,-99.1,5.6,4,82.8,2.4
0823-HSCDJ,CELL_889D,2024-12-01,2024-12-07,-88.6,16.1,1,57.8,0.21
0824-VWDPO,CELL_134C,2024-12-01,2024-12-07,-93.8,16.2,1,35.3,0.36
0825-CPPQH,CELL_234A,2024-12-01,2024-12-07,-102.4,9.5,5,70.4,2.22
0827-ITJPH,CELL_889D,2024-12-01,2024-12-07,-103.2,8.7,3,72.3,2.99
0829-DDVLK,CELL_112B,2024-12-01,2024-12-07,-90.0,16.2,0,52.8,0.29
0829-XXPLX,CELL_778C,2024-12-01,2024-12-07,-85.7,13.8,0,31.7,0.32
0831-JNISG,CELL_502B,2024-12-01,2024-12-07,-87.7,12.1,0,37.5,0.38
0835-DUUIQ,CELL_101A,2024-12-01,2024-12-07,-85.9,12.5,1,57.1,0.54
0835-JKADZ,CELL_101A,2024-12-01,2024-12-07,-106.5,5.0,12,85.5,3.53
0836-SEYLU,CELL_112B,2024-12-01,2024-12-07,-91.2,16.4,0,42.9,0.46
0839-JTCUD,CELL_502B,2024-12-01,2024-12-07,-113.8,6.5,11,94.9,3.85
0839-QNXME,CELL_112B,2024-12-01,2024-12-07,-87.7,14.4,0,55.4,0.3
0840-DCNZE,CELL_778C,2024-12-01,2024-12-07,-88.0,16.1,1,44.9,0.2
0840-DFEZH,CELL_134C,2024-12-01,2024-12-07,-93.8,15.7,0,47.8,0.12
0841-NULXI,CELL_234A,2024-12-01,2024-12-07,-94.1,17.8,1,58.2,0.35
0842-IWYCP,CELL_234A,2024-12-01,2024-12-07,-86.2,14.3,1,31.4,0.46
0843-WTBXE,CELL_411A,2024-12-01,2024-12-07,-92.0,17.4,1,34.5,0.54
0847-HGRML,CELL_889D,2024-12-01,2024-12-07,-107.1,8.6,5,84.0,2.09
0848-SOMKO,CELL_301C,2024-12-01,2024-12-07,-93.3,12.9,3,76.2,2.28
0848-ZGQIJ,CELL_889D,2024-12-01,2024-12-07,-102.9,6.0,3,76.6,2.82
0851-DFJKB,CELL_889D,2024-12-01,2024-12-07,-86.7,13.2,1,52.3,0.52
0853-NWIFK,CELL_301C,2024-12-01,2024-12-07,-95.2,13.6,1,54.5,0.23
0853-TWRVK,CELL_245B,2024-12-01,2024-12-07,-102.5,7.2,6,83.5,2.71
0854-UYHZD,CELL_245B,2024-12-01,2024-12-07,-85.6,11.6,0,41.4,0.31
0856-NAOES,CELL_889D,2024-12-01,2024-12-07,-89.6,11.5,0,58.6,0.12
0859-YGKFW,CELL_502B,2024-12-01,2024-12-07,-106.0,1.7,11,93.2,3.39
0862-PRCBS,CELL_889D,2024-12-01,2024-12-07,-85.6,15.6,0,45.3,0.28
0864-FVJNJ,CELL_301C,2024-12-01,2024-12-07,-86.8,17.0,0,54.1,0.16
0866-QLSIR,CELL_101A,2024-12-01,2024-12-07,-90.6,14.9,0,35.9,0.27
0867-LDTTC,CELL_889D,2024-12-01,2024-12-07,-88.7,16.6,1,50.1,0.32
0867-MKZVY,CELL_112B,2024-12-01,2024-12-07,-107.5,9.0,4,72.4,2.68
0868-VJRDR,CELL_411A,2024-12-01,2024-12-07,-102.8,10.9,5,81.7,1.69
0869-PAPRP,CELL_301C,2024-12-01,2024-12-07,-88.5,17.5,1,43.1,0.22
0870-VEMYL,CELL_502B,2024-12-01,2024-12-07,-87.3,16.2,0,46.0,0.37
0871-OPBXW,CELL_101A,2024-12-01,2024-12-07,-113.3,3.0,13,86.5,5.88
0871-URUWO,CELL_889D,2024-12-01,2024-12-07,-88.7,14.4,0,34.7,0.25
0872-CASZJ,CELL_889D,2024-12-01,2024-12-07,-87.9,14.2,0,45.0,0.14
0872-JCPIB,CELL_411A,2024-12-01,2024-12-07,-88.7,14.6,1,55.0,0.55
0872-NXJYS,CELL_502B,2024-12-01,2024-12-07,-107.8,3.0,13,90.1,3.57
0875-CABNR,CELL_502B,2024-12-01,2024-12-07,-88.0,14.7,0,52.0,0.3
0876-WDUUZ,CELL_411A,2024-12-01,2024-12-07,-91.6,11.6,0,50.3,0.14
0877-SDMBN,CELL_502B,2024-12-01,2024-12-07,-102.0,5.5,3,79.6,2.51
0880-FVFWF,CELL_301C,2024-12-01,2024-12-07,-93.6,16.0,0,53.6,0.4
0880-TKATG,CELL_301C,2024-12-01,2024-12-07,-90.1,14.5,1,35.4,0.59
0883-EIBTI,CELL_101A,2024-12-01,2024-12-07,-90.7,13.2,0,35.7,0.39
0885-HMGPY,CELL_245B,2024-12-01,2024-12-07,-89.7,12.1,0,37.9,0.2
0886-QGENL,CELL_134C,2024-12-01,2024-12-07,-107.0,7.7,6,78.2,2.53
0887-HJGAR,CELL_112B,2024-12-01,2024-12-07,-98.9,5.9,5,71.1,2.93
0887-WBJVH,CELL_411A,2024-12-01,2024-12-07,-91.6,14.5,1,43.7,0.15
0895-DQHEW,CELL_889D,2024-12-01,2024-12-07,-83.9,16.5,1,59.0,0.23
0895-LMRSF,CELL_411A,2024-12-01,2024-12-07,-86.4,17.0,1,47.5,0.36
0895-LNKRC,CELL_889D,2024-12-01,2024-12-07,-83.5,13.0,0,52.1,0.54
0895-UADGO,CELL_134C,2024-12-01,2024-12-07,-98.4,5.3,4,75.6,1.58
0897-FEGMU,CELL_134C,2024-12-01,2024-12-07,-112.1,6.3,14,88.3,4.35
0898-XCGTF,CELL_112B,2024-12-01,2024-12-07,-108.3,4.7,12,93.0,5.22
0899-LIIBW,CELL_778C,2024-12-01,2024-12-07,-106.1,2.3,9,85.1,4.3
0899-WZRSD,CELL_112B,2024-12-01,2024-12-07,-89.3,14.3,0,54.2,0.53
0902-RFHOF,CELL_411A,2024-12-01,2024-12-07,-107.8,6.0,10,85.1,4.77
0902-XKXPN,CELL_101A,2024-12-01,2024-12-07,-93.7,10.6,4,80.5,1.81
0906-QVPMS,CELL_778C,2024-12-01,2024-12-07,-86.8,16.0,0,52.2,0.11
0907-HQNTS,CELL_134C,2024-12-01,2024-12-07,-110.4,3.0,12,86.0,5.73
0909-SDHNU,CELL_245B,2024-12-01,2024-12-07,-92.9,11.2,1,48.2,0.44
0909-SELIE,CELL_502B,2024-12-01,2024-12-07,-88.8,15.9,0,44.8,0.24
0913-XWSCN,CELL_101A,2024-12-01,2024-12-07,-91.4,17.7,1,52.3,0.47
0916-KNFAJ,CELL_134C,2024-12-01,2024-12-07,-92.3,15.1,1,42.8,0.2
0916-QOFDP,CELL_778C,2024-12-01,2024-12-07,-102.4,10.1,6,75.5,2.84
0917-EZOLA,CELL_778C,2024-12-01,2024-12-07,-86.7,16.3,0,42.3,0.54
0921-OHLVP,CELL_502B,2024-12-01,2024-12-07,-95.8,8.9,6,76.6,2.47
0923-PNFUB,CELL_889D,2024-12-01,2024-12-07,-91.6,16.7,0,48.0,0.2
0924-BJCRC,CELL_889D,2024-12-01,2024-12-07,-95.0,18.3,0,44.7,0.56
0925-VYDLG,CELL_411A,2024-12-01,2024-12-07,-89.2,14.2,1,30.3,0.3
0927-CNGRH,CELL_301C,2024-12-01,2024-12-07,-85.5,15.2,1,49.9,0.54
0927-LCSMG,CELL_101A,2024-12-01,2024-12-07,-97.7,9.9,5,82.1,1.51
0928-JMXNP,CELL_112B,2024-12-01,2024-12-07,-90.3,16.6,1,46.1,0.28
0928-XUTSN,CELL_778C,2024-12-01,2024-12-07,-104.9,3.3,8,95.8,3.65
0929-HYQEW,CELL_101A,2024-12-01,2024-12-07,-88.3,16.2,1,40.6,0.35
0929-PECLO,CELL_889D,2024-12-01,2024-12-07,-90.7,13.3,0,54.9,0.27
0930-EHUZA,CELL_778C,2024-12-01,2024-12-07,-85.7,15.2,0,55.1,0.53
0931-MHTEM,CELL_112B,2024-12-01,2024-12-07,-109.2,6.4,13,88.8,4.38
0932-YIXYU,CELL_134C,2024-12-01,2024-12-07,-85.2,13.7,1,36.9,0.16
0936-NQLJU,CELL_101A,2024-12-01,2024-12-07,-87.1,16.8,1,38.9,0.37
0939-EREMR,CELL_889D,2024-12-01,2024-12-07,-93.0,11.4,1,56.7,0.22
0939-YAPAF,CELL_101A,2024-12-01,2024-12-07,-92.3,14.4,1,33.6,0.21
0940-OUQEC,CELL_889D,2024-12-01,2024-12-07,-92.7,14.0,0,41.7,0.22
0942-KOWSM,CELL_101A,2024-12-01,2024-12-07,-95.9,12.2,5,81.3,2.81
0943-ZQPXH,CELL_112B,2024-12-01,2024-12-07,-92.5,18.4,1,35.2,0.35
0945-TSONX,CELL_301C,2024-12-01,2024-12-07,-87.0,14.5,1,30.7,0.57
0946-CLJTI,CELL_134C,2024-12-01,2024-12-07,-90.1,18.9,0,40.1,0.17
0946-FKYTX,CELL_112B,2024-12-01,2024-12-07,-93.0,16.3,0,52.9,0.44
0947-IDHRQ,CELL_245B,2024-12-01,2024-12-07,-106.4,6.0,10,85.9,4.42
0947-MUGVO,CELL_889D,2024-12-01,2024-12-07,-91.9,9.9,6,80.7,2.82
0952-KMEEH,CELL_245B,2024-12-01,2024-12-07,-87.3,17.1,1,55.1,0.51
0953-LGOVU,CELL_778C,2024-12-01,2024-12-07,-90.2,17.4,0,38.6,0.37
0956-ACVZC,CELL_502B,2024-12-01,2024-12-07,-86.0,15.1,0,56.5,0.33
0956-SYCWG,CELL_778C,2024-12-01,2024-12-07,-100.7,6.6,6,70.2,1.92
0958-YHXGP,CELL_778C,2024-12-01,2024-12-07,-94.0,14.8,1,59.0,0.13
0959-WHOKV,CELL_101A,2024-12-01,2024-12-07,-102.4,8.4,4,77.7,2.98
0960-HUWBM,CELL_889D,2024-12-01,2024-12-07,-108.2,3.1,10,89.6,4.12
0961-ZWLVI,CELL_411A,2024-12-01,2024-12-07,-90.6,13.8,0,41.1,0.12
0962-CQPWQ,CELL_134C,2024-12-01,2024-12-07,-88.3,14.6,1,36.5,0.43
0963-ZBDRN,CELL_301C,2024-12-01,2024-12-07,-100.8,8.0,6,71.4,1.66
0967-BMLBD,CELL_411A,2024-12-01,2024-12-07,-89.7,13.8,0,47.5,0.49
0968-GSIKN,CELL_778C,2024-12-01,2024-12-07,-87.7,16.2,1,52.8,0.11
0969-RGKCU,CELL_134C,2024-12-01,2024-12-07,-88.0,13.2,0,35.1,0.2
0970-ETWGE,CELL_245B,2024-12-01,2024-12-07,-89.1,15.9,0,37.7,0.4
0970-QXPXW,CELL_778C,2024-12-01,2024-12-07,-85.6,14.3,1,47.4,0.42
0971-QIFJK,CELL_502B,2024-12-01,2024-12-07,-90.3,12.6,0,51.4,0.29
0973-KYVNF,CELL_245B,2024-12-01,2024-12-07,-93.8,15.7,0,36.4,0.31
0975-UYDTX,CELL_245B,2024-12-01,2024-12-07,-90.0,16.8,0,46.7,0.39
0975-VOOVL,CELL_889D,2024-12-01,2024-12-07,-90.5,12.8,0,49.8,0.5
0979-MOZQI,CELL_101A,2024-12-01,2024-12-07,-87.2,12.8,0,49.1,0.47
0979-PHULV,CELL_889D,2024-12-01,2024-12-07,-89.5,11.9,1,35.7,0.45
0980-FEXWF,CELL_502B,2024-12-01,2024-12-07,-88.6,12.3,1,31.9,0.49
0980-PVMRC,CELL_778C,2024-12-01,2024-12-07,-100.6,10.6,5,72.8,1.63
0983-TATYJ,CELL_101A,2024-12-01,2024-12-07,-110.8,6.2,11,87.8,4.39
0988-AADSA,CELL_778C,2024-12-01,2024-12-07,-91.7,11.9,1,37.3,0.38
0988-JRWWP,CELL_101A,2024-12-01,2024-12-07,-107.7,3.6,13,90.6,3.6
0991-BRRFB,CELL_889D,2024-12-01,2024-12-07,-102.8,4.2,14,98.0,5.48
0993-OSGPT,CELL_301C,2024-12-01,2024-12-07,-91.4,16.3,1,51.2,0.58
0997-YTLNY,CELL_411A,2024-12-01,2024-12-07,-82.7,12.6,1,42.3,0.17
0999-QXNSA,CELL_502B,2024-12-01,2024-12-07,-90.1,14.7,0,42.2,0.11
1000-AJSLD,CELL_411A,2024-12-01,2024-12-07,-90.7,13.9,1,30.4,0.48
1004-NOZNR,CELL_502B,2024-12-01,2024-12-07,-86.0,16.3,1,34.0,0.36
1009-IRMNA,CELL_301C,2024-12-01,2024-12-07,-107.0,4.9,5,78.7,2.99
1010-DIAUQ,CELL_245B,2024-12-01,2024-12-07,-101.4,11.1,4,72.1,2.37
1013-QCWAM,CELL_112B,2024-12-01,2024-12-07,-86.8,15.4,0,57.9,0.27
1015-JPFYW,CELL_411A,2024-12-01,2024-12-07,-94.4,15.3,0,43.3,0.35
1015-OWJKI,CELL_245B,2024-12-01,2024-12-07,-90.4,17.2,1,47.8,0.13
1016-DJTSV,CELL_411A,2024-12-01,2024-12-07,-84.1,14.0,0,55.9,0.16
1017-FBQMM,CELL_112B,2024-12-01,2024-12-07,-89.4,16.3,0,50.7,0.45
1020-JPQOW,CELL_112B,2024-12-01,2024-12-07,-111.9,5.3,10,94.7,5.43
1022-RKXDR,CELL_889D,2024-12-01,2024-12-07,-112.0,3.4,13,90.9,5.0
1023-BQXZE,CELL_778C,2024-12-01,2024-12-07,-101.3,8.7,6,80.3,1.54
1024-GUALD,CELL_411A,2024-12-01,2024-12-07,-90.5,12.5,1,54.1,0.58
1024-KPRBB,CELL_301C,2024-12-01,2024-12-07,-110.9,8.6,13,96.5,4.75
1024-VRZHF,CELL_112B,2024-12-01,2024-12-07,-98.2,10.1,4,78.7,2.39
1025-FALIX,CELL_112B,2024-12-01,2024-12-07,-91.4,14.7,1,32.0,0.22
1027-LKKQQ,CELL_134C,2024-12-01,2024-12-07,-89.4,16.5,0,56.5,0.43
1028-FFNJK,CELL_411A,2024-12-01,2024-12-07,-106.7,3.5,14,93.9,4.13
1029-QFBEN,CELL_502B,2024-12-01,2024-12-07,-99.0,8.4,3,85.0,1.55
1031-IIDEO,CELL_134C,2024-12-01,2024-12-07,-89.2,16.6,0,48.6,0.57
1032-MAELW,CELL_502B,2024-12-01,2024-12-07,-101.8,8.7,6,71.0,2.96
1035-IPQPU,CELL_101A,2024-12-01,2024-12-07,-98.6,8.6,4,74.6,2.33
1036-GUDCL,CELL_411A,2024-12-01,2024-12-07,-91.2,17.7,1,36.9,0.33
1038-RQOST,CELL_245B,2024-12-01,2024-12-07,-91.5,14.4,1,43.2,0.36
1038-ZAGBI,CELL_245B,2024-12-01,2024-12-07,-91.2,14.0,1,39.0,0.22
1041-RXHRA,CELL_502B,2024-12-01,2024-12-07,-91.1,13.8,0,40.6,0.25
1042-HFUCW,CELL_889D,2024-12-01,2024-12-07,-99.2,8.6,4,83.0,1.73
1043-UXOVO,CELL_889D,2024-12-01,2024-12-07,-100.1,6.3,5,80.6,2.43
1043-YCUTE,CELL_889D,2024-12-01,2024-12-07,-90.2,12.6,1,45.2,0.17
1045-LTCYT,CELL_112B,2024-12-01,2024-12-07,-112.3,5.2,13,96.4,4.33
1047-NNCBF,CELL_301C,2024-12-01,2024-12-07,-100.2,8.4,5,70.9,2.13
1047-RNXZV,CELL_112B,2024-12-01,2024-12-07,-84.8,14.4,1,46.4,0.6
1049-FYSYG,CELL_245B,2024-12-01,2024-12-07,-104.3,9.2,5,78.1,2.76
1051-EQPZR,CELL_502B,2024-12-01,2024-12-07,-93.6,14.0,1,44.1,0.43
1051-GEJLJ,CELL_234A,2024-12-01,2024-12-07,-92.6,9.2,6,75.4,2.79
1052-QJIBV,CELL_101A,2024-12-01,2024-12-07,-95.1,13.2,1,42.5,0.36
1053-MXTTK,CELL_245B,2024-12-01,2024-12-07,-89.9,17.7,0,47.4,0.34
1057-FOGLZ,CELL_778C,2024-12-01,2024-12-07,-93.7,16.3,0,58.0,0.47
1060-ENTOF,CELL_134C,2024-12-01,2024-12-07,-92.0,14.2,1,35.6,0.24
1061-PNTHC,CELL_101A,2024-12-01,2024-12-07,-91.8,13.9,1,57.1,0.4
1062-LHZOD,CELL_411A,2024-12-01,2024-12-07,-85.3,19.1,1,34.3,0.29
1063-DHQJF,CELL_502B,2024-12-01,2024-12-07,-102.1,10.4,5,75.1,2.59
1064-FBXNK,CELL_411A,2024-12-01,2024-12-07,-95.6,16.7,1,50.2,0.21
1066-JKSGK,CELL_778C,2024-12-01,2024-12-07,-88.8,14.4,0,47.7,0.48
1069-QJOEE,CELL_112B,2024-12-01,2024-12-07,-86.0,18.3,0,48.8,0.48
1069-XAIEM,CELL_301C,2024-12-01,2024-12-07,-90.4,12.6,0,36.0,0.25
1073-XXCZD,CELL_411A,2024-12-01,2024-12-07,-107.6,4.9,10,88.1,5.73
1074-AMIOH,CELL_112B,2024-12-01,2024-12-07,-96.7,10.8,0,51.1,0.41
1074-WVEVG,CELL_411A,2024-12-01,2024-12-07,-107.8,6.4,13,98.0,5.31
1075-BGWOH,CELL_502B,2024-12-01,2024-12-07,-104.5,3.5,12,93.8,5.29
1077-HUUJM,CELL_245B,2024-12-01,2024-12-07,-99.5,7.2,5,79.2,2.87
1078-TDCRN,CELL_112B,2024-12-01,2024-12-07,-106.5,9.9,14,93.1,3.84
1080-BWSYE,CELL_234A,2024-12-01,2024-12-07,-92.3,16.4,1,31.5,0.46
1084-MNSMJ,CELL_502B,2024-12-01,2024-12-07,-89.3,13.2,1,57.7,0.45
1084-UQCHV,CELL_234A,2024-12-01,2024-12-07,-93.8,15.9,0,52.5,0.16
1085-LDWAM,CELL_301C,2024-12-01,2024-12-07,-92.2,16.5,0,55.7,0.52
1086-LXKFY,CELL_101A,2024-12-01,2024-12-07,-90.6,16.3,1,30.6,0.51
1087-GRUYI,CELL_245B,2024-12-01,2024-12-07,-85.4,15.3,0,42.6,0.25
1087-UDSIH,CELL_411A,2024-12-01,2024-12-07,-93.7,13.0,1,58.0,0.23
1088-AUUZZ,CELL_889D,2024-12-01,2024-12-07,-85.3,17.0,1,38.9,0.41
1088-CNNKB,CELL_502B,2024-12-01,2024-12-07,-99.4,13.1,4,74.2,1.92
1089-HDMKP,CELL_245B,2024-12-01,2024-12-07,-105.0,5.6,14,90.7,5.38
1089-XZWHH,CELL_245B,2024-12-01,2024-12-07,-92.1,14.1,1,43.3,0.23
1090-ESELR,CELL_778C,2024-12-01,2024-12-07,-87.0,14.1,0,59.5,0.57
1090-PYKCI,CELL_112B,2024-12-01,2024-12-07,-105.6,7.6,5,71.4,1.74
1091-SOZGA,CELL_134C,2024-12-01,2024-12-07,-111.3,4.4,13,90.8,5.74
1092-GANHU,CELL_134C,2024-12-01,2024-12-07,-105.3,9.7,5,83.6,2.73
1092-WPIVQ,CELL_234A,2024-12-01,2024-12-07,-103.8,11.5,4,82.8,2.04
1093-YSWCA,CELL_234A,2024-12-01,2024-12-07,-103.2,10.0,6,80.4,1.91
1094-BKOSX,CELL_101A,2024-12-01,2024-12-07,-91.5,14.0,1,48.1,0.53
1095-JUDTC,CELL_301C,2024-12-01,2024-12-07,-109.2,4.6,12,91.9,3.86
1095-WGNGG,CELL_101A,2024-12-01,2024-12-07,-95.7,14.9,1,52.0,0.42
1096-ADRUX,CELL_134C,2024-12-01,2024-12-07,-95.4,17.7,1,57.1,0.27
1097-FSPVW,CELL_134C,2024-12-01,2024-12-07,-87.4,17.5,1,33.2,0.54
1098-KFQEC,CELL_134C,2024-12-01,2024-12-07,-102.3,4.3,9,92.3,5.83
1098-TDVUQ,CELL_245B,2024-12-01,2024-12-07,-90.5,14.4,1,33.1,0.39
1099-BTKWT,CELL_234A,2024-12-01,2024-12-07,-93.1,14.8,0,47.6,0.21
1099-GODLO,CELL_502B,2024-12-01,2024-12-07,-89.4,15.5,1,31.0,0.43
1100-DDVRV,CELL_245B,2024-12-01,2024-12-07,-92.9,15.2,1,53.7,0.47
1101-SSWAG,CELL_101A,2024-12-01,2024-12-07,-94.7,15.8,1,59.5,0.23
1104-FEJAM,CELL_112B,2024-12-01,2024-12-07,-100.3,8.9,5,72.2,1.67
1104-TNLZA,CELL_411A,2024-12-01,2024-12-07,-89.9,14.1,1,36.8,0.41
1106-HRLKZ,CELL_502B,2024-12-01,2024-12-07,-88.5,11.9,1,56.9,0.47
1110-KYLGQ,CELL_301C,2024-12-01,2024-12-07,-102.0,8.8,3,74.9,1.81
1112-CUNAO,CELL_502B,2024-12-01,2024-12-07,-90.2,13.3,1,57.4,0.38
1113-IUJYX,CELL_411A,2024-12-01,2024-12-07,-90.9,14.5,0,54.7,0.29
1114-CENIM,CELL_301C,2024-12-01,2024-12-07,-113.6,3.4,10,85.2,5.04
1116-DXXDF,CELL_112B,2024-12-01,2024-12-07,-90.4,13.5,1,31.0,0.34
1116-FRYVH,CELL_301C,2024-12-01,2024-12-07,-104.6,7.4,6,79.3,2.0
1120-BMWUB,CELL_502B,2024-12-01,2024-12-07,-102.9,6.5,5,79.2,2.91
1121-QSIVB,CELL_134C,2024-12-01,2024-12-07,-91.8,15.4,0,36.9,0.44
1122-JWTJW,CELL_778C,2024-12-01,2024-12-07,-102.5,4.3,5,73.8,1.66
1122-YJBCS,CELL_889D,2024-12-01,2024-12-07,-93.2,11.4,1,46.1,0.24
1125-SNVCK,CELL_112B,2024-12-01,2024-12-07,-92.1,13.1,1,34.7,0.51
1131-ALZWV,CELL_889D,2024-12-01,2024-12-07,-100.4,6.9,6,77.8,2.57
1131-QQZEB,CELL_245B,2024-12-01,2024-12-07,-90.9,13.7,0,51.9,0.58
1131-SUEKT,CELL_889D,2024-12-01,2024-12-07,-88.9,14.5,1,43.9,0.29
1133-KXCGE,CELL_101A,2024-12-01,2024-12-07,-93.4,13.0,1,52.6,0.37
1134-YWTYF,CELL_234A,2024-12-01,2024-12-07,-110.2,6.7,11,90.8,5.68
1135-HIORI,CELL_502B,2024-12-01,2024-12-07,-89.2,14.3,1,37.5,0.52
1135-LMECX,CELL_301C,2024-12-01,2024-12-07,-82.9,9.7,0,57.0,0.21
1136-XGEQU,CELL_101A,2024-12-01,2024-12-07,-99.4,10.0,4,70.1,2.97
1137-DGOWI,CELL_245B,2024-12-01,2024-12-07,-90.3,15.8,0,36.3,0.53
1139-WUOAH,CELL_234A,2024-12-01,2024-12-07,-90.7,17.6,0,42.0,0.49
1140-UKVZG,CELL_101A,2024-12-01,2024-12-07,-89.8,14.3,0,43.8,0.32
1142-IHLOO,CELL_134C,2024-12-01,2024-12-07,-92.9,13.8,1,48.7,0.21
1142-WACZW,CELL_411A,2024-12-01,2024-12-07,-88.6,11.3,1,53.3,0.17
1143-NMNQJ,CELL_778C,2024-12-01,2024-12-07,-107.0,12.0,4,83.5,1.63
1150-FTQGN,CELL_889D,2024-12-01,2024-12-07,-103.4,7.6,3,70.8,1.74
1150-WFARN,CELL_234A,2024-12-01,2024-12-07,-102.3,7.6,5,70.4,2.75
1153-GNOLC,CELL_411A,2024-12-01,2024-12-07,-88.5,14.3,1,31.1,0.56
1154-HYWWO,CELL_245B,2024-12-01,2024-12-07,-91.2,12.2,0,41.8,0.11
1156-ZFYDO,CELL_301C,2024-12-01,2024-12-07,-100.7,8.1,6,74.7,1.87
1157-BQCUW,CELL_301C,2024-12-01,2024-12-07,-92.9,17.8,1,59.2,0.37
1159-WFSGR,CELL_778C,2024-12-01,2024-12-07,-96.2,6.0,5,81.3,1.7
1162-ECVII,CELL_502B,2024-12-01,2024-12-07,-105.6,8.1,6,76.4,2.75
1163-ONYEY,CELL_778C,2024-12-01,2024-12-07,-109.8,5.0,11,95.6,5.79
1163-VIPRI,CELL_502B,2024-12-01,2024-12-07,-90.3,13.2,0,48.8,0.24
1166-PQLGG,CELL_778C,2024-12-01,2024-12-07,-110.8,2.2,14,85.7,4.48
1167-OYZJF,CELL_134C,2024-12-01,2024-12-07,-113.8,3.0,11,94.0,4.66
1169-SAOCL,CELL_101A,2024-12-01,2024-12-07,-92.0,13.7,0,52.8,0.18
1169-WCVAK,CELL_101A,2024-12-01,2024-12-07,-101.8,6.6,6,76.1,1.69
1170-SASML,CELL_245B,2024-12-01,2024-12-07,-88.8,14.2,1,41.8,0.45
1171-TYKUR,CELL_101A,2024-12-01,2024-12-07,-97.9,5.7,3,75.2,2.01
1172-VIYBP,CELL_778C,2024-12-01,2024-12-07,-92.2,14.3,0,42.3,0.22
1173-NOEYG,CELL_134C,2024-12-01,2024-12-07,-87.1,16.0,0,46.4,0.15
1173-XZPYF,CELL_234A,2024-12-01,2024-12-07,-99.5,7.3,5,75.4,2.51
1174-FGIFN,CELL_101A,2024-12-01,2024-12-07,-91.1,14.6,1,43.3,0.35
1177-XZBJL,CELL_234A,2024-12-01,2024-12-07,-86.3,13.6,0,56.0,0.24
1178-PZGAB,CELL_411A,2024-12-01,2024-12-07,-83.2,13.8,1,43.4,0.41
1179-INLAT,CELL_411A,2024-12-01,2024-12-07,-90.0,19.2,1,36.0,0.57
1183-CANVH,CELL_502B,2024-12-01,2024-12-07,-87.2,16.1,0,33.0,0.4
1184-PJVDB,CELL_134C,2024-12-01,2024-12-07,-95.0,15.3,0,56.7,0.6
1187-WILMM,CELL_889D,2024-12-01,2024-12-07,-110.9,3.0,9,95.3,4.81
1193-RTSLK,CELL_101A,2024-12-01,2024-12-07,-92.2,15.0,0,59.4,0.44
1194-BHJYC,CELL_134C,2024-12-01,2024-12-07,-91.4,16.8,1,56.7,0.57
1194-HVAIF,CELL_112B,2024-12-01,2024-12-07,-105.9,3.9,8,93.1,5.24
1194-SPVSP,CELL_134C,2024-12-01,2024-12-07,-107.1,2.5,11,94.1,3.34
1195-OIYEJ,CELL_112B,2024-12-01,2024-12-07,-94.8,18.4,0,44.0,0.11
1196-AMORA,CELL_134C,2024-12-01,2024-12-07,-100.7,7.4,6,77.2,2.67
1197-BVMVG,CELL_101A,2024-12-01,2024-12-07,-86.4,16.8,1,38.9,0.43
1200-TUZHR,CELL_134C,2024-12-01,2024-12-07,-99.3,9.9,3,70.4,2.04
1202-KKGFU,CELL_101A,2024-12-01,2024-12-07,-86.4,15.3,1,40.2,0.56
1205-WNWPJ,CELL_502B,2024-12-01,2024-12-07,-93.2,14.4,1,59.7,0.46
1206-EHBDD,CELL_301C,2024-12-01,2024-12-07,-106.4,9.7,3,80.2,2.92
1207-BLKSA,CELL_502B,2024-12-01,2024-12-07,-92.6,13.6,1,39.8,0.16
1208-DNHLN,CELL_112B,2024-12-01,2024-12-07,-91.7,14.9,1,39.7,0.43
1208-NBVFH,CELL_411A,2024-12-01,2024-12-07,-95.9,16.4,1,54.4,0.56
1209-VFFOC,CELL_134C,2024-12-01,2024-12-07,-90.3,8.6,0,33.1,0.3
1212-GLHMD,CELL_234A,2024-12-01,2024-12-07,-87.4,16.4,0,56.7,0.11
1213-NGCUN,CELL_112B,2024-12-01,2024-12-07,-88.2,11.2,1,30.4,0.37
1215-EXRMO,CELL_889D,2024-12-01,2024-12-07,-88.2,20.5,1,54.4,0.29
1215-FIGMP,CELL_245B,2024-12-01,2024-12-07,-102.2,5.3,3,74.7,1.64
1215-VFYVK,CELL_245B,2024-12-01,2024-12-07,-94.3,3.0,4,71.0,2.84
1216-BGTSP,CELL_234A,2024-12-01,2024-12-07,-95.9,14.2,0,39.2,0.3
1216-JWVUX,CELL_778C,2024-12-01,2024-12-07,-95.2,10.3,3,80.4,2.05
1217-VASWC,CELL_245B,2024-12-01,2024-12-07,-96.6,10.4,6,80.4,2.55
1218-VKFPE,CELL_134C,2024-12-01,2024-12-07,-88.4,15.7,1,59.8,0.15
1219-NNDDO,CELL_301C,2024-12-01,2024-12-07,-88.0,17.2,0,38.5,0.32
1221-GHZEP,CELL_112B,2024-12-01,2024-12-07,-95.8,8.7,5,73.4,2.33
1222-KJNZD,CELL_502B,2024-12-01,2024-12-07,-113.4,4.3,14,92.6,4.62
1222-LRYKO,CELL_112B,2024-12-01,2024-12-07,-99.2,6.2,5,71.0,1.57
1223-UNPKS,CELL_134C,2024-12-01,2024-12-07,-88.9,14.6,1,44.9,0.44
1226-IENZN,CELL_411A,2024-12-01,2024-12-07,-92.5,12.8,1,34.6,0.59
1226-JZNKR,CELL_234A,2024-12-01,2024-12-07,-93.3,15.3,0,40.9,0.42
1226-UDFZR,CELL_411A,2024-12-01,2024-12-07,-105.5,7.7,4,81.6,2.01
1227-UDMZR,CELL_411A,2024-12-01,2024-12-07,-89.9,16.4,0,39.5,0.13
1228-FZFRV,CELL_245B,2024-12-01,2024-12-07,-96.9,10.0,3,84.5,2.44
1228-ZLNBX,CELL_778C,2024-12-01,2024-12-07,-89.4,16.0,1,42.4,0.57
1229-RCALF,CELL_301C,2024-12-01,2024-12-07,-91.6,14.3,1,47.4,0.27
1230-QAJDW,CELL_301C,2024-12-01,2024-12-07,-108.4,6.0,8,91.6,3.49
1231-YNDEK,CELL_112B,2024-12-01,2024-12-07,-96.2,13.6,0,56.2,0.33
1236-WFCDV,CELL_234A,2024-12-01,2024-12-07,-93.9,11.0,4,79.7,1.59
1237-WIYYZ,CELL_411A,2024-12-01,2024-12-07,-88.8,15.3,0,35.4,0.23
1240-HCBOH,CELL_778C,2024-12-01,2024-12-07,-104.0,8.1,5,75.1,1.69
1240-KNSEZ,CELL_134C,2024-12-01,2024-12-07,-111.4,3.5,8,93.1,5.09
1241-EZFMJ,CELL_301C,2024-12-01,2024-12-07,-92.3,14.5,1,40.4,0.5
1241-FPMOF,CELL_101A,2024-12-01,2024-12-07,-103.3,8.2,5,78.9,1.72
1245-HARPS,CELL_234A,2024-12-01,2024-12-07,-104.8,4.3,14,92.7,3.24
1247-QBVSH,CELL_889D,2024-12-01,2024-12-07,-95.2,8.6,4,74.7,2.69
1248-DYXUB,CELL_889D,2024-12-01,2024-12-07,-90.7,16.4,1,38.3,0.57
1251-KRREG,CELL_101A,2024-12-01,2024-12-07,-88.7,9.9,0,59.9,0.11
1251-STYSZ,CELL_234A,2024-12-01,2024-12-07,-97.9,10.6,5,84.7,1.63
1254-IZEYF,CELL_778C,2024-12-01,2024-12-07,-91.8,16.7,1,40.5,0.41
1257-SXUXQ,CELL_101A,2024-12-01,2024-12-07,-90.7,14.5,1,41.5,0.21
1258-YMZNM,CELL_411A,2024-12-01,2024-12-07,-91.8,14.8,1,43.2,0.2
1260-TTRXI,CELL_134C,2024-12-01,2024-12-07,-89.9,11.5,1,46.6,0.51
1261-FWTTE,CELL_778C,2024-12-01,2024-12-07,-86.3,16.1,0,30.4,0.22
1262-OPMFY,CELL_245B,2024-12-01,2024-12-07,-108.3,4.2,11,85.2,4.44
1264-BYWMS,CELL_502B,2024-12-01,2024-12-07,-106.5,4.8,12,91.8,3.68
1264-FUHCX,CELL_112B,2024-12-01,2024-12-07,-91.8,15.5,0,30.4,0.17
1265-BCFEO,CELL_112B,2024-12-01,2024-12-07,-110.6,5.2,10,85.7,4.19
1265-HVPZB,CELL_411A,2024-12-01,2024-12-07,-111.7,12.1,6,74.1,1.79
1265-XTECC,CELL_234A,2024-12-01,2024-12-07,-90.7,15.0,0,32.1,0.39
1265-ZFOSD,CELL_301C,2024-12-01,2024-12-07,-95.9,8.4,6,73.9,1.67
1266-NZYUI,CELL_502B,2024-12-01,2024-12-07,-97.9,17.7,1,58.4,0.52
1268-ASBGA,CELL_778C,2024-12-01,2024-12-07,-101.8,7.6,6,84.8,2.69
1269-FOYWN,CELL_778C,2024-12-01,2024-12-07,-87.6,17.2,1,40.7,0.59
1270-XKUCC,CELL_234A,2024-12-01,2024-12-07,-98.7,8.3,4,83.9,1.64
1271-SJBGZ,CELL_889D,2024-12-01,2024-12-07,-87.1,12.6,0,50.1,0.42
1271-UODNO,CELL_301C,2024-12-01,2024-12-07,-108.9,0.1,11,92.5,3.07
1272-ILHFG,CELL_101A,2024-12-01,2024-12-07,-99.8,9.0,6,74.7,2.09
1273-MTETI,CELL_234A,2024-12-01,2024-12-07,-91.0,14.6,1,48.5,0.2
1282-IHQAC,CELL_301C,2024-12-01,2024-12-07,-110.8,4.3,14,97.0,3.22
1285-OKIPP,CELL_889D,2024-12-01,2024-12-07,-103.6,5.4,5,82.7,1.99
1291-CUOCY,CELL_101A,2024-12-01,2024-12-07,-89.7,15.1,0,36.7,0.3
1293-BSEUN,CELL_778C,2024-12-01,2024-12-07,-107.0,3.9,14,85.2,3.58
1293-HHSHJ,CELL_411A,2024-12-01,2024-12-07,-102.4,9.7,6,78.7,2.75
1297-VQDRP,CELL_101A,2024-12-01,2024-12-07,-98.6,8.6,3,84.4,2.84
1298-PHBTI,CELL_889D,2024-12-01,2024-12-07,-102.2,12.2,4,76.0,2.28
1299-AURJA,CELL_101A,2024-12-01,2024-12-07,-103.9,11.3,4,70.2,2.6
1301-LOPVR,CELL_502B,2024-12-01,2024-12-07,-95.2,18.8,0,59.7,0.2
1302-TPUBN,CELL_502B,2024-12-01,2024-12-07,-94.5,5.7,5,80.5,2.38
1302-UHBDD,CELL_101A,2024-12-01,2024-12-07,-90.5,16.0,0,34.8,0.34
1303-SRDOK,CELL_134C,2024-12-01,2024-12-07,-83.7,18.2,1,32.1,0.51
1304-BCCFO,CELL_112B,2024-12-01,2024-12-07,-90.6,11.7,1,46.9,0.23
1304-NECVQ,CELL_502B,2024-12-01,2024-12-07,-97.5,11.6,5,72.9,2.27
1304-SEGFY,CELL_301C,2024-12-01,2024-12-07,-90.5,12.9,1,37.8,0.31
1306-RPWXZ,CELL_245B,2024-12-01,2024-12-07,-107.0,7.8,8,89.1,4.25
1307-ATKGB,CELL_234A,2024-12-01,2024-12-07,-100.8,8.6,4,70.4,2.38
1307-TVUFB,CELL_502B,2024-12-01,2024-12-07,-92.7,14.9,1,51.4,0.28
1309-BXVOQ,CELL_134C,2024-12-01,2024-12-07,-101.5,6.9,3,72.9,1.53
1309-XGFSN,CELL_778C,2024-12-01,2024-12-07,-107.3,5.6,8,89.1,4.88
1310-QRITU,CELL_101A,2024-12-01,2024-12-07,-88.7,17.4,1,57.4,0.39
1319-YLZJG,CELL_411A,2024-12-01,2024-12-07,-109.7,2.8,11,95.3,4.15
1320-GVNHT,CELL_301C,2024-12-01,2024-12-07,-84.0,12.3,0,42.8,0.41
1320-HTRDR,CELL_245B,2024-12-01,2024-12-07,-89.8,12.4,1,47.4,0.11
1320-REHCS,CELL_134C,2024-12-01,2024-12-07,-95.1,4.7,6,79.7,2.5
1322-AGOQM,CELL_778C,2024-12-01,2024-12-07,-108.3,5.5,11,95.5,5.66
1323-OOEPC,CELL_411A,2024-12-01,2024-12-07,-110.5,5.0,8,96.4,3.15
1324-NLTJE,CELL_245B,2024-12-01,2024-12-07,-98.7,7.5,3,70.0,2.85
1325-USMEC,CELL_301C,2024-12-01,2024-12-07,-107.3,5.9,6,81.4,2.64
1328-EUZHC,CELL_301C,2024-12-01,2024-12-07,-92.4,11.6,0,48.6,0.5
1329-VHWNP,CELL_301C,2024-12-01,2024-12-07,-90.6,13.5,1,53.5,0.48
1333-PBMXB,CELL_101A,2024-12-01,2024-12-07,-93.0,14.4,1,59.0,0.31
1334-FJSVR,CELL_502B,2024-12-01,2024-12-07,-85.8,16.6,0,39.4,0.31
1334-PDUKM,CELL_778C,2024-12-01,2024-12-07,-86.1,16.5,0,41.9,0.1
1335-HQMKX,CELL_502B,2024-12-01,2024-12-07,-87.5,15.1,1,57.3,0.29
1335-MXCSE,CELL_101A,2024-12-01,2024-12-07,-88.7,15.5,0,34.3,0.43
1335-NTIUC,CELL_134C,2024-12-01,2024-12-07,-90.6,15.1,0,31.9,0.34
1336-EZFZY,CELL_778C,2024-12-01,2024-12-07,-90.9,14.1,1,48.0,0.34
1337-BOZWO,CELL_134C,2024-12-01,2024-12-07,-87.7,15.2,0,55.7,0.48
1338-CECEE,CELL_112B,2024-12-01,2024-12-07,-106.7,2.8,14,96.1,3.98
1342-JPNKI,CELL_778C,2024-12-01,2024-12-07,-99.4,7.2,5,77.7,1.68
1343-EHPYB,CELL_301C,2024-12-01,2024-12-07,-87.0,13.8,1,30.2,0.32
1345-GKDZZ,CELL_301C,2024-12-01,2024-12-07,-89.3,13.9,0,52.6,0.51
1345-ZUKID,CELL_778C,2024-12-01,2024-12-07,-100.6,8.7,5,82.0,2.98
1346-PJWTK,CELL_101A,2024-12-01,2024-12-07,-110.3,4.3,13,88.3,5.62
1346-UFHAX,CELL_234A,2024-12-01,2024-12-07,-100.8,11.6,4,71.3,1.79
1347-KTTTA,CELL_301C,2024-12-01,2024-12-07,-88.4,17.0,0,35.7,0.46
1349-WXNGG,CELL_889D,2024-12-01,2024-12-07,-82.5,15.5,0,53.8,0.59
1352-HNSAW,CELL_234A,2024-12-01,2024-12-07,-92.3,10.2,1,50.9,0.28
1352-VHKAJ,CELL_134C,2024-12-01,2024-12-07,-88.9,16.2,0,48.4,0.25
1353-GHZOS,CELL_245B,2024-12-01,2024-12-07,-91.5,14.6,0,50.4,0.42
1353-LJWEM,CELL_112B,2024-12-01,2024-12-07,-92.7,13.3,0,55.9,0.17
1354-YZFNB,CELL_778C,2024-12-01,2024-12-07,-89.8,15.7,1,30.3,0.37
1355-KUSBG,CELL_411A,2024-12-01,2024-12-07,-90.2,15.4,1,45.8,0.19
1356-MKYSK,CELL_234A,2024-12-01,2024-12-07,-90.4,12.5,0,45.2,0.35
1357-BIJKI,CELL_889D,2024-12-01,2024-12-07,-90.5,14.8,1,56.1,0.37
1357-MVDOZ,CELL_245B,2024-12-01,2024-12-07,-109.7,6.3,4,72.9,2.73
1360-JYXKQ,CELL_889D,2024-12-01,2024-12-07,-93.0,18.7,0,38.3,0.12
1360-RCYRT,CELL_134C,2024-12-01,2024-12-07,-107.4,4.8,13,92.7,5.99
1360-XFJMR,CELL_778C,2024-12-01,2024-12-07,-87.6,14.8,1,41.3,0.39
1363-TXLSL,CELL_889D,2024-12-01,2024-12-07,-86.6,14.9,1,30.0,0.56
1370-GGAWX,CELL_502B,2024-12-01,2024-12-07,-88.6,16.4,0,52.6,0.47
1371-DWPAZ,CELL_889D,2024-12-01,2024-12-07,-98.5,9.3,5,76.5,1.68
1371-OJCEK,CELL_112B,2024-12-01,2024-12-07,-96.5,15.4,0,52.3,0.46
1371-WEPDS,CELL_889D,2024-12-01,2024-12-07,-96.9,6.4,6,84.9,1.85
1373-ORVIZ,CELL_411A,2024-12-01,2024-12-07,-90.3,14.1,1,43.6,0.47
1374-DMZUI,CELL_301C,2024-12-01,2024-12-07,-87.1,16.1,0,55.8,0.53
1376-HHBDV,CELL_778C,2024-12-01,2024-12-07,-98.9,8.0,6,74.8,2.34
1379-FRVEB,CELL_134C,2024-12-01,2024-12-07,-96.4,6.6,6,84.9,2.79
1383-EZRWL,CELL_502B,2024-12-01,2024-12-07,-89.1,13.9,1,55.8,0.26
1384-RCUXW,CELL_134C,2024-12-01,2024-12-07,-105.4,8.3,4,78.3,1.94
1385-TQOZW,CELL_889D,2024-12-01,2024-12-07,-113.5,2.2,13,97.7,5.42
1386-ZIKUV,CELL_502B,2024-12-01,2024-12-07,-98.9,11.4,3,84.3,1.59
1389-CXMLU,CELL_778C,2024-12-01,2024-12-07,-93.2,12.9,1,50.2,0.52
1389-WNUIB,CELL_112B,2024-12-01,2024-12-07,-99.1,8.9,5,71.9,1.61
1391-UBDAR,CELL_411A,2024-12-01,2024-12-07,-89.5,17.6,0,35.2,0.34
1393-IMKZG,CELL_134C,2024-12-01,2024-12-07,-91.9,15.8,0,55.6,0.11
1394-SUIUH,CELL_245B,2024-12-01,2024-12-07,-85.3,15.1,1,45.1,0.11
1395-OFUWC,CELL_778C,2024-12-01,2024-12-07,-99.7,13.0,4,75.7,2.09
1395-WSWXR,CELL_134C,2024-12-01,2024-12-07,-93.7,15.3,0,51.0,0.2
1396-QWFBJ,CELL_411A,2024-12-01,2024-12-07,-95.0,7.6,4,81.1,2.47
1397-XKKWR,CELL_889D,2024-12-01,2024-12-07,-89.5,12.6,1,53.8,0.21
1399-OUPJN,CELL_101A,2024-12-01,2024-12-07,-102.7,6.4,5,75.3,1.56
1399-UBQIU,CELL_301C,2024-12-01,2024-12-07,-101.6,5.6,3,80.6,2.26
1400-MMYXY,CELL_245B,2024-12-01,2024-12-07,-89.9,17.6,1,41.4,0.49
1400-WIVLL,CELL_301C,2024-12-01,2024-12-07,-86.4,12.0,0,49.0,0.33
1401-FTHFQ,CELL_245B,2024-12-01,2024-12-07,-93.3,8.4,4,79.4,2.71
1402-PTHGN,CELL_778C,2024-12-01,2024-12-07,-90.6,13.9,1,50.1,0.56
1403-GYAFU,CELL_502B,2024-12-01,2024-12-07,-86.6,15.8,1,54.4,0.29
1403-LKLIK,CELL_134C,2024-12-01,2024-12-07,-90.8,14.3,0,49.7,0.38
1406-PUQVY,CELL_301C,2024-12-01,2024-12-07,-89.6,16.4,1,40.9,0.51
1407-DIGZV,CELL_101A,2024-12-01,2024-12-07,-90.4,12.1,1,44.2,0.29
1409-PHXTF,CELL_234A,2024-12-01,2024-12-07,-97.7,16.0,0,50.5,0.11
1410-RSCMR,CELL_234A,2024-12-01,2024-12-07,-93.3,17.3,1,51.8,0.28
1414-YADCW,CELL_134C,2024-12-01,2024-12-07,-94.3,15.4,0,32.7,0.56
1415-YFWLT,CELL_502B,2024-12-01,2024-12-07,-90.0,14.6,1,54.4,0.27
1421-HCERK,CELL_411A,2024-12-01,2024-12-07,-89.5,13.1,1,36.2,0.47
1422-DGUBX,CELL_234A,2024-12-01,2024-12-07,-87.0,15.2,1,32.4,0.54
1423-BMPBQ,CELL_411A,2024-12-01,2024-12-07,-103.7,10.1,3,74.9,2.06
1427-VERSM,CELL_245B,2024-12-01,2024-12-07,-103.0,10.4,4,77.5,2.37
1428-GTBJJ,CELL_134C,2024-12-01,2024-12-07,-102.5,8.2,3,73.9,2.2
1428-IEDPR,CELL_889D,2024-12-01,2024-12-07,-105.8,2.8,11,91.3,5.07
1429-UYJSV,CELL_502B,2024-12-01,2024-12-07,-97.1,5.2,6,77.3,2.03
1430-SFQSA,CELL_112B,2024-12-01,2024-12-07,-89.6,16.7,0,42.9,0.26
1431-AIDJQ,CELL_245B,2024-12-01,2024-12-07,-96.5,9.3,4,75.4,2.69
1431-CYWMH,CELL_778C,2024-12-01,2024-12-07,-99.4,9.1,4,78.2,1.56
1432-FPAXX,CELL_134C,2024-12-01,2024-12-07,-101.4,11.2,3,76.0,2.51
1436-ZMJAN,CELL_889D,2024-12-01,2024-12-07,-85.2,14.4,1,48.6,0.34
1439-LCGVL,CELL_889D,2024-12-01,2024-12-07,-104.6,9.3,4,73.1,1.94
1442-BQPVU,CELL_134C,2024-12-01,2024-12-07,-90.3,18.3,0,33.2,0.37
1442-OKRJE,CELL_889D,2024-12-01,2024-12-07,-93.6,5.1,6,77.1,2.85
1444-VVSGW,CELL_301C,2024-12-01,2024-12-07,-84.4,15.4,1,50.4,0.43
1447-GIQMR,CELL_502B,2024-12-01,2024-12-07,-98.3,15.8,1,31.2,0.59
1447-PJGGA,CELL_889D,2024-12-01,2024-12-07,-105.7,2.2,13,86.8,5.21
1448-CYWKC,CELL_502B,2024-12-01,2024-12-07,-84.3,14.9,1,59.3,0.39
1448-PWKYE,CELL_778C,2024-12-01,2024-12-07,-95.0,5.3,4,77.5,1.77
1449-XQEMT,CELL_889D,2024-12-01,2024-12-07,-94.7,17.1,1,44.2,0.53
1450-GALXR,CELL_245B,2024-12-01,2024-12-07,-96.6,7.3,5,71.3,2.03
1450-SKCVI,CELL_889D,2024-12-01,2024-12-07,-93.5,16.8,0,35.0,0.45
1452-KIOVK,CELL_101A,2024-12-01,2024-12-07,-91.3,9.1,3,74.3,2.28
1452-UZOSF,CELL_112B,2024-12-01,2024-12-07,-106.0,4.8,13,96.2,5.0
1452-VOQCH,CELL_234A,2024-12-01,2024-12-07,-88.2,14.8,1,50.9,0.2
1452-XRSJV,CELL_112B,2024-12-01,2024-12-07,-89.8,13.2,1,51.8,0.16
1453-RZFON,CELL_301C,2024-12-01,2024-12-07,-89.1,11.2,1,31.7,0.19
1455-ESIQH,CELL_301C,2024-12-01,2024-12-07,-86.9,17.0,0,59.1,0.46
1455-HFBXA,CELL_301C,2024-12-01,2024-12-07,-89.8,15.2,1,35.5,0.26
1455-UGQVH,CELL_889D,2024-12-01,2024-12-07,-91.3,15.0,1,44.7,0.36
1456-TWCGB,CELL_112B,2024-12-01,2024-12-07,-89.3,10.8,1,54.4,0.23
1459-QNFQT,CELL_112B,2024-12-01,2024-12-07,-102.2,10.7,3,79.9,2.16
1460-UZPRJ,CELL_134C,2024-12-01,2024-12-07,-88.7,11.6,1,32.1,0.55
1465-LNTLJ,CELL_234A,2024-12-01,2024-12-07,-112.5,2.8,9,94.6,3.11
1465-VINDH,CELL_112B,2024-12-01,2024-12-07,-96.2,14.4,0,31.2,0.12
1465-WCZVT,CELL_301C,2024-12-01,2024-12-07,-91.8,15.3,0,32.6,0.59
1468-DEFNC,CELL_411A,2024-12-01,2024-12-07,-90.4,8.8,4,76.9,2.21
1469-LBJQJ,CELL_101A,2024-12-01,2024-12-07,-87.9,16.6,1,55.1,0.22
1470-PSXNM,CELL_112B,2024-12-01,2024-12-07,-89.9,12.2,1,41.3,0.59
1471-GIQKQ,CELL_101A,2024-12-01,2024-12-07,-103.7,3.7,8,85.7,5.5
1472-TNCWL,CELL_889D,2024-12-01,2024-12-07,-95.3,7.6,4,71.5,2.09
1474-JUWSM,CELL_112B,2024-12-01,2024-12-07,-87.0,15.6,0,47.1,0.27
1475-VWVDO,CELL_502B,2024-12-01,2024-12-07,-102.7,7.4,6,73.5,2.11
1478-VPOAD,CELL_778C,2024-12-01,2024-12-07,-105.9,8.1,12,94.1,3.86
1480-BKXGA,CELL_502B,2024-12-01,2024-12-07,-92.2,19.3,0,36.0,0.23
1480-IVEVR,CELL_889D,2024-12-01,2024-12-07,-92.9,14.6,1,57.4,0.41
1481-ZUWZA,CELL_112B,2024-12-01,2024-12-07,-94.8,15.6,0,36.6,0.36
1482-OXZSY,CELL_101A,2024-12-01,2024-12-07,-107.2,3.4,9,85.2,5.89
1485-YDHMM,CELL_234A,2024-12-01,2024-12-07,-94.5,4.7,4,70.2,2.09
1488-PBLJN,CELL_411A,2024-12-01,2024-12-07,-101.7,9.9,5,78.7,2.65
1488-SYSFC,CELL_134C,2024-12-01,2024-12-07,-87.1,14.5,0,35.8,0.46
1492-KGETH,CELL_411A,2024-12-01,2024-12-07,-92.7,12.7,0,36.1,0.55
1492-QGCLU,CELL_101A,2024-12-01,2024-12-07,-96.9,10.3,5,79.4,1.73
1493-AMTIE,CELL_778C,2024-12-01,2024-12-07,-104.9,6.9,6,79.2,1.56
1494-EJZDW,CELL_889D,2024-12-01,2024-12-07,-91.1,11.0,0,43.3,0.52
1496-GGSUK,CELL_889D,2024-12-01,2024-12-07,-88.8,15.9,1,31.0,0.32
1498-DQNRX,CELL_101A,2024-12-01,2024-12-07,-89.8,15.1,1,45.2,0.3
1498-NHTLT,CELL_778C,2024-12-01,2024-12-07,-94.6,11.0,5,72.0,2.9
1501-SGHBW,CELL_778C,2024-12-01,2024-12-07,-93.3,17.8,1,42.9,0.41
1502-XFCVR,CELL_245B,2024-12-01,2024-12-07,-88.3,12.5,0,57.9,0.2
1506-YJTYT,CELL_134C,2024-12-01,2024-12-07,-88.1,16.6,0,42.0,0.22
1508-DFXCU,CELL_889D,2024-12-01,2024-12-07,-93.0,11.6,1,54.1,0.32
1513-XNPPH,CELL_245B,2024-12-01,2024-12-07,-90.6,15.5,0,46.3,0.43
1518-OMDIK,CELL_411A,2024-12-01,2024-12-07,-88.1,11.9,0,48.2,0.32
1518-VOWAV,CELL_112B,2024-12-01,2024-12-07,-103.4,9.5,6,73.5,1.93
1522-VVDMG,CELL_502B,2024-12-01,2024-12-07,-94.2,5.7,3,76.0,1.59
1525-LNLOJ,CELL_502B,2024-12-01,2024-12-07,-105.1,4.3,14,85.2,4.02
1527-SXDPN,CELL_134C,2024-12-01,2024-12-07,-97.5,4.8,5,70.1,2.54
1530-ZTDOZ,CELL_101A,2024-12-01,2024-12-07,-108.8,4.1,14,94.8,3.93
1534-OULXE,CELL_112B,2024-12-01,2024-12-07,-86.5,15.1,0,51.5,0.39
1535-VTJOQ,CELL_502B,2024-12-01,2024-12-07,-98.5,8.6,6,84.1,1.94
1536-HBSWP,CELL_301C,2024-12-01,2024-12-07,-103.1,3.8,8,86.1,5.59
1536-YHDOE,CELL_411A,2024-12-01,2024-12-07,-103.1,7.9,5,70.5,2.59
1539-LNKHM,CELL_778C,2024-12-01,2024-12-07,-108.9,4.6,13,92.2,3.16
1541-ETJZO,CELL_778C,2024-12-01,2024-12-07,-99.9,9.0,5,77.5,2.76
1543-LLLFT,CELL_889D,2024-12-01,2024-12-07,-86.4,18.1,1,33.9,0.25
1544-JJMYL,CELL_411A,2024-12-01,2024-12-07,-100.6,11.0,5,70.1,1.61
1545-ACTAS,CELL_101A,2024-12-01,2024-12-07,-86.6,14.1,0,59.6,0.34
1545-JFUML,CELL_134C,2024-12-01,2024-12-07,-84.6,14.3,1,51.2,0.36
1548-ARAGG,CELL_411A,2024-12-01,2024-12-07,-86.2,16.3,0,30.7,0.49
1548-FEHVL,CELL_301C,2024-12-01,2024-12-07,-90.3,12.8,0,58.1,0.33
1550-EENBN,CELL_134C,2024-12-01,2024-12-07,-106.5,1.4,12,94.9,5.68
1550-LOAHA,CELL_502B,2024-12-01,2024-12-07,-94.9,3.1,4,73.8,2.26
1552-AAGRX,CELL_778C,2024-12-01,2024-12-07,-89.8,15.2,0,48.5,0.56
1552-CZCLL,CELL_778C,2024-12-01,2024-12-07,-90.0,16.1,1,46.4,0.55
1552-TKMXS,CELL_301C,2024-12-01,2024-12-07,-90.6,11.6,0,38.5,0.24
1555-DJEQW,CELL_234A,2024-12-01,2024-12-07,-89.7,13.7,0,43.4,0.47
1555-HAPSU,CELL_889D,2024-12-01,2024-12-07,-91.7,14.6,1,39.5,0.14
1557-EMYVT,CELL_301C,2024-12-01,2024-12-07,-108.5,4.6,12,89.5,5.38
1559-DTODC,CELL_411A,2024-12-01,2024-12-07,-106.2,4.3,14,92.4,4.83
1561-BWHIN,CELL_101A,2024-12-01,2024-12-07,-99.9,7.1,4,80.4,2.6
1563-IWQEX,CELL_234A,2024-12-01,2024-12-07,-92.0,12.6,6,71.5,1.58
1564-HJUVY,CELL_889D,2024-12-01,2024-12-07,-91.6,14.4,0,45.5,0.6
1564-NTYXF,CELL_778C,2024-12-01,2024-12-07,-94.7,17.7,1,54.5,0.11
1565-RHDJD,CELL_245B,2024-12-01,2024-12-07,-89.5,10.8,0,40.3,0.5
1567-DSCIC,CELL_245B,2024-12-01,2024-12-07,-92.3,13.6,0,37.1,0.17
1568-BEKZM,CELL_134C,2024-12-01,2024-12-07,-109.4,3.3,13,90.8,5.9
1568-LJSZU,CELL_301C,2024-12-01,2024-12-07,-86.8,15.4,0,56.2,0.22
1569-TTNYJ,CELL_778C,2024-12-01,2024-12-07,-87.7,14.8,1,41.2,0.15
1571-SAVHK,CELL_112B,2024-12-01,2024-12-07,-109.0,6.2,5,80.8,1.69
1573-LGXBA,CELL_234A,2024-12-01,2024-12-07,-86.7,19.4,1,40.4,0.55
1574-DYCWE,CELL_234A,2024-12-01,2024-12-07,-90.2,16.0,1,34.8,0.19
1575-KRZZE,CELL_134C,2024-12-01,2024-12-07,-91.7,14.3,0,31.5,0.12
1576-PFZIW,CELL_134C,2024-12-01,2024-12-07,-94.7,12.6,0,31.4,0.57
1577-HKTFG,CELL_411A,2024-12-01,2024-12-07,-99.7,11.2,4,76.7,2.36
1579-KLYDT,CELL_134C,2024-12-01,2024-12-07,-95.4,9.9,6,75.7,2.24
1580-BMCMR,CELL_134C,2024-12-01,2024-12-07,-90.0,14.5,0,52.2,0.21
1582-RAFML,CELL_411A,2024-12-01,2024-12-07,-90.4,17.4,0,58.1,0.44
1583-IHQZE,CELL_889D,2024-12-01,2024-12-07,-94.6,14.8,0,46.3,0.16
1585-MQSSU,CELL_502B,2024-12-01,2024-12-07,-93.0,13.4,1,52.8,0.46
1587-FKLZB,CELL_134C,2024-12-01,2024-12-07,-108.0,3.6,12,90.1,5.93
1589-AGTLK,CELL_245B,2024-12-01,2024-12-07,-111.4,2.7,11,90.6,3.27
1591-MQJTP,CELL_245B,2024-12-01,2024-12-07,-104.4,9.0,3,70.9,2.55
1591-NFNLQ,CELL_101A,2024-12-01,2024-12-07,-90.1,14.8,1,35.3,0.53
1591-XWLGB,CELL_889D,2024-12-01,2024-12-07,-104.4,7.7,5,74.4,2.17
1596-BBVTG,CELL_889D,2024-12-01,2024-12-07,-87.2,17.2,0,31.6,0.15
1596-OQSPS,CELL_112B,2024-12-01,2024-12-07,-86.6,20.0,1,34.7,0.48
1597-FZREH,CELL_112B,2024-12-01,2024-12-07,-95.0,16.0,0,37.8,0.36
1597-LHYNC,CELL_502B,2024-12-01,2024-12-07,-92.4,16.1,1,49.0,0.36
1599-EAHXY,CELL_502B,2024-12-01,2024-12-07,-95.9,14.8,0,33.7,0.43
1599-MMYRQ,CELL_778C,2024-12-01,2024-12-07,-90.2,13.7,1,34.0,0.56
1600-DILPE,CELL_411A,2024-12-01,2024-12-07,-88.8,16.4,0,48.6,0.25
1602-IJQQE,CELL_778C,2024-12-01,2024-12-07,-99.0,9.6,5,79.7,2.75
1608-GMEWB,CELL_502B,2024-12-01,2024-12-07,-102.4,5.5,13,95.5,3.76
1612-EOHDH,CELL_134C,2024-12-01,2024-12-07,-90.0,17.2,1,46.4,0.17
1614-JBEBI,CELL_301C,2024-12-01,2024-12-07,-87.0,16.3,0,33.1,0.39
1618-CFHME,CELL_245B,2024-12-01,2024-12-07,-80.7,12.1,0,44.0,0.15
1619-YWUBB,CELL_134C,2024-12-01,2024-12-07,-87.3,15.7,0,52.3,0.42
1621-YNCJH,CELL_245B,2024-12-01,2024-12-07,-105.0,1.7,9,88.3,3.41
1622-HSHSF,CELL_889D,2024-12-01,2024-12-07,-102.7,5.1,5,82.3,2.95
1623-NLDOT,CELL_112B,2024-12-01,2024-12-07,-88.6,8.9,0,52.1,0.24
1624-NALOJ,CELL_411A,2024-12-01,2024-12-07,-112.2,5.8,11,91.0,5.37
1624-WOIWJ,CELL_778C,2024-12-01,2024-12-07,-85.0,17.2,1,50.9,0.46
1625-JAIIY,CELL_234A,2024-12-01,2024-12-07,-88.5,17.1,0,45.4,0.37
1626-ERCMM,CELL_101A,2024-12-01,2024-12-07,-105.5,2.9,10,90.7,3.12
1627-AFWVJ,CELL_301C,2024-12-01,2024-12-07,-86.8,14.1,1,47.8,0.51
1628-BIZYP,CELL_134C,2024-12-01,2024-12-07,-108.3,5.7,13,97.1,4.92
1629-DQQVB,CELL_502B,2024-12-01,2024-12-07,-89.2,11.1,0,40.1,0.56
1635-FJFCC,CELL_234A,2024-12-01,2024-12-07,-88.3,16.5,1,51.5,0.23
1635-HDGFT,CELL_112B,2024-12-01,2024-12-07,-92.3,14.3,0,33.1,0.11
1635-NZATJ,CELL_502B,2024-12-01,2024-12-07,-106.7,2.9,12,90.8,4.38
1636-NTNCO,CELL_245B,2024-12-01,2024-12-07,-107.3,3.2,13,91.5,4.72
1640-PLFMP,CELL_245B,2024-12-01,2024-12-07,-92.2,11.0,0,35.8,0.15
1641-BYBTK,CELL_134C,2024-12-01,2024-12-07,-90.6,17.4,0,45.8,0.39
1641-RQDAY,CELL_301C,2024-12-01,2024-12-07,-86.7,16.6,1,35.6,0.19
1642-HMARX,CELL_245B,2024-12-01,2024-12-07,-86.6,15.6,1,45.8,0.15
1644-IRKSF,CELL_502B,2024-12-01,2024-12-07,-95.3,15.7,0,38.2,0.11
1656-DRSMG,CELL_411A,2024-12-01,2024-12-07,-97.0,10.8,6,80.7,2.53
1657-DYMBM,CELL_245B,2024-12-01,2024-12-07,-89.0,16.3,0,33.8,0.16
1658-BYGOY,CELL_245B,2024-12-01,2024-12-07,-87.4,15.8,0,32.3,0.36
1658-TJVOA,CELL_301C,2024-12-01,2024-12-07,-93.9,12.6,1,47.4,0.41
1658-XUHBX,CELL_301C,2024-12-01,2024-12-07,-87.9,17.0,0,54.3,0.44
1660-HSOOQ,CELL_301C,2024-12-01,2024-12-07,-106.1,4.0,11,93.3,3.94
1661-CZBAU,CELL_502B,2024-12-01,2024-12-07,-93.6,15.6,1,53.2,0.21
1663-MHLHE,CELL_234A,2024-12-01,2024-12-07,-91.5,15.3,0,36.4,0.17
1666-JXLKU,CELL_889D,2024-12-01,2024-12-07,-108.0,6.4,10,93.4,3.7
1666-JZPZT,CELL_778C,2024-12-01,2024-12-07,-88.6,13.2,0,55.0,0.35
1670-SVOWZ,CELL_502B,2024-12-01,2024-12-07,-95.0,14.4,0,56.9,0.15
1676-MQAOA,CELL_101A,2024-12-01,2024-12-07,-87.9,15.5,0,36.7,0.37
1678-FYZOW,CELL_245B,2024-12-01,2024-12-07,-103.9,9.2,3,74.5,1.78
1679-JRFBR,CELL_778C,2024-12-01,2024-12-07,-91.7,14.4,0,47.2,0.36
1680-VDCWW,CELL_411A,2024-12-01,2024-12-07,-110.9,4.0,10,86.7,4.93
1682-VCOIO,CELL_245B,2024-12-01,2024-12-07,-91.5,17.1,0,41.0,0.21
1684-FLBGS,CELL_301C,2024-12-01,2024-12-07,-108.8,2.1,11,92.4,5.5
1685-BQULA,CELL_234A,2024-12-01,2024-12-07,-86.7,17.4,0,50.6,0.21
1685-VAYJF,CELL_778C,2024-12-01,2024-12-07,-110.7,2.9,10,96.8,4.15
1686-STUHN,CELL_101A,2024-12-01,2024-12-07,-93.1,18.9,0,32.3,0.39
1689-MRZQR,CELL_301C,2024-12-01,2024-12-07,-108.3,2.6,10,87.3,5.62
1689-YQBYY,CELL_889D,2024-12-01,2024-12-07,-92.7,16.7,1,56.3,0.24
1696-HXOWK,CELL_301C,2024-12-01,2024-12-07,-94.0,12.8,1,30.8,0.29
1696-MZVAU,CELL_889D,2024-12-01,2024-12-07,-93.0,15.7,1,56.9,0.57
1697-BCSHV,CELL_889D,2024-12-01,2024-12-07,-87.5,15.3,1,54.6,0.6
1697-LYYYX,CELL_889D,2024-12-01,2024-12-07,-110.1,2.7,13,93.8,3.71
1697-NVVGY,CELL_134C,2024-12-01,2024-12-07,-89.7,14.7,0,34.1,0.59
1698-XFZCI,CELL_101A,2024-12-01,2024-12-07,-91.8,14.4,1,53.5,0.2
1699-HPSBG,CELL_411A,2024-12-01,2024-12-07,-101.6,7.5,4,84.7,2.44
1699-TLDLZ,CELL_101A,2024-12-01,2024-12-07,-93.6,14.4,1,34.1,0.13
1699-UOTXU,CELL_245B,2024-12-01,2024-12-07,-86.2,16.8,0,57.9,0.35
1702-CCFNJ,CELL_502B,2024-12-01,2024-12-07,-90.6,17.4,1,48.3,0.59
1703-MGIAB,CELL_411A,2024-12-01,2024-12-07,-94.8,6.6,4,71.1,2.04
1704-NRWYE,CELL_301C,2024-12-01,2024-12-07,-89.6,15.0,1,49.0,0.53
1705-GUHPV,CELL_301C,2024-12-01,2024-12-07,-111.4,1.6,8,96.5,4.23
1707-HABPF,CELL_889D,2024-12-01,2024-12-07,-85.1,17.6,1,34.6,0.41
1708-PBBOA,CELL_889D,2024-12-01,2024-12-07,-99.7,7.5,3,73.5,1.82
1709-EJDOX,CELL_134C,2024-12-01,2024-12-07,-92.6,17.3,1,56.5,0.58
1710-RCXUS,CELL_411A,2024-12-01,2024-12-07,-88.2,13.3,0,42.2,0.48
1716-LSAMB,CELL_101A,2024-12-01,2024-12-07,-107.8,3.5,13,91.8,3.6
1722-LDZJS,CELL_245B,2024-12-01,2024-12-07,-96.7,9.7,3,76.6,2.6
1723-HKXJQ,CELL_134C,2024-12-01,2024-12-07,-88.0,13.9,1,35.3,0.28
1724-BQUHA,CELL_301C,2024-12-01,2024-12-07,-92.2,14.8,0,42.5,0.23
1724-IQWNM,CELL_101A,2024-12-01,2024-12-07,-98.5,9.7,5,70.8,2.55
1725-IQNIY,CELL_134C,2024-12-01,2024-12-07,-107.8,6.9,8,86.7,3.87
1725-MIMXW,CELL_411A,2024-12-01,2024-12-07,-87.6,17.9,0,43.9,0.22
1728-BQDMA,CELL_234A,2024-12-01,2024-12-07,-108.7,4.9,13,91.3,5.8
1728-CXQBE,CELL_778C,2024-12-01,2024-12-07,-96.9,8.5,6,75.6,1.65
1729-VLAZJ,CELL_112B,2024-12-01,2024-12-07,-92.7,19.2,0,39.1,0.13
1730-VFMWO,CELL_112B,2024-12-01,2024-12-07,-86.5,14.8,1,51.3,0.31
1730-ZMAME,CELL_778C,2024-12-01,2024-12-07,-110.6,4.1,10,93.7,3.86
1731-TVIUK,CELL_411A,2024-12-01,2024-12-07,-110.8,4.3,14,89.0,5.89
1732-FEKLD,CELL_889D,2024-12-01,2024-12-07,-98.1,8.0,6,79.2,2.84
1732-VHUBQ,CELL_778C,2024-12-01,2024-12-07,-100.9,6.8,3,76.1,1.83
1734-ZMNTZ,CELL_245B,2024-12-01,2024-12-07,-107.5,4.0,9,87.8,3.72
1735-XMJVH,CELL_101A,2024-12-01,2024-12-07,-92.0,11.8,1,57.8,0.28
1740-CSDJP,CELL_245B,2024-12-01,2024-12-07,-98.8,6.8,5,75.1,1.51
1741-WTPON,CELL_234A,2024-12-01,2024-12-07,-87.1,16.1,1,59.4,0.43
1744-JHKYS,CELL_134C,2024-12-01,2024-12-07,-89.1,13.2,1,41.1,0.48
1746-TGTWV,CELL_502B,2024-12-01,2024-12-07,-91.2,17.5,1,34.2,0.36
1750-CSKKM,CELL_112B,2024-12-01,2024-12-07,-86.4,17.2,1,58.1,0.51
1751-NCDLI,CELL_778C,2024-12-01,2024-12-07,-91.8,16.2,1,59.0,0.17
1752-OZXFY,CELL_889D,2024-12-01,2024-12-07,-95.9,17.2,0,47.3,0.42
1754-GKYPY,CELL_234A,2024-12-01,2024-12-07,-89.9,14.5,0,31.5,0.4
1755-FZQEC,CELL_411A,2024-12-01,2024-12-07,-98.5,7.7,3,76.9,2.25
1755-RMCXH,CELL_101A,2024-12-01,2024-12-07,-89.4,14.0,1,53.0,0.21
1757-TCATG,CELL_101A,2024-12-01,2024-12-07,-87.1,13.9,0,35.2,0.54
1760-CAZHT,CELL_502B,2024-12-01,2024-12-07,-93.3,15.7,0,49.3,0.48
1761-AEZZR,CELL_234A,2024-12-01,2024-12-07,-94.7,16.1,0,54.1,0.51
1763-KUAAW,CELL_112B,2024-12-01,2024-12-07,-90.0,15.8,1,52.1,0.53
1763-WQFUK,CELL_411A,2024-12-01,2024-12-07,-83.8,15.5,1,32.7,0.31
1764-VUUMT,CELL_301C,2024-12-01,2024-12-07,-88.2,14.3,0,33.1,0.11
1766-GKNMI,CELL_889D,2024-12-01,2024-12-07,-88.7,15.2,1,53.7,0.22
1767-CJKBA,CELL_134C,2024-12-01,2024-12-07,-105.1,9.3,3,81.4,2.7
1767-TGTKO,CELL_778C,2024-12-01,2024-12-07,-93.9,11.3,0,33.8,0.31
1768-HNVGJ,CELL_134C,2024-12-01,2024-12-07,-106.5,2.7,14,96.1,4.74
1768-ZAIFU,CELL_101A,2024-12-01,2024-12-07,-96.6,14.2,1,46.1,0.3
1769-GRUIK,CELL_234A,2024-12-01,2024-12-07,-90.1,17.4,0,54.2,0.27
1771-OADNZ,CELL_411A,2024-12-01,2024-12-07,-89.8,13.7,0,40.0,0.35
1775-KWJKQ,CELL_112B,2024-12-01,2024-12-07,-94.5,15.8,0,48.1,0.36
1776-SPBWV,CELL_234A,2024-12-01,2024-12-07,-88.9,15.1,1,58.5,0.25
1777-JYQPJ,CELL_245B,2024-12-01,2024-12-07,-108.5,2.1,14,87.7,5.07
1779-PWPMG,CELL_889D,2024-12-01,2024-12-07,-91.1,16.3,1,40.7,0.32
1784-BXEFA,CELL_245B,2024-12-01,2024-12-07,-90.3,15.8,0,35.5,0.35
1784-EZDKJ,CELL_101A,2024-12-01,2024-12-07,-87.1,13.2,0,51.3,0.11
1785-BPHTP,CELL_234A,2024-12-01,2024-12-07,-85.7,14.2,0,51.7,0.57
1790-NESIO,CELL_301C,2024-12-01,2024-12-07,-89.5,16.6,0,55.6,0.2
1791-PQHBB,CELL_234A,2024-12-01,2024-12-07,-109.0,5.3,9,90.6,3.57
1792-UXAFY,CELL_889D,2024-12-01,2024-12-07,-92.9,13.2,1,44.8,0.14
1794-HBQTJ,CELL_411A,2024-12-01,2024-12-07,-90.2,15.5,1,31.0,0.16
1794-SWWKL,CELL_301C,2024-12-01,2024-12-07,-108.0,5.3,10,97.9,3.8
1796-JANOW,CELL_112B,2024-12-01,2024-12-07,-91.1,15.3,0,33.3,0.29
1803-BGNBD,CELL_301C,2024-12-01,2024-12-07,-99.6,8.2,5,77.6,1.95
1809-DMJHQ,CELL_301C,2024-12-01,2024-12-07,-91.4,13.5,0,36.0,0.54
1810-BOHSY,CELL_112B,2024-12-01,2024-12-07,-91.8,13.0,1,33.1,0.31
1810-MVMAI,CELL_411A,2024-12-01,2024-12-07,-89.4,16.2,1,46.0,0.34
1813-JLKWR,CELL_301C,2024-12-01,2024-12-07,-89.0,14.0,1,45.4,0.34
1813-JYWTO,CELL_411A,2024-12-01,2024-12-07,-88.4,15.3,0,50.2,0.19
1814-DKOLC,CELL_245B,2024-12-01,2024-12-07,-107.9,6.7,10,85.4,5.23
1814-WFGVS,CELL_234A,2024-12-01,2024-12-07,-92.0,15.8,1,44.8,0.56
1816-FLZDK,CELL_778C,2024-12-01,2024-12-07,-94.2,14.5,0,31.7,0.17
1818-ESQMW,CELL_411A,2024-12-01,2024-12-07,-107.6,3.2,8,95.9,4.54
1820-DJFPH,CELL_101A,2024-12-01,2024-12-07,-82.2,17.3,1,47.2,0.27
1820-TQVEV,CELL_101A,2024-12-01,2024-12-07,-99.8,11.6,6,71.7,2.96
1821-BUCWY,CELL_301C,2024-12-01,2024-12-07,-102.7,9.9,4,73.9,1.64
1830-GGFNM,CELL_778C,2024-12-01,2024-12-07,-108.1,4.0,14,85.0,4.92
1830-IPXVJ,CELL_112B,2024-12-01,2024-12-07,-99.8,9.9,4,71.4,2.92
1832-PEUTS,CELL_411A,2024-12-01,2024-12-07,-92.5,12.6,1,53.7,0.44
1833-TCXKK,CELL_134C,2024-12-01,2024-12-07,-98.7,9.4,6,75.3,2.66
1833-VGRUM,CELL_411A,2024-12-01,2024-12-07,-101.7,8.8,5,78.5,1.52
1834-ABKHQ,CELL_301C,2024-12-01,2024-12-07,-102.4,10.5,6,72.9,2.05
1834-WULEG,CELL_411A,2024-12-01,2024-12-07,-107.2,2.8,9,97.4,3.21
1837-YQUCE,CELL_234A,2024-12-01,2024-12-07,-89.9,10.6,1,57.3,0.38
1839-FBNFR,CELL_301C,2024-12-01,2024-12-07,-101.7,5.7,6,72.4,2.03
1839-UMACK,CELL_301C,2024-12-01,2024-12-07,-107.4,5.3,5,83.8,1.64
1840-BIUOG,CELL_134C,2024-12-01,2024-12-07,-85.0,15.6,1,42.5,0.18
1841-YSJGV,CELL_234A,2024-12-01,2024-12-07,-107.6,2.7,14,87.3,4.01
1842-EZJMK,CELL_411A,2024-12-01,2024-12-07,-90.2,14.5,0,31.1,0.56
1843-TLSGD,CELL_101A,2024-12-01,2024-12-07,-90.2,17.1,1,34.7,0.59
1845-CSBRZ,CELL_112B,2024-12-01,2024-12-07,-90.0,17.5,1,55.9,0.27
1845-ZLLIG,CELL_112B,2024-12-01,2024-12-07,-95.2,10.5,3,78.2,2.39
1846-XWOQN,CELL_778C,2024-12-01,2024-12-07,-93.8,16.6,1,48.2,0.52
1848-LBZHY,CELL_411A,2024-12-01,2024-12-07,-85.8,15.4,1,52.9,0.46
1849-RJYIG,CELL_134C,2024-12-01,2024-12-07,-89.0,12.2,0,33.1,0.37
1850-AKQEP,CELL_245B,2024-12-01,2024-12-07,-101.0,6.9,5,75.8,2.93
1852-QSWCD,CELL_778C,2024-12-01,2024-12-07,-105.6,3.4,8,88.8,5.02
1852-XEMDW,CELL_301C,2024-12-01,2024-12-07,-92.8,17.9,1,53.5,0.32
1853-ARAAQ,CELL_889D,2024-12-01,2024-12-07,-85.4,14.8,1,47.0,0.35
1853-UDXBW,CELL_778C,2024-12-01,2024-12-07,-104.7,4.5,8,91.8,5.01
1855-AGAWH,CELL_502B,2024-12-01,2024-12-07,-110.8,2.6,11,87.5,4.69
1855-CFULU,CELL_101A,2024-12-01,2024-12-07,-109.7,3.6,13,93.0,4.53
1862-QRWPE,CELL_234A,2024-12-01,2024-12-07,-114.3,5.0,13,90.8,5.01
1862-SKORY,CELL_134C,2024-12-01,2024-12-07,-86.6,12.7,1,31.6,0.12
1866-DIOQZ,CELL_778C,2024-12-01,2024-12-07,-107.1,6.7,14,90.5,3.28
1866-NXPSP,CELL_234A,2024-12-01,2024-12-07,-100.9,6.0,4,76.9,1.93
1866-OBPNR,CELL_245B,2024-12-01,2024-12-07,-87.8,12.5,0,49.1,0.5
1866-RZZQS,CELL_301C,2024-12-01,2024-12-07,-99.2,8.4,3,84.7,2.39
1866-ZSLJM,CELL_889D,2024-12-01,2024-12-07,-102.2,8.0,5,81.6,2.17
1867-BDVFH,CELL_301C,2024-12-01,2024-12-07,-88.2,14.9,1,58.4,0.44
1867-TJHTS,CELL_112B,2024-12-01,2024-12-07,-90.2,13.5,0,46.2,0.41
1871-MOWRM,CELL_502B,2024-12-01,2024-12-07,-87.6,13.7,0,34.9,0.35
1872-EBWSC,CELL_234A,2024-12-01,2024-12-07,-98.0,10.0,3,72.9,2.41
1875-QIVME,CELL_245B,2024-12-01,2024-12-07,-89.1,19.0,0,52.2,0.51
1877-HKBQX,CELL_301C,2024-12-01,2024-12-07,-105.9,7.6,8,93.4,5.68
1891-FZYSA,CELL_245B,2024-12-01,2024-12-07,-89.8,18.5,1,52.3,0.24
1891-QRQSA,CELL_301C,2024-12-01,2024-12-07,-92.5,15.3,0,51.8,0.42
1891-UAWWU,CELL_101A,2024-12-01,2024-12-07,-100.7,5.8,4,77.5,1.99
1894-IGFSG,CELL_101A,2024-12-01,2024-12-07,-86.6,14.6,0,46.5,0.5
1895-QTKDO,CELL_889D,2024-12-01,2024-12-07,-88.5,15.2,1,56.7,0.26
1897-OKVMW,CELL_112B,2024-12-01,2024-12-07,-89.6,11.0,0,52.4,0.2
1897-RCFUM,CELL_301C,2024-12-01,2024-12-07,-102.3,6.9,5,73.0,2.14
1898-JSNDC,CELL_778C,2024-12-01,2024-12-07,-105.8,3.7,9,95.4,3.81
1899-VXWXM,CELL_234A,2024-12-01,2024-12-07,-87.2,11.5,0,34.7,0.57
1902-XBTFB,CELL_889D,2024-12-01,2024-12-07,-92.3,16.8,1,35.4,0.47
1904-WAJAA,CELL_101A,2024-12-01,2024-12-07,-100.2,4.7,3,81.6,2.34
1905-OEILC,CELL_112B,2024-12-01,2024-12-07,-111.0,4.2,10,96.4,5.12
1907-UBQFC,CELL_889D,2024-12-01,2024-12-07,-93.0,16.7,1,31.0,0.4
1907-YLNYW,CELL_234A,2024-12-01,2024-12-07,-88.5,15.1,1,42.9,0.24
1910-FMXJM,CELL_112B,2024-12-01,2024-12-07,-91.6,15.3,1,42.9,0.26
1915-IOFGU,CELL_411A,2024-12-01,2024-12-07,-94.2,18.4,1,50.6,0.59
1915-OAKWD,CELL_778C,2024-12-01,2024-12-07,-87.9,15.7,0,38.0,0.51
1918-ZBFQJ,CELL_245B,2024-12-01,2024-12-07,-99.8,6.7,5,73.9,2.92
1919-RTPQD,CELL_234A,2024-12-01,2024-12-07,-92.7,16.4,0,49.4,0.58
1921-KYSAY,CELL_301C,2024-12-01,2024-12-07,-98.4,8.4,3,79.3,2.31
1925-GMVBW,CELL_112B,2024-12-01,2024-12-07,-87.5,16.9,0,44.5,0.41
1925-LFCZZ,CELL_301C,2024-12-01,2024-12-07,-106.1,4.0,10,90.5,5.14
1925-TIBLE,CELL_245B,2024-12-01,2024-12-07,-106.3,9.6,4,73.6,2.08
1926-QUZNN,CELL_101A,2024-12-01,2024-12-07,-87.1,14.7,0,30.8,0.21
1927-QEWMY,CELL_112B,2024-12-01,2024-12-07,-92.0,16.2,0,59.5,0.52
1928-BXYIV,CELL_134C,2024-12-01,2024-12-07,-89.7,14.5,1,53.1,0.56
1929-ZCBHE,CELL_245B,2024-12-01,2024-12-07,-106.7,5.3,14,87.7,5.62
1930-BZLHI,CELL_301C,2024-12-01,2024-12-07,-98.5,10.0,5,80.9,2.97
1930-QPBVZ,CELL_234A,2024-12-01,2024-12-07,-91.3,13.9,0,44.2,0.58
1930-WNXSB,CELL_101A,2024-12-01,2024-12-07,-88.1,15.5,0,30.7,0.52
1932-UEDCX,CELL_101A,2024-12-01,2024-12-07,-95.9,7.2,4,73.5,1.67
1934-MKPXS,CELL_101A,2024-12-01,2024-12-07,-93.3,13.6,0,37.5,0.43
1934-SJVJK,CELL_134C,2024-12-01,2024-12-07,-90.3,17.0,0,48.7,0.59
1935-IMVBB,CELL_134C,2024-12-01,2024-12-07,-95.8,16.4,1,44.8,0.14
1936-CZAKF,CELL_502B,2024-12-01,2024-12-07,-89.6,20.8,1,52.3,0.48
1936-UAFEH,CELL_101A,2024-12-01,2024-12-07,-90.5,11.0,0,30.3,0.48
1937-OTUKY,CELL_889D,2024-12-01,2024-12-07,-92.6,17.8,0,30.0,0.24
1941-HOSAM,CELL_301C,2024-12-01,2024-12-07,-89.3,16.9,0,35.5,0.39
1942-OQFRW,CELL_889D,2024-12-01,2024-12-07,-109.2,2.5,11,86.5,4.97
1945-XISKS,CELL_134C,2024-12-01,2024-12-07,-104.3,2.8,14,85.1,3.24
1950-KSVVJ,CELL_301C,2024-12-01,2024-12-07,-88.6,15.5,1,41.3,0.56
1951-IEYXM,CELL_411A,2024-12-01,2024-12-07,-83.6,15.1,1,52.2,0.14
1952-DVVSW,CELL_245B,2024-12-01,2024-12-07,-103.7,11.5,5,80.8,1.93
1955-IBMMB,CELL_112B,2024-12-01,2024-12-07,-110.2,2.1,13,88.9,4.15
1956-YIFGE,CELL_889D,2024-12-01,2024-12-07,-98.3,9.2,6,83.6,1.54
1958-RNRKS,CELL_778C,2024-12-01,2024-12-07,-107.1,4.3,8,92.2,5.83
1960-UOTYM,CELL_134C,2024-12-01,2024-12-07,-99.6,5.0,4,71.8,1.69
1960-UYCNN,CELL_245B,2024-12-01,2024-12-07,-97.1,8.1,5,72.9,1.63
1963-SVUCV,CELL_889D,2024-12-01,2024-12-07,-91.8,15.3,0,33.1,0.46
1963-VAUKV,CELL_502B,2024-12-01,2024-12-07,-91.5,12.6,1,36.0,0.25
1964-SVLEA,CELL_112B,2024-12-01,2024-12-07,-91.4,8.7,5,78.1,2.73
1965-AKTSX,CELL_889D,2024-12-01,2024-12-07,-88.7,14.1,0,40.4,0.47
1965-DDBWU,CELL_889D,2024-12-01,2024-12-07,-104.1,3.6,14,93.7,4.57
1970-KKFWL,CELL_411A,2024-12-01,2024-12-07,-94.2,17.4,1,48.3,0.23
1971-DTCZB,CELL_778C,2024-12-01,2024-12-07,-84.9,13.2,0,53.8,0.35
1972-XMUWV,CELL_101A,2024-12-01,2024-12-07,-101.2,9.0,5,73.9,2.59
1976-AZZPJ,CELL_889D,2024-12-01,2024-12-07,-94.0,14.4,1,39.6,0.19
1976-CFOCS,CELL_778C,2024-12-01,2024-12-07,-91.4,12.0,1,34.5,0.13
1977-STDKI,CELL_101A,2024-12-01,2024-12-07,-88.7,18.3,1,43.3,0.27
1980-KXVPM,CELL_301C,2024-12-01,2024-12-07,-88.6,15.6,1,32.2,0.57
1981-INRFU,CELL_245B,2024-12-01,2024-12-07,-86.1,14.1,1,40.4,0.5
1982-FEBTD,CELL_112B,2024-12-01,2024-12-07,-112.0,5.1,9,85.6,3.78
1984-FCOWB,CELL_134C,2024-12-01,2024-12-07,-98.6,9.0,5,74.6,2.54
1984-GPTEH,CELL_889D,2024-12-01,2024-12-07,-88.2,10.8,1,54.0,0.5
1985-MBRYP,CELL_245B,2024-12-01,2024-12-07,-94.9,13.7,1,46.9,0.47
1986-PHGZF,CELL_502B,2024-12-01,2024-12-07,-93.7,17.7,1,41.5,0.25
1987-AUELQ,CELL_234A,2024-12-01,2024-12-07,-109.4,1.9,13,95.6,5.79
1989-PRJHP,CELL_301C,2024-12-01,2024-12-07,-91.9,9.1,6,75.1,2.25
1991-VOPLL,CELL_778C,2024-12-01,2024-12-07,-94.3,14.4,1,55.7,0.31
1996-DBMUS,CELL_411A,2024-12-01,2024-12-07,-90.4,13.3,0,44.1,0.4
1998-VHJHK,CELL_234A,2024-12-01,2024-12-07,-85.8,15.7,1,32.7,0.58
2000-DHJUY,CELL_889D,2024-12-01,2024-12-07,-90.5,17.7,1,30.3,0.31
2000-MPKCA,CELL_134C,2024-12-01,2024-12-07,-88.7,13.1,0,58.3,0.1
2001-EWBQU,CELL_112B,2024-12-01,2024-12-07,-86.7,15.4,0,52.1,0.54
2001-MCUUW,CELL_889D,2024-12-01,2024-12-07,-85.3,14.2,0,42.2,0.24
2002-MZHWP,CELL_411A,2024-12-01,2024-12-07,-95.4,16.1,0,35.2,0.58
2003-CKLOR,CELL_411A,2024-12-01,2024-12-07,-91.3,14.2,1,60.0,0.24
2004-OCQXK,CELL_101A,2024-12-01,2024-12-07,-92.3,14.0,1,31.9,0.59
2005-DWQZJ,CELL_411A,2024-12-01,2024-12-07,-83.3,18.3,1,37.0,0.54
2007-QVGAW,CELL_101A,2024-12-01,2024-12-07,-92.2,14.3,1,54.2,0.12
2011-TRQYE,CELL_112B,2024-12-01,2024-12-07,-86.3,15.8,1,52.1,0.33
2012-NWRPA,CELL_301C,2024-12-01,2024-12-07,-90.8,10.6,0,48.0,0.24
2013-SGDXK,CELL_245B,2024-12-01,2024-12-07,-94.5,7.0,4,82.1,2.78
2014-MKGMH,CELL_778C,2024-12-01,2024-12-07,-94.9,8.4,4,71.9,1.66
2017-CCBLH,CELL_778C,2024-12-01,2024-12-07,-93.3,16.7,1,58.8,0.26
2018-PZKMU,CELL_112B,2024-12-01,2024-12-07,-89.8,13.1,0,47.4,0.41
2018-QKYGT,CELL_502B,2024-12-01,2024-12-07,-97.7,3.6,6,82.0,2.61
2019-HDCZY,CELL_245B,2024-12-01,2024-12-07,-95.5,13.4,0,35.4,0.15
2023-VQFDL,CELL_301C,2024-12-01,2024-12-07,-89.5,14.2,1,44.3,0.17
2024-BASKD,CELL_411A,2024-12-01,2024-12-07,-88.7,16.5,0,54.0,0.57
2025-JKFWI,CELL_301C,2024-12-01,2024-12-07,-87.7,16.6,1,54.3,0.2
2026-TGDHM,CELL_301C,2024-12-01,2024-12-07,-88.0,12.9,0,38.7,0.53
2027-CWDNU,CELL_411A,2024-12-01,2024-12-07,-94.7,13.0,1,57.1,0.18
2027-DNKIV,CELL_112B,2024-12-01,2024-12-07,-85.9,12.0,0,38.7,0.39
2027-FECZV,CELL_411A,2024-12-01,2024-12-07,-85.2,16.3,1,32.6,0.55
2027-OAQQC,CELL_245B,2024-12-01,2024-12-07,-101.4,5.4,6,77.6,2.1
2027-WKXMW,CELL_502B,2024-12-01,2024-12-07,-90.6,17.2,0,57.3,0.49
2030-BTZRO,CELL_778C,2024-12-01,2024-12-07,-94.2,16.6,1,48.9,0.29
2034-CGRHZ,CELL_411A,2024-12-01,2024-12-07,-88.7,14.3,0,32.3,0.37
2034-GDRCN,CELL_301C,2024-12-01,2024-12-07,-103.4,4.9,4,74.6,1.73
2037-SGXHH,CELL_245B,2024-12-01,2024-12-07,-91.5,11.8,0,48.6,0.27
2037-XJFUP,CELL_778C,2024-12-01,2024-12-07,-108.6,5.7,9,87.3,4.46
2038-LLMLM,CELL_134C,2024-12-01,2024-12-07,-86.5,15.2,0,58.0,0.2
2038-OEQZH,CELL_134C,2024-12-01,2024-12-07,-92.9,14.2,1,49.8,0.36
2038-YSEZE,CELL_301C,2024-12-01,2024-12-07,-104.2,3.9,13,91.4,5.69
2039-JONDJ,CELL_301C,2024-12-01,2024-12-07,-92.3,11.5,0,50.4,0.53
2040-LDIWQ,CELL_889D,2024-12-01,2024-12-07,-86.1,16.3,1,31.6,0.22
2040-OBMLJ,CELL_889D,2024-12-01,2024-12-07,-88.7,15.7,1,57.1,0.13
2040-VZIKE,CELL_411A,2024-12-01,2024-12-07,-93.7,18.0,1,41.4,0.56
2040-XBAVJ,CELL_301C,2024-12-01,2024-12-07,-94.0,18.5,1,56.0,0.19
2041-JIJCI,CELL_101A,2024-12-01,2024-12-07,-91.9,9.3,6,79.7,2.55
2043-WVTQJ,CELL_502B,2024-12-01,2024-12-07,-94.2,17.2,0,45.3,0.18
2045-BMBTJ,CELL_234A,2024-12-01,2024-12-07,-90.2,13.7,0,39.5,0.48
2049-BAFNW,CELL_234A,2024-12-01,2024-12-07,-95.9,15.0,1,47.8,0.37
2050-ONYDQ,CELL_101A,2024-12-01,2024-12-07,-97.4,7.3,4,73.4,2.82
2054-PJOCK,CELL_502B,2024-12-01,2024-12-07,-97.9,12.4,0,44.0,0.54
2055-BFOCC,CELL_101A,2024-12-01,2024-12-07,-111.3,6.7,8,94.1,5.87
2055-PDADH,CELL_234A,2024-12-01,2024-12-07,-97.2,16.5,0,58.0,0.54
2055-SIFSS,CELL_101A,2024-12-01,2024-12-07,-84.8,13.6,1,40.9,0.43
2056-EVGZL,CELL_778C,2024-12-01,2024-12-07,-94.2,14.7,1,47.3,0.42
2057-BOYKM,CELL_301C,2024-12-01,2024-12-07,-91.4,16.6,0,52.5,0.51
2057-ZBLPD,CELL_101A,2024-12-01,2024-12-07,-89.5,12.2,1,40.6,0.26
2058-DCJBE,CELL_101A,2024-12-01,2024-12-07,-104.8,3.9,12,91.1,3.47
2061-VVFST,CELL_502B,2024-12-01,2024-12-07,-92.4,13.4,1,34.8,0.55
2065-MMKGR,CELL_134C,2024-12-01,2024-12-07,-93.2,10.5,1,40.4,0.41
2067-QYTCF,CELL_889D,2024-12-01,2024-12-07,-88.5,16.3,0,41.6,0.27
2068-WWXQZ,CELL_411A,2024-12-01,2024-12-07,-104.6,9.6,3,82.1,1.92
2070-FNEXE,CELL_411A,2024-12-01,2024-12-07,-89.9,12.2,0,31.1,0.55
2070-XYMFH,CELL_245B,2024-12-01,2024-12-07,-87.7,13.3,1,58.8,0.5
2072-ZVJJX,CELL_112B,2024-12-01,2024-12-07,-90.5,20.0,0,52.0,0.41
2073-QBVBI,CELL_245B,2024-12-01,2024-12-07,-109.8,5.2,13,92.6,4.34
2074-GKOWZ,CELL_234A,2024-12-01,2024-12-07,-102.0,9.5,6,72.3,2.79
2074-GUHPQ,CELL_234A,2024-12-01,2024-12-07,-88.2,11.9,0,49.4,0.18
2075-PUEPR,CELL_112B,2024-12-01,2024-12-07,-90.5,16.3,1,53.6,0.5
2075-RMJIK,CELL_411A,2024-12-01,2024-12-07,-90.5,12.8,0,45.8,0.56
2077-DDHJK,CELL_112B,2024-12-01,2024-12-07,-95.5,8.8,1,56.6,0.33
2077-MPJQO,CELL_502B,2024-12-01,2024-12-07,-96.4,17.5,0,58.3,0.36
2079-FBMZK,CELL_301C,2024-12-01,2024-12-07,-95.6,9.4,6,76.8,2.01
2080-CAZNM,CELL_778C,2024-12-01,2024-12-07,-94.2,13.8,1,35.5,0.28
2080-GKCWQ,CELL_778C,2024-12-01,2024-12-07,-84.1,12.8,0,36.6,0.5
2080-SRCDE,CELL_778C,2024-12-01,2024-12-07,-99.2,10.0,5,75.0,2.65
2081-KJSQF,CELL_889D,2024-12-01,2024-12-07,-91.9,9.5,1,31.0,0.4
2081-VEYEH,CELL_101A,2024-12-01,2024-12-07,-95.4,15.4,1,32.6,0.15
2082-CEFLT,CELL_234A,2024-12-01,2024-12-07,-99.1,9.0,3,70.6,1.96
2082-OJVTK,CELL_134C,2024-12-01,2024-12-07,-105.3,3.3,14,88.1,5.67
2085-BOJKI,CELL_134C,2024-12-01,2024-12-07,-89.7,15.9,1,39.4,0.34
2085-JVGAD,CELL_301C,2024-12-01,2024-12-07,-98.6,12.1,3,76.2,2.58
2087-QAREY,CELL_411A,2024-12-01,2024-12-07,-90.5,16.5,0,34.8,0.49
2088-IEBAU,CELL_112B,2024-12-01,2024-12-07,-104.4,5.6,5,80.4,2.36
2091-GPPIQ,CELL_502B,2024-12-01,2024-12-07,-86.9,15.2,1,32.5,0.48
2091-MJTFX,CELL_234A,2024-12-01,2024-12-07,-90.1,13.5,1,58.4,0.24
2091-RFFBA,CELL_778C,2024-12-01,2024-12-07,-84.0,14.1,0,52.9,0.1
2096-XOTMO,CELL_889D,2024-12-01,2024-12-07,-97.3,10.4,3,81.6,1.9
2097-YVPKN,CELL_245B,2024-12-01,2024-12-07,-107.5,4.4,13,91.6,3.23
2100-BDNSN,CELL_112B,2024-12-01,2024-12-07,-86.9,12.4,1,58.9,0.55
2101-RANCD,CELL_502B,2024-12-01,2024-12-07,-87.6,13.9,0,39.6,0.47
2103-ZRXFN,CELL_234A,2024-12-01,2024-12-07,-87.0,13.2,1,42.3,0.41
2105-PHWON,CELL_134C,2024-12-01,2024-12-07,-86.8,17.0,0,48.7,0.17
2107-FBPTK,CELL_134C,2024-12-01,2024-12-07,-103.3,9.9,3,77.2,2.83
2108-GLPQB,CELL_411A,2024-12-01,2024-12-07,-85.9,13.7,0,33.0,0.58
2108-XWMPY,CELL_411A,2024-12-01,2024-12-07,-91.8,19.1,1,45.0,0.22
2108-YKQTY,CELL_234A,2024-12-01,2024-12-07,-85.8,14.1,0,44.6,0.34
2111-DWYHN,CELL_101A,2024-12-01,2024-12-07,-111.9,3.8,8,91.5,4.82
2114-MGINA,CELL_411A,2024-12-01,2024-12-07,-109.9,8.2,13,94.8,5.43
2115-BFTIW,CELL_112B,2024-12-01,2024-12-07,-101.3,9.1,3,81.5,2.9
2120-SMPEX,CELL_234A,2024-12-01,2024-12-07,-108.4,4.8,9,96.4,3.25
2121-JAFOM,CELL_245B,2024-12-01,2024-12-07,-90.7,16.0,0,37.6,0.3
2122-SZZZD,CELL_112B,2024-12-01,2024-12-07,-95.0,7.0,6,83.5,2.81
2122-YWVYA,CELL_234A,2024-12-01,2024-12-07,-90.8,15.4,0,51.4,0.57
2123-AGEEN,CELL_778C,2024-12-01,2024-12-07,-91.6,14.2,0,59.0,0.23
2123-VSCOT,CELL_889D,2024-12-01,2024-12-07,-89.6,17.3,0,58.4,0.31
2126-GSEGL,CELL_245B,2024-12-01,2024-12-07,-90.1,14.6,1,38.5,0.54
2129-ALKBS,CELL_245B,2024-12-01,2024-12-07,-92.9,14.3,1,56.1,0.43
2133-TSRRM,CELL_411A,2024-12-01,2024-12-07,-104.2,3.6,14,92.8,5.09
2135-DQWAQ,CELL_134C,2024-12-01,2024-12-07,-81.7,11.9,0,54.4,0.53
2135-RXIHG,CELL_411A,2024-12-01,2024-12-07,-90.7,15.8,1,48.9,0.3
2137-DQMEV,CELL_134C,2024-12-01,2024-12-07,-102.6,10.2,3,80.0,1.5
2138-VFAPZ,CELL_301C,2024-12-01,2024-12-07,-101.8,5.6,4,76.7,2.84
2139-FQHLM,CELL_245B,2024-12-01,2024-12-07,-89.4,13.9,0,32.8,0.48
2141-RRYGO,CELL_411A,2024-12-01,2024-12-07,-86.1,18.9,1,33.1,0.54
2143-LJULT,CELL_134C,2024-12-01,2024-12-07,-86.1,15.2,0,46.3,0.24
2144-BFDSO,CELL_134C,2024-12-01,2024-12-07,-109.2,4.3,8,85.8,4.93
2144-ESWKO,CELL_778C,2024-12-01,2024-12-07,-87.3,15.4,0,44.6,0.28
2146-EGVDT,CELL_889D,2024-12-01,2024-12-07,-92.7,15.7,1,38.8,0.29
2150-OEGBV,CELL_411A,2024-12-01,2024-12-07,-91.6,15.4,1,55.0,0.25
2150-UWTFY,CELL_112B,2024-12-01,2024-12-07,-99.9,9.0,6,74.0,1.51
2150-WLKUW,CELL_112B,2024-12-01,2024-12-07,-103.7,8.5,6,84.2,1.87
2153-MREFK,CELL_245B,2024-12-01,2024-12-07,-94.7,20.7,0,36.2,0.51
2154-KVJFF,CELL_245B,2024-12-01,2024-12-07,-87.6,17.4,0,35.7,0.39
2155-AMQRX,CELL_101A,2024-12-01,2024-12-07,-88.6,14.3,0,31.7,0.14
2157-MXBJS,CELL_301C,2024-12-01,2024-12-07,-104.1,4.1,14,91.4,4.54
2159-TURXX,CELL_134C,2024-12-01,2024-12-07,-91.0,11.6,1,50.3,0.49
2160-GPFXD,CELL_889D,2024-12-01,2024-12-07,-92.0,9.6,5,77.4,2.32
2162-FRZAA,CELL_134C,2024-12-01,2024-12-07,-88.5,13.7,1,35.3,0.46
2164-SOQXL,CELL_502B,2024-12-01,2024-12-07,-93.0,16.5,1,43.6,0.37
2165-VOEGB,CELL_411A,2024-12-01,2024-12-07,-90.2,17.4,1,34.6,0.53
2167-FQSTQ,CELL_245B,2024-12-01,2024-12-07,-92.9,15.1,0,50.2,0.42
2169-RRLFW,CELL_134C,2024-12-01,2024-12-07,-89.3,13.3,0,37.9,0.18
2171-UDMFD,CELL_101A,2024-12-01,2024-12-07,-93.9,13.5,0,32.7,0.32
2172-EJXVF,CELL_112B,2024-12-01,2024-12-07,-84.5,16.2,0,38.5,0.55
2176-LVPNX,CELL_301C,2024-12-01,2024-12-07,-90.1,14.9,0,49.5,0.11
2176-OSJUV,CELL_101A,2024-12-01,2024-12-07,-89.5,17.7,1,52.2,0.51
2178-PMGCJ,CELL_778C,2024-12-01,2024-12-07,-104.5,10.1,3,80.4,2.36
2180-DXNEG,CELL_778C,2024-12-01,2024-12-07,-106.9,5.6,6,77.7,2.24
2181-TIDSV,CELL_778C,2024-12-01,2024-12-07,-109.6,3.7,14,90.5,4.34
2181-UAESM,CELL_778C,2024-12-01,2024-12-07,-87.8,13.9,0,50.6,0.53
2186-QZEYA,CELL_411A,2024-12-01,2024-12-07,-92.8,13.8,1,51.4,0.2
2187-LZGPL,CELL_778C,2024-12-01,2024-12-07,-103.6,11.1,3,72.2,2.33
2187-PKZAY,CELL_301C,2024-12-01,2024-12-07,-84.8,15.4,1,49.9,0.43
2188-SXWVT,CELL_245B,2024-12-01,2024-12-07,-109.0,1.3,12,90.6,5.45
2189-UXTKY,CELL_134C,2024-12-01,2024-12-07,-89.8,17.4,0,36.8,0.24
2189-WWOEW,CELL_234A,2024-12-01,2024-12-07,-98.7,6.2,6,76.8,2.63
2190-BCXEC,CELL_101A,2024-12-01,2024-12-07,-88.6,16.2,1,49.5,0.16
2190-PHBHR,CELL_301C,2024-12-01,2024-12-07,-109.6,10.8,5,80.2,2.25
2192-CKRLV,CELL_234A,2024-12-01,2024-12-07,-90.8,13.9,0,42.1,0.21
2192-OZITF,CELL_245B,2024-12-01,2024-12-07,-100.6,4.6,4,79.2,1.56
2193-SFWQW,CELL_101A,2024-12-01,2024-12-07,-89.6,16.8,1,55.1,0.43
2194-IIQOF,CELL_234A,2024-12-01,2024-12-07,-94.7,17.2,0,40.1,0.25
2195-VVRJF,CELL_889D,2024-12-01,2024-12-07,-89.8,14.4,0,44.9,0.43
2195-ZRVAX,CELL_245B,2024-12-01,2024-12-07,-96.0,13.7,1,51.8,0.14
2197-OMWGI,CELL_502B,2024-12-01,2024-12-07,-103.9,9.7,4,76.3,2.94
2200-DSAAL,CELL_112B,2024-12-01,2024-12-07,-95.0,8.8,6,82.9,2.54
2202-CUYXZ,CELL_245B,2024-12-01,2024-12-07,-102.1,6.5,6,71.2,1.61
2202-OUTMO,CELL_134C,2024-12-01,2024-12-07,-91.2,16.0,1,42.1,0.35
2203-GHNWN,CELL_101A,2024-12-01,2024-12-07,-102.6,9.4,3,76.2,1.99
2205-LPVGL,CELL_778C,2024-12-01,2024-12-07,-106.0,4.2,11,87.9,4.48
2205-YMZZJ,CELL_411A,2024-12-01,2024-12-07,-96.3,14.7,1,37.2,0.49
2207-NHRJK,CELL_778C,2024-12-01,2024-12-07,-90.5,13.9,0,49.7,0.58
2207-OBZNX,CELL_245B,2024-12-01,2024-12-07,-92.9,16.9,0,49.2,0.23
2207-QPJED,CELL_301C,2024-12-01,2024-12-07,-90.0,11.9,1,44.8,0.12
2207-RYYRL,CELL_301C,2024-12-01,2024-12-07,-98.0,7.1,3,75.9,1.79
2208-MPXIO,CELL_101A,2024-12-01,2024-12-07,-89.6,13.7,1,52.5,0.58
2208-NKVVH,CELL_301C,2024-12-01,2024-12-07,-94.7,14.5,1,54.9,0.45
2208-NQBCT,CELL_101A,2024-12-01,2024-12-07,-90.4,16.2,1,55.7,0.37
2208-UGTGR,CELL_101A,2024-12-01,2024-12-07,-87.5,12.7,0,45.2,0.36
2209-XADXF,CELL_112B,2024-12-01,2024-12-07,-97.6,9.6,5,79.5,2.02
2211-RMNHO,CELL_112B,2024-12-01,2024-12-07,-103.2,4.9,5,83.8,1.58
2212-LYASK,CELL_889D,2024-12-01,2024-12-07,-87.9,10.7,1,51.2,0.25
2215-ZAFGX,CELL_101A,2024-12-01,2024-12-07,-105.6,7.1,6,80.7,2.87
2219-MVUSO,CELL_889D,2024-12-01,2024-12-07,-105.0,5.8,12,94.4,5.03
2220-IAHLS,CELL_301C,2024-12-01,2024-12-07,-90.3,18.8,0,42.5,0.47
2223-GDSHL,CELL_134C,2024-12-01,2024-12-07,-92.4,15.1,1,58.3,0.12
2223-KAGMX,CELL_112B,2024-12-01,2024-12-07,-107.7,4.2,10,88.0,5.2
2225-ZRGSG,CELL_112B,2024-12-01,2024-12-07,-92.7,13.9,1,47.4,0.55
2226-ICFDO,CELL_411A,2024-12-01,2024-12-07,-104.5,2.2,14,93.1,4.01
2227-JRSJX,CELL_134C,2024-12-01,2024-12-07,-110.0,2.5,14,96.5,5.52
2228-BZDEE,CELL_301C,2024-12-01,2024-12-07,-109.7,4.0,12,89.2,5.23
2229-DPMBI,CELL_411A,2024-12-01,2024-12-07,-90.2,15.9,1,50.3,0.15
2229-VWQJH,CELL_234A,2024-12-01,2024-12-07,-103.4,10.6,4,79.8,2.83
2230-XTUWL,CELL_411A,2024-12-01,2024-12-07,-87.3,14.7,0,47.3,0.12
2232-DMLXU,CELL_234A,2024-12-01,2024-12-07,-87.0,15.1,0,50.0,0.12
2233-FAGXV,CELL_778C,2024-12-01,2024-12-07,-86.8,12.0,0,46.7,0.55
2233-TXSIU,CELL_411A,2024-12-01,2024-12-07,-93.6,13.8,1,50.7,0.36
2234-EOFPT,CELL_112B,2024-12-01,2024-12-07,-91.8,13.0,1,53.4,0.11
2234-XADUH,CELL_301C,2024-12-01,2024-12-07,-107.5,5.4,10,95.5,3.57
2235-DWLJU,CELL_889D,2024-12-01,2024-12-07,-98.7,6.9,3,79.6,1.56
2235-EZAIK,CELL_778C,2024-12-01,2024-12-07,-94.8,9.1,3,74.7,2.51
2235-ZGKPT,CELL_101A,2024-12-01,2024-12-07,-108.9,5.8,12,95.0,4.68
2236-HILPA,CELL_245B,2024-12-01,2024-12-07,-89.8,17.1,1,45.4,0.57
2237-ZFSMY,CELL_134C,2024-12-01,2024-12-07,-113.6,4.3,8,85.7,5.81
2239-CFOUJ,CELL_889D,2024-12-01,2024-12-07,-101.0,4.9,10,86.2,5.3
2239-CGBUZ,CELL_112B,2024-12-01,2024-12-07,-92.5,17.2,1,51.6,0.38
2239-JALAW,CELL_112B,2024-12-01,2024-12-07,-91.9,15.9,0,47.8,0.57
2240-HSJQD,CELL_234A,2024-12-01,2024-12-07,-103.3,11.5,4,83.5,1.9
2242-MFOTG,CELL_101A,2024-12-01,2024-12-07,-102.2,8.6,4,79.7,2.03
2243-FNMMI,CELL_112B,2024-12-01,2024-12-07,-85.4,15.6,0,30.5,0.15
2245-ADZFJ,CELL_134C,2024-12-01,2024-12-07,-92.0,11.2,1,43.4,0.14
2249-YPRNG,CELL_234A,2024-12-01,2024-12-07,-108.4,5.2,12,85.7,4.22
2250-IVBWA,CELL_778C,2024-12-01,2024-12-07,-87.8,15.2,1,32.9,0.31
2251-PYLPB,CELL_112B,2024-12-01,2024-12-07,-99.7,9.5,6,72.7,2.94
2252-ISRNH,CELL_101A,2024-12-01,2024-12-07,-94.7,12.7,0,49.0,0.56
2252-JHJGE,CELL_301C,2024-12-01,2024-12-07,-88.1,12.8,1,34.9,0.44
2252-NKNSI,CELL_411A,2024-12-01,2024-12-07,-89.2,14.3,0,43.9,0.4
2253-KPMNB,CELL_112B,2024-12-01,2024-12-07,-88.4,13.5,1,57.6,0.16
2254-DLXRI,CELL_234A,2024-12-01,2024-12-07,-86.0,14.5,0,42.8,0.22
2256-YLYLP,CELL_112B,2024-12-01,2024-12-07,-92.5,16.8,0,48.1,0.38
2257-BOVXD,CELL_301C,2024-12-01,2024-12-07,-87.9,15.2,0,49.8,0.41
2259-OUUSZ,CELL_778C,2024-12-01,2024-12-07,-92.4,12.1,0,49.4,0.27
2260-USTRB,CELL_411A,2024-12-01,2024-12-07,-95.4,7.8,3,74.9,2.0
2262-SLNVK,CELL_889D,2024-12-01,2024-12-07,-107.9,4.0,12,97.1,4.9
2263-SFSQZ,CELL_889D,2024-12-01,2024-12-07,-87.3,12.2,0,58.3,0.34
2265-CYWIV,CELL_101A,2024-12-01,2024-12-07,-88.2,14.6,0,50.4,0.3
2266-FUBDZ,CELL_234A,2024-12-01,2024-12-07,-88.0,15.3,0,30.0,0.57
2266-SJNAT,CELL_101A,2024-12-01,2024-12-07,-91.5,13.8,1,38.1,0.5
2267-FPIMA,CELL_301C,2024-12-01,2024-12-07,-84.1,13.9,0,33.5,0.15
2267-WTPYD,CELL_101A,2024-12-01,2024-12-07,-105.8,4.7,11,96.0,3.72
2270-CHBFN,CELL_234A,2024-12-01,2024-12-07,-92.8,5.3,4,76.5,1.84
2272-JKMSI,CELL_101A,2024-12-01,2024-12-07,-113.0,4.2,8,93.5,3.21
2272-QAGFO,CELL_112B,2024-12-01,2024-12-07,-88.6,15.3,1,42.4,0.46
2272-UOINI,CELL_778C,2024-12-01,2024-12-07,-86.6,14.7,0,35.5,0.32
2272-WUSPA,CELL_411A,2024-12-01,2024-12-07,-105.9,4.6,6,76.2,1.81
2273-QCKXA,CELL_101A,2024-12-01,2024-12-07,-101.3,2.6,13,95.9,4.41
2274-XUATA,CELL_134C,2024-12-01,2024-12-07,-105.8,7.0,3,71.0,2.2
2275-RBYQS,CELL_778C,2024-12-01,2024-12-07,-88.7,17.3,0,56.0,0.12
2276-YDAVZ,CELL_502B,2024-12-01,2024-12-07,-111.8,5.1,11,88.8,4.49
2277-AXSDC,CELL_889D,2024-12-01,2024-12-07,-95.4,11.8,0,49.8,0.54
2277-BKJKN,CELL_502B,2024-12-01,2024-12-07,-94.9,13.6,1,30.3,0.41
2277-DJJDL,CELL_301C,2024-12-01,2024-12-07,-109.7,2.4,14,88.9,4.8
2277-VWCNI,CELL_502B,2024-12-01,2024-12-07,-105.8,5.2,10,92.9,5.61
2279-AXJJK,CELL_112B,2024-12-01,2024-12-07,-90.1,14.4,1,49.4,0.12
2282-YGNOR,CELL_411A,2024-12-01,2024-12-07,-100.3,6.7,3,77.7,2.35
2284-VFLKH,CELL_234A,2024-12-01,2024-12-07,-102.7,3.9,14,90.1,3.95
2292-XQWSV,CELL_411A,2024-12-01,2024-12-07,-104.3,7.4,3,74.1,1.61
2293-IJWPS,CELL_411A,2024-12-01,2024-12-07,-90.5,18.7,0,51.2,0.35
2294-DMMUS,CELL_301C,2024-12-01,2024-12-07,-97.9,7.3,4,74.9,2.67
2294-SALNE,CELL_889D,2024-12-01,2024-12-07,-90.4,18.2,0,59.8,0.17
2296-DKZFP,CELL_112B,2024-12-01,2024-12-07,-91.4,17.6,0,54.2,0.43
2300-RQGOI,CELL_301C,2024-12-01,2024-12-07,-91.4,18.3,0,30.1,0.22
2302-ANTDP,CELL_101A,2024-12-01,2024-12-07,-92.3,15.7,0,49.3,0.15
2302-OUZXB,CELL_245B,2024-12-01,2024-12-07,-88.7,14.9,1,32.4,0.57
2303-PJYHN,CELL_134C,2024-12-01,2024-12-07,-88.0,14.1,0,48.9,0.15
2305-MRGLV,CELL_889D,2024-12-01,2024-12-07,-89.2,14.1,0,47.9,0.27
2307-FYNNL,CELL_411A,2024-12-01,2024-12-07,-102.3,7.3,5,75.3,3.0
2308-STERM,CELL_889D,2024-12-01,2024-12-07,-84.1,16.7,0,34.9,0.29
2309-OSFEU,CELL_245B,2024-12-01,2024-12-07,-98.6,6.0,4,81.8,2.5
2311-QYMUQ,CELL_112B,2024-12-01,2024-12-07,-104.1,7.0,4,79.0,1.59
2314-TNDJQ,CELL_411A,2024-12-01,2024-12-07,-89.8,16.9,1,56.4,0.6
2316-ESMLS,CELL_112B,2024-12-01,2024-12-07,-87.6,13.5,1,39.4,0.16
2320-JRSDE,CELL_101A,2024-12-01,2024-12-07,-90.4,6.5,3,70.4,2.53
2320-SLKMB,CELL_134C,2024-12-01,2024-12-07,-97.4,8.3,3,84.7,2.46
2320-TZRRH,CELL_502B,2024-12-01,2024-12-07,-93.6,15.1,0,42.3,0.11
2320-YKQBO,CELL_502B,2024-12-01,2024-12-07,-87.5,13.7,0,36.3,0.44
2321-OMBXY,CELL_411A,2024-12-01,2024-12-07,-101.3,5.1,4,74.8,2.76
2322-VCZHZ,CELL_889D,2024-12-01,2024-12-07,-96.0,5.4,5,79.8,1.84
2323-ARSVR,CELL_112B,2024-12-01,2024-12-07,-92.8,12.7,0,58.8,0.41
2324-AALNO,CELL_112B,2024-12-01,2024-12-07,-92.6,13.0,1,33.1,0.46
2324-EFHVG,CELL_301C,2024-12-01,2024-12-07,-91.8,15.6,1,33.1,0.3
2325-NBPZG,CELL_245B,2024-12-01,2024-12-07,-98.9,6.7,4,82.6,2.17
2325-WINES,CELL_112B,2024-12-01,2024-12-07,-111.7,4.9,13,90.2,3.9
2325-ZUSFD,CELL_411A,2024-12-01,2024-12-07,-91.9,16.7,1,56.8,0.35
2330-PQGDQ,CELL_101A,2024-12-01,2024-12-07,-88.8,15.9,0,43.6,0.47
2332-EFBJY,CELL_234A,2024-12-01,2024-12-07,-97.5,9.1,5,75.3,2.46
2332-TODQS,CELL_778C,2024-12-01,2024-12-07,-91.3,14.4,0,55.5,0.49
2333-KWEWW,CELL_411A,2024-12-01,2024-12-07,-87.6,13.8,0,59.2,0.59
2335-GSODA,CELL_301C,2024-12-01,2024-12-07,-91.3,18.6,1,54.2,0.24
2338-BQEZT,CELL_101A,2024-12-01,2024-12-07,-84.5,14.5,1,33.8,0.19
2342-CKIAO,CELL_411A,2024-12-01,2024-12-07,-89.9,15.2,0,53.2,0.28
2344-JMOGN,CELL_778C,2024-12-01,2024-12-07,-88.5,12.8,1,46.6,0.42
2346-CZYIL,CELL_301C,2024-12-01,2024-12-07,-108.0,3.5,8,95.7,3.63
2346-DJQTB,CELL_411A,2024-12-01,2024-12-07,-91.6,14.3,0,52.0,0.44
2346-LOCWC,CELL_411A,2024-12-01,2024-12-07,-91.5,16.4,1,51.9,0.37
2347-WKKAE,CELL_134C,2024-12-01,2024-12-07,-95.1,6.8,4,71.6,2.52
2348-KCJLT,CELL_778C,2024-12-01,2024-12-07,-88.8,15.3,0,55.5,0.21
2351-BKRZW,CELL_112B,2024-12-01,2024-12-07,-102.6,5.3,6,78.8,2.96
2351-RRBUE,CELL_134C,2024-12-01,2024-12-07,-87.3,15.1,1,42.3,0.47
2357-COQEK,CELL_889D,2024-12-01,2024-12-07,-90.9,14.1,1,59.6,0.29
2359-KLTEK,CELL_301C,2024-12-01,2024-12-07,-93.8,15.9,1,35.9,0.41
2359-KMGLI,CELL_234A,2024-12-01,2024-12-07,-92.3,15.8,1,59.2,0.43
2359-QWQUL,CELL_101A,2024-12-01,2024-12-07,-106.4,6.7,5,74.7,2.74
2360-RDGRO,CELL_234A,2024-12-01,2024-12-07,-86.0,15.9,0,48.9,0.16
2361-FJWNO,CELL_411A,2024-12-01,2024-12-07,-93.9,16.8,1,33.2,0.23
2361-UPSND,CELL_411A,2024-12-01,2024-12-07,-81.9,16.6,1,59.1,0.29
2362-IBOOY,CELL_889D,2024-12-01,2024-12-07,-91.3,15.4,1,48.5,0.45
2363-BJLSL,CELL_134C,2024-12-01,2024-12-07,-105.1,3.6,12,94.1,4.93
2364-UFROM,CELL_234A,2024-12-01,2024-12-07,-106.5,3.8,9,86.5,3.92
2368-GAKKQ,CELL_778C,2024-12-01,2024-12-07,-102.4,10.5,5,78.0,2.74
2369-FEVNO,CELL_245B,2024-12-01,2024-12-07,-91.7,16.0,1,56.1,0.16
2369-UAPKZ,CELL_134C,2024-12-01,2024-12-07,-105.8,6.7,10,86.6,4.26
2371-JQHZZ,CELL_301C,2024-12-01,2024-12-07,-109.3,7.3,5,70.3,2.71
2371-JUNGC,CELL_134C,2024-12-01,2024-12-07,-85.4,17.4,1,44.6,0.25
2371-KFUOG,CELL_301C,2024-12-01,2024-12-07,-112.2,5.4,8,94.5,3.12
2372-HWUHI,CELL_301C,2024-12-01,2024-12-07,-91.3,13.8,0,40.0,0.27
2373-NTKOD,CELL_234A,2024-12-01,2024-12-07,-102.8,8.7,4,75.7,1.98
2378-HTWFW,CELL_134C,2024-12-01,2024-12-07,-104.7,10.0,6,78.5,2.53
2378-VTKDH,CELL_301C,2024-12-01,2024-12-07,-90.7,13.2,1,37.7,0.16
2378-YIZKA,CELL_101A,2024-12-01,2024-12-07,-108.5,3.5,9,95.5,5.94
2379-ENZGV,CELL_112B,2024-12-01,2024-12-07,-92.4,17.7,1,46.9,0.26
2379-GYFLQ,CELL_245B,2024-12-01,2024-12-07,-86.9,13.2,1,54.1,0.18
2380-DAMQP,CELL_778C,2024-12-01,2024-12-07,-92.3,12.6,1,46.5,0.28
2382-BCKQJ,CELL_778C,2024-12-01,2024-12-07,-89.3,13.0,1,30.1,0.26
2384-OVPSA,CELL_234A,2024-12-01,2024-12-07,-114.0,4.5,13,90.8,3.76
2386-LAHRK,CELL_778C,2024-12-01,2024-12-07,-86.4,12.5,1,42.4,0.27
2386-OWURY,CELL_134C,2024-12-01,2024-12-07,-93.3,16.3,0,31.2,0.3
2387-KDZQY,CELL_502B,2024-12-01,2024-12-07,-88.2,16.2,1,30.3,0.41
2388-LAESQ,CELL_245B,2024-12-01,2024-12-07,-86.8,14.5,1,35.4,0.17
2391-IPLOP,CELL_502B,2024-12-01,2024-12-07,-93.2,13.7,1,35.5,0.48
2391-SOORI,CELL_245B,2024-12-01,2024-12-07,-86.1,11.8,0,31.9,0.51
2393-DIVAI,CELL_301C,2024-12-01,2024-12-07,-93.3,15.0,0,45.6,0.47
2397-BRLOM,CELL_778C,2024-12-01,2024-12-07,-116.1,4.5,8,92.9,3.54
2398-YPMUR,CELL_134C,2024-12-01,2024-12-07,-105.5,4.9,10,96.0,4.32
2400-FEQME,CELL_502B,2024-12-01,2024-12-07,-88.5,15.0,1,53.5,0.15
2400-XIWIO,CELL_301C,2024-12-01,2024-12-07,-104.2,4.1,9,93.0,4.93
2402-TAIRZ,CELL_134C,2024-12-01,2024-12-07,-110.1,5.2,13,87.8,3.12
2403-BCASL,CELL_101A,2024-12-01,2024-12-07,-102.1,7.0,5,81.4,2.69
2404-JIBFC,CELL_301C,2024-12-01,2024-12-07,-99.8,8.0,4,70.4,2.41
2405-LBMUW,CELL_778C,2024-12-01,2024-12-07,-94.7,13.4,0,32.4,0.19
2408-PSJVE,CELL_502B,2024-12-01,2024-12-07,-91.6,12.9,0,43.2,0.13
2408-TZMJL,CELL_889D,2024-12-01,2024-12-07,-100.6,8.2,6,78.4,2.86
2408-WITXK,CELL_245B,2024-12-01,2024-12-07,-104.1,7.6,4,81.8,2.19
2410-CIYFZ,CELL_502B,2024-12-01,2024-12-07,-90.1,16.4,1,48.2,0.39
2418-TPEUN,CELL_502B,2024-12-01,2024-12-07,-88.1,15.8,1,49.4,0.52
2419-FSORS,CELL_411A,2024-12-01,2024-12-07,-112.1,4.3,13,89.5,5.68
2424-WVHPL,CELL_502B,2024-12-01,2024-12-07,-83.5,10.4,0,54.4,0.17
2428-HYUNX,CELL_112B,2024-12-01,2024-12-07,-101.1,4.9,3,80.6,2.48
2428-ZMCTB,CELL_234A,2024-12-01,2024-12-07,-92.1,14.8,0,43.1,0.3
2429-AYKKO,CELL_889D,2024-12-01,2024-12-07,-88.5,18.1,1,38.8,0.24
2430-RRYUW,CELL_411A,2024-12-01,2024-12-07,-93.7,15.0,0,45.4,0.19
2430-USGXP,CELL_301C,2024-12-01,2024-12-07,-87.3,15.8,1,46.9,0.44
2432-TFSMK,CELL_101A,2024-12-01,2024-12-07,-93.2,17.1,1,32.7,0.4
2433-KMEAS,CELL_411A,2024-12-01,2024-12-07,-87.2,16.4,0,47.3,0.28
2434-EEVDB,CELL_134C,2024-12-01,2024-12-07,-87.5,13.8,0,45.0,0.57
2436-QBZFP,CELL_301C,2024-12-01,2024-12-07,-86.7,19.7,0,55.0,0.53
2439-LYPMQ,CELL_411A,2024-12-01,2024-12-07,-92.1,14.8,1,41.4,0.32
2439-QKJUL,CELL_301C,2024-12-01,2024-12-07,-104.4,7.7,6,83.3,1.98
2446-BEGGB,CELL_101A,2024-12-01,2024-12-07,-88.5,13.6,1,47.2,0.23
2446-PLQVO,CELL_502B,2024-12-01,2024-12-07,-101.6,6.5,5,80.5,1.5
2446-ZKVAF,CELL_134C,2024-12-01,2024-12-07,-100.1,4.5,6,73.7,2.18
2450-ZKEED,CELL_234A,2024-12-01,2024-12-07,-89.9,14.8,0,32.2,0.47
2451-YMUXS,CELL_134C,2024-12-01,2024-12-07,-99.7,6.7,4,72.7,2.53
2452-KDRRH,CELL_134C,2024-12-01,2024-12-07,-86.7,15.4,1,37.3,0.24
2452-MRMZF,CELL_301C,2024-12-01,2024-12-07,-98.9,9.6,5,76.6,2.92
2452-SNHFZ,CELL_245B,2024-12-01,2024-12-07,-88.9,13.1,0,55.3,0.2
2453-SAFNS,CELL_101A,2024-12-01,2024-12-07,-96.6,10.2,6,74.1,2.71
2454-RPBRZ,CELL_234A,2024-12-01,2024-12-07,-96.5,2.6,6,84.5,1.64
2455-USLMV,CELL_112B,2024-12-01,2024-12-07,-87.2,17.4,1,49.5,0.43
2458-EOMRE,CELL_101A,2024-12-01,2024-12-07,-89.6,14.8,0,39.5,0.12
2460-FPSYH,CELL_778C,2024-12-01,2024-12-07,-98.5,6.9,3,73.5,1.77
2460-NGXBJ,CELL_301C,2024-12-01,2024-12-07,-90.9,15.5,1,58.2,0.53
2462-XIIJB,CELL_234A,2024-12-01,2024-12-07,-92.9,12.5,1,46.7,0.19
2465-BLLEU,CELL_301C,2024-12-01,2024-12-07,-92.2,11.4,0,48.3,0.56
2466-FCCPT,CELL_112B,2024-12-01,2024-12-07,-86.2,17.2,1,30.0,0.4
2466-NEJOJ,CELL_411A,2024-12-01,2024-12-07,-101.0,8.9,3,83.3,2.18
2468-SJFLM,CELL_234A,2024-12-01,2024-12-07,-108.8,2.3,12,97.0,4.37
2469-DTSGX,CELL_889D,2024-12-01,2024-12-07,-90.5,17.4,1,53.8,0.43
2472-OVKUP,CELL_889D,2024-12-01,2024-12-07,-90.1,13.0,1,43.3,0.49
2474-BRUCM,CELL_301C,2024-12-01,2024-12-07,-86.8,17.9,0,32.8,0.3
2474-LCNUE,CELL_112B,2024-12-01,2024-12-07,-85.5,11.3,1,39.7,0.17
2475-MROZF,CELL_234A,2024-12-01,2024-12-07,-108.2,5.5,11,93.6,5.45
2476-YGEFM,CELL_134C,2024-12-01,2024-12-07,-95.1,17.0,1,54.1,0.29
2478-EEWWM,CELL_112B,2024-12-01,2024-12-07,-110.4,3.7,14,97.5,4.07
2479-BRAMR,CELL_889D,2024-12-01,2024-12-07,-89.9,15.3,1,47.8,0.49
2480-EJWYP,CELL_112B,2024-12-01,2024-12-07,-101.5,8.8,5,84.5,2.53
2480-JZOSN,CELL_134C,2024-12-01,2024-12-07,-92.0,16.9,0,57.6,0.55
2480-SQIOB,CELL_778C,2024-12-01,2024-12-07,-95.1,14.2,1,43.3,0.19
2481-SBOYW,CELL_234A,2024-12-01,2024-12-07,-102.6,6.2,4,71.0,2.52
2482-CZGBB,CELL_101A,2024-12-01,2024-12-07,-91.5,12.9,1,36.5,0.18
2483-XSSMZ,CELL_134C,2024-12-01,2024-12-07,-92.0,14.4,0,43.9,0.34
2484-DGXPZ,CELL_301C,2024-12-01,2024-12-07,-89.0,16.0,0,46.1,0.25
2485-ITVKB,CELL_245B,2024-12-01,2024-12-07,-88.7,13.7,1,57.2,0.47
2486-WYVVE,CELL_101A,2024-12-01,2024-12-07,-102.9,7.7,8,89.8,4.21
2495-INZWQ,CELL_101A,2024-12-01,2024-12-07,-90.0,14.8,1,55.8,0.18
2495-KZNFB,CELL_502B,2024-12-01,2024-12-07,-114.7,2.2,14,86.0,4.46
2495-TTHBQ,CELL_502B,2024-12-01,2024-12-07,-101.6,5.9,5,83.7,2.99
2498-XLDZR,CELL_134C,2024-12-01,2024-12-07,-90.7,14.3,1,59.4,0.48
2499-AJYUA,CELL_778C,2024-12-01,2024-12-07,-91.1,8.4,3,84.9,1.77
2501-XWWTZ,CELL_112B,2024-12-01,2024-12-07,-95.2,8.0,6,82.5,2.7
2504-DSHIH,CELL_778C,2024-12-01,2024-12-07,-93.8,13.4,1,50.6,0.44
2506-CLAKW,CELL_502B,2024-12-01,2024-12-07,-94.9,13.6,0,46.7,0.57
2506-TNFCO,CELL_134C,2024-12-01,2024-12-07,-96.0,8.0,4,82.4,2.14
2507-QZPQS,CELL_101A,2024-12-01,2024-12-07,-103.8,6.2,3,77.4,1.96
2509-TFPJU,CELL_411A,2024-12-01,2024-12-07,-89.6,16.4,1,36.4,0.2
2511-ALLCS,CELL_134C,2024-12-01,2024-12-07,-94.3,14.1,1,33.4,0.32
2511-MORQY,CELL_101A,2024-12-01,2024-12-07,-96.2,7.9,4,72.3,2.82
2514-GINMM,CELL_411A,2024-12-01,2024-12-07,-95.9,12.0,0,57.0,0.57
2516-VQRRV,CELL_301C,2024-12-01,2024-12-07,-98.1,5.9,4,82.2,2.92
2516-XSJKX,CELL_134C,2024-12-01,2024-12-07,-108.0,2.3,9,85.4,3.51
2519-ERQOJ,CELL_101A,2024-12-01,2024-12-07,-82.2,15.0,0,46.0,0.17
2519-FAKOD,CELL_134C,2024-12-01,2024-12-07,-88.8,12.6,1,50.6,0.31
2519-LBNQL,CELL_134C,2024-12-01,2024-12-07,-94.0,17.1,0,35.6,0.31
2519-TWKFS,CELL_778C,2024-12-01,2024-12-07,-93.7,16.7,0,38.8,0.1
2520-SGTTA,CELL_112B,2024-12-01,2024-12-07,-109.8,3.7,11,90.4,4.38
2521-NPUZR,CELL_101A,2024-12-01,2024-12-07,-95.0,5.1,4,73.6,1.89
2522-AHJXR,CELL_301C,2024-12-01,2024-12-07,-84.9,15.1,0,50.2,0.21
2522-WLNSF,CELL_889D,2024-12-01,2024-12-07,-99.6,12.5,4,80.0,2.14
2523-EWWZL,CELL_411A,2024-12-01,2024-12-07,-92.3,8.5,3,83.5,2.74
2525-GVKQU,CELL_112B,2024-12-01,2024-12-07,-104.5,5.6,11,90.1,5.6
2528-HFYZX,CELL_234A,2024-12-01,2024-12-07,-92.0,18.1,1,36.4,0.43
2530-ENDWQ,CELL_301C,2024-12-01,2024-12-07,-111.4,3.6,9,88.3,4.36
2530-FMFXO,CELL_889D,2024-12-01,2024-12-07,-89.4,14.9,1,43.4,0.16
2533-QVMSK,CELL_245B,2024-12-01,2024-12-07,-106.8,6.8,5,76.3,2.15
2533-TIBIX,CELL_234A,2024-12-01,2024-12-07,-99.9,6.7,6,79.3,2.64
2535-PBCGC,CELL_134C,2024-12-01,2024-12-07,-87.7,14.9,0,48.3,0.2
2538-OIMXF,CELL_245B,2024-12-01,2024-12-07,-92.1,13.9,0,40.8,0.21
2541-YGPKE,CELL_502B,2024-12-01,2024-12-07,-94.3,6.6,4,77.4,1.53
2542-HYGIQ,CELL_502B,2024-12-01,2024-12-07,-89.2,19.1,0,37.5,0.4
2545-EBUPK,CELL_502B,2024-12-01,2024-12-07,-98.9,4.6,5,73.8,1.89
2545-LXYVJ,CELL_101A,2024-12-01,2024-12-07,-96.3,17.7,0,51.1,0.27
2546-KZAAT,CELL_101A,2024-12-01,2024-12-07,-91.0,13.8,1,40.2,0.17
2550-AEVRU,CELL_502B,2024-12-01,2024-12-07,-91.3,16.6,0,43.1,0.33
2550-QHZGP,CELL_778C,2024-12-01,2024-12-07,-90.2,14.9,1,56.9,0.13
2558-BUOZZ,CELL_245B,2024-12-01,2024-12-07,-88.7,13.6,1,39.7,0.11
2560-PPCHE,CELL_301C,2024-12-01,2024-12-07,-101.1,15.2,1,44.3,0.48
2560-QTSBS,CELL_234A,2024-12-01,2024-12-07,-100.5,4.6,4,78.3,2.63
2560-WBWXF,CELL_101A,2024-12-01,2024-12-07,-110.8,2.9,8,85.5,3.37
2565-JSLRY,CELL_411A,2024-12-01,2024-12-07,-91.3,12.4,0,31.1,0.41
2568-BRGYX,CELL_134C,2024-12-01,2024-12-07,-102.0,7.5,5,75.4,2.37
2568-OIADY,CELL_889D,2024-12-01,2024-12-07,-91.9,14.5,1,39.0,0.58
2569-WGERO,CELL_101A,2024-12-01,2024-12-07,-103.0,8.8,6,79.8,1.99
2573-GYRUU,CELL_134C,2024-12-01,2024-12-07,-105.9,6.7,6,70.9,2.48
2575-GFSOE,CELL_245B,2024-12-01,2024-12-07,-93.7,17.2,0,47.5,0.56
2576-HXMPA,CELL_301C,2024-12-01,2024-12-07,-89.7,13.8,1,46.8,0.1
2577-GVSIL,CELL_134C,2024-12-01,2024-12-07,-89.8,12.3,1,43.2,0.12
2578-JQPHZ,CELL_301C,2024-12-01,2024-12-07,-90.2,16.7,0,34.3,0.56
2580-ASVVY,CELL_245B,2024-12-01,2024-12-07,-99.5,8.0,3,71.0,2.36
2580-ATZSQ,CELL_134C,2024-12-01,2024-12-07,-89.7,19.7,1,55.1,0.49
2581-VKIRT,CELL_234A,2024-12-01,2024-12-07,-106.3,5.2,12,90.4,4.7
2582-FFFZR,CELL_134C,2024-12-01,2024-12-07,-105.3,10.6,5,80.7,1.84
2585-KTFRE,CELL_778C,2024-12-01,2024-12-07,-93.5,15.4,0,40.0,0.29
2586-CWXVV,CELL_411A,2024-12-01,2024-12-07,-98.4,5.2,4,84.1,2.87
2587-EKXTS,CELL_301C,2024-12-01,2024-12-07,-96.2,16.3,1,51.7,0.45
2587-YNLES,CELL_301C,2024-12-01,2024-12-07,-91.9,14.4,1,41.9,0.19
2589-AYCRP,CELL_502B,2024-12-01,2024-12-07,-101.9,9.6,6,72.1,1.98
2592-HODOV,CELL_245B,2024-12-01,2024-12-07,-92.3,15.3,0,39.8,0.18
2592-SEIFQ,CELL_134C,2024-12-01,2024-12-07,-106.5,0.7,13,93.3,4.89
2592-YKDIF,CELL_234A,2024-12-01,2024-12-07,-98.8,8.1,4,72.9,1.54
2595-KIWPV,CELL_301C,2024-12-01,2024-12-07,-90.7,15.5,0,54.9,0.32
2599-CIPQE,CELL_889D,2024-12-01,2024-12-07,-87.1,20.1,0,55.2,0.43
2599-CZABP,CELL_234A,2024-12-01,2024-12-07,-92.8,8.0,4,78.9,1.75
2603-HVKCG,CELL_411A,2024-12-01,2024-12-07,-94.1,13.9,1,33.2,0.2
2604-IJPDU,CELL_101A,2024-12-01,2024-12-07,-88.9,14.1,1,56.8,0.29
2604-XVDAM,CELL_245B,2024-12-01,2024-12-07,-101.6,4.1,6,71.7,1.97
2606-PKWJB,CELL_889D,2024-12-01,2024-12-07,-91.8,16.6,0,53.4,0.57
2606-RMDHZ,CELL_134C,2024-12-01,2024-12-07,-98.2,5.0,6,76.0,1.76
2607-DHDAK,CELL_301C,2024-12-01,2024-12-07,-87.7,16.5,0,39.7,0.42
2607-FBDFF,CELL_234A,2024-12-01,2024-12-07,-89.0,17.1,0,53.5,0.2
2608-BHKFN,CELL_234A,2024-12-01,2024-12-07,-85.8,17.5,0,46.7,0.43
2609-IAICY,CELL_301C,2024-12-01,2024-12-07,-85.4,16.2,1,42.8,0.37
2612-PHGOX,CELL_112B,2024-12-01,2024-12-07,-87.1,18.2,1,32.4,0.31
2612-RANWT,CELL_889D,2024-12-01,2024-12-07,-107.7,9.2,4,80.3,2.06
2612-RRIDN,CELL_301C,2024-12-01,2024-12-07,-105.4,2.8,9,92.2,3.03
2615-YVMYX,CELL_778C,2024-12-01,2024-12-07,-110.8,6.2,11,93.9,4.54
2616-FLVQC,CELL_101A,2024-12-01,2024-12-07,-101.6,3.1,12,92.3,4.87
2616-UUTFK,CELL_134C,2024-12-01,2024-12-07,-102.1,10.5,6,84.0,2.87
2619-WFQWU,CELL_502B,2024-12-01,2024-12-07,-84.7,15.4,0,55.6,0.38
2621-UDNLU,CELL_101A,2024-12-01,2024-12-07,-97.2,16.6,0,44.9,0.39
2623-DRYAM,CELL_889D,2024-12-01,2024-12-07,-92.6,12.2,0,49.8,0.56
2625-TRCZQ,CELL_778C,2024-12-01,2024-12-07,-107.6,3.7,13,95.6,3.12
2626-URJFX,CELL_134C,2024-12-01,2024-12-07,-93.8,16.8,0,33.4,0.37
2626-VEEWG,CELL_889D,2024-12-01,2024-12-07,-94.4,8.1,4,85.0,2.14
2632-IVXVF,CELL_411A,2024-12-01,2024-12-07,-86.1,13.1,1,46.8,0.11
2632-TACXW,CELL_502B,2024-12-01,2024-12-07,-115.2,4.7,13,96.0,5.21
2632-UCGVD,CELL_234A,2024-12-01,2024-12-07,-109.4,3.4,12,97.7,3.77
2634-HCZGT,CELL_502B,2024-12-01,2024-12-07,-101.9,7.9,4,77.8,2.15
2636-ALXXZ,CELL_112B,2024-12-01,2024-12-07,-110.0,3.5,13,89.1,4.73
2636-OHFMN,CELL_101A,2024-12-01,2024-12-07,-102.9,6.6,5,78.7,2.92
2636-SJDOU,CELL_889D,2024-12-01,2024-12-07,-97.6,9.5,6,77.6,2.2
2637-FKFSY,CELL_778C,2024-12-01,2024-12-07,-107.9,1.5,14,89.7,5.57
2639-UGMAZ,CELL_411A,2024-12-01,2024-12-07,-89.7,11.5,0,45.5,0.28
2640-LYMOV,CELL_778C,2024-12-01,2024-12-07,-87.5,16.4,0,31.4,0.57
2640-PMGFL,CELL_301C,2024-12-01,2024-12-07,-95.9,9.7,3,75.0,2.63
2642-DTVCO,CELL_301C,2024-12-01,2024-12-07,-103.4,7.2,3,82.8,2.7
2642-MAWLJ,CELL_502B,2024-12-01,2024-12-07,-90.4,14.1,1,32.1,0.34
2645-QTLMB,CELL_889D,2024-12-01,2024-12-07,-89.6,18.8,0,43.5,0.56
2649-HWLYB,CELL_134C,2024-12-01,2024-12-07,-107.7,6.0,9,92.5,5.38
2650-GYRYL,CELL_411A,2024-12-01,2024-12-07,-86.4,13.1,1,40.5,0.57
2651-ZCBXV,CELL_411A,2024-12-01,2024-12-07,-90.9,17.7,0,51.5,0.57
2654-VBVPB,CELL_134C,2024-12-01,2024-12-07,-90.0,11.5,5,70.6,2.44
2656-FMOKZ,CELL_112B,2024-12-01,2024-12-07,-114.1,6.0,10,97.2,5.59
2656-TABEH,CELL_502B,2024-12-01,2024-12-07,-90.2,17.0,0,56.4,0.58
2657-ALMWY,CELL_502B,2024-12-01,2024-12-07,-89.1,16.1,1,48.0,0.45
2657-VPXTA,CELL_112B,2024-12-01,2024-12-07,-89.6,18.3,1,37.6,0.39
2659-VXMWZ,CELL_502B,2024-12-01,2024-12-07,-90.4,17.9,1,44.4,0.41
2660-EMUBI,CELL_889D,2024-12-01,2024-12-07,-93.9,14.2,0,30.9,0.19
2661-GKBTK,CELL_411A,2024-12-01,2024-12-07,-93.4,18.7,1,42.2,0.3
2662-NNTDK,CELL_411A,2024-12-01,2024-12-07,-83.9,19.1,1,49.0,0.51
2664-XJZNO,CELL_134C,2024-12-01,2024-12-07,-105.6,10.1,3,84.0,2.41
2665-NPTGL,CELL_245B,2024-12-01,2024-12-07,-93.1,18.4,0,33.2,0.57
2667-WYLWJ,CELL_134C,2024-12-01,2024-12-07,-93.4,13.7,0,54.6,0.53
2668-TZSPS,CELL_411A,2024-12-01,2024-12-07,-91.6,13.5,0,38.0,0.32
2669-OIDSD,CELL_301C,2024-12-01,2024-12-07,-94.5,11.3,3,73.5,2.7
2669-QVCRG,CELL_411A,2024-12-01,2024-12-07,-108.4,4.0,8,87.5,3.5
2672-DZUOY,CELL_234A,2024-12-01,2024-12-07,-88.4,13.0,0,51.6,0.46
2672-HUYVI,CELL_134C,2024-12-01,2024-12-07,-98.3,8.8,5,82.4,2.31
2672-OJQZP,CELL_134C,2024-12-01,2024-12-07,-107.9,2.2,9,97.3,4.33
2672-TGEFF,CELL_134C,2024-12-01,2024-12-07,-102.3,12.9,5,76.1,1.74
2673-CXQEU,CELL_112B,2024-12-01,2024-12-07,-88.7,15.4,0,47.5,0.55
2673-ZALNP,CELL_112B,2024-12-01,2024-12-07,-101.3,7.9,6,74.8,2.18
2674-MIAHT,CELL_134C,2024-12-01,2024-12-07,-96.9,6.7,6,71.4,2.38
2674-MLXMN,CELL_301C,2024-12-01,2024-12-07,-95.2,15.5,1,43.5,0.35
2675-DHUTR,CELL_112B,2024-12-01,2024-12-07,-98.2,17.2,0,52.1,0.34
2675-IJRGJ,CELL_245B,2024-12-01,2024-12-07,-84.9,14.3,0,34.6,0.41
2675-OTVVJ,CELL_112B,2024-12-01,2024-12-07,-92.5,14.3,1,40.0,0.45
2676-ISHSF,CELL_411A,2024-12-01,2024-12-07,-104.8,5.6,12,88.1,4.34
2676-OXPPQ,CELL_411A,2024-12-01,2024-12-07,-109.8,2.8,13,89.0,3.13
2676-SSLTO,CELL_889D,2024-12-01,2024-12-07,-112.0,5.1,11,87.8,5.42
2680-XKKNJ,CELL_889D,2024-12-01,2024-12-07,-92.1,17.5,0,53.2,0.16
2682-KEVRP,CELL_245B,2024-12-01,2024-12-07,-88.6,8.9,0,39.9,0.19
2683-BPJSO,CELL_101A,2024-12-01,2024-12-07,-97.1,9.4,6,74.2,1.72
2683-JXWQQ,CELL_502B,2024-12-01,2024-12-07,-104.0,5.8,3,81.4,1.84
2684-EIWEO,CELL_134C,2024-12-01,2024-12-07,-107.9,4.2,8,85.3,3.24
2685-SREOM,CELL_134C,2024-12-01,2024-12-07,-88.1,14.8,1,54.5,0.57
2688-BHGOG,CELL_411A,2024-12-01,2024-12-07,-88.7,17.0,1,54.6,0.3
2690-DVRVK,CELL_234A,2024-12-01,2024-12-07,-89.8,11.9,1,44.0,0.39
2691-NZETQ,CELL_101A,2024-12-01,2024-12-07,-102.2,3.0,12,96.4,5.4
2692-AQCPF,CELL_889D,2024-12-01,2024-12-07,-90.1,11.5,0,40.2,0.13
2692-BUCFV,CELL_411A,2024-12-01,2024-12-07,-88.4,13.7,1,52.0,0.18
2692-PFYTJ,CELL_234A,2024-12-01,2024-12-07,-111.9,2.8,13,94.3,4.67
2694-CIUMO,CELL_112B,2024-12-01,2024-12-07,-89.4,16.7,0,54.2,0.28
2696-ECXKC,CELL_889D,2024-12-01,2024-12-07,-94.8,9.7,4,79.2,2.25
2696-NARTR,CELL_411A,2024-12-01,2024-12-07,-90.1,15.5,1,58.3,0.48
2696-RZVZW,CELL_889D,2024-12-01,2024-12-07,-102.5,5.8,6,75.1,2.07
2697-NQBPF,CELL_502B,2024-12-01,2024-12-07,-107.8,5.4,8,89.8,5.17
2700-LUEVA,CELL_301C,2024-12-01,2024-12-07,-89.0,12.6,1,43.8,0.44
2703-AMTUL,CELL_245B,2024-12-01,2024-12-07,-86.4,15.3,1,41.5,0.23
2706-QZIHY,CELL_234A,2024-12-01,2024-12-07,-87.2,15.5,0,49.5,0.53
2709-UQGNP,CELL_112B,2024-12-01,2024-12-07,-90.9,13.4,0,54.7,0.25
2710-WYVXG,CELL_101A,2024-12-01,2024-12-07,-99.5,11.8,5,72.4,2.78
2712-SYWAY,CELL_502B,2024-12-01,2024-12-07,-107.4,7.0,10,92.1,5.13
2716-GFZOR,CELL_134C,2024-12-01,2024-12-07,-88.4,16.1,0,53.7,0.39
2717-HVIZY,CELL_411A,2024-12-01,2024-12-07,-102.5,9.1,5,71.2,2.67
2718-GAXQD,CELL_502B,2024-12-01,2024-12-07,-81.5,14.4,0,42.3,0.54
2718-YSKCS,CELL_502B,2024-12-01,2024-12-07,-97.3,4.6,3,79.2,1.57
2719-BDAQO,CELL_245B,2024-12-01,2024-12-07,-107.5,4.3,12,91.0,4.65
2720-FVBQP,CELL_778C,2024-12-01,2024-12-07,-105.7,2.6,13,88.7,5.29
2720-WGKHP,CELL_112B,2024-12-01,2024-12-07,-104.3,8.2,5,70.3,2.53
2722-JMONI,CELL_134C,2024-12-01,2024-12-07,-88.5,11.5,0,39.4,0.11
2722-VOJQL,CELL_778C,2024-12-01,2024-12-07,-90.9,13.9,1,36.0,0.35
2724-FJDYW,CELL_889D,2024-12-01,2024-12-07,-98.2,6.2,3,70.9,1.96
2725-IWWBA,CELL_112B,2024-12-01,2024-12-07,-89.2,16.6,1,37.9,0.36
2725-KXXWT,CELL_134C,2024-12-01,2024-12-07,-87.6,15.1,0,48.5,0.29
2725-TTRIQ,CELL_502B,2024-12-01,2024-12-07,-110.0,4.1,12,95.7,3.57
2729-VNVAP,CELL_411A,2024-12-01,2024-12-07,-93.2,17.0,0,37.9,0.39
2731-GJRDG,CELL_889D,2024-12-01,2024-12-07,-103.5,9.0,4,80.7,1.76
2732-ISEZX,CELL_889D,2024-12-01,2024-12-07,-90.8,14.2,0,59.2,0.11
2737-WFVYW,CELL_245B,2024-12-01,2024-12-07,-86.2,19.1,1,39.7,0.26
2737-YNGYW,CELL_134C,2024-12-01,2024-12-07,-83.7,13.3,1,43.1,0.28
2739-CACDQ,CELL_411A,2024-12-01,2024-12-07,-89.4,13.9,0,56.1,0.43
2739-CCZMB,CELL_778C,2024-12-01,2024-12-07,-104.1,2.3,12,90.8,4.34
2740-JFBOK,CELL_234A,2024-12-01,2024-12-07,-106.7,7.4,4,83.9,2.86
2740-TVLFN,CELL_889D,2024-12-01,2024-12-07,-96.7,15.4,1,51.8,0.16
2746-DIJLO,CELL_234A,2024-12-01,2024-12-07,-102.0,6.2,5,82.2,2.97
2748-MYRVK,CELL_245B,2024-12-01,2024-12-07,-101.4,9.2,3,80.3,2.51
2749-CTKAJ,CELL_411A,2024-12-01,2024-12-07,-101.7,8.6,5,70.1,1.78
2750-BJLSB,CELL_245B,2024-12-01,2024-12-07,-90.8,13.5,0,38.9,0.46
2753-JMMCV,CELL_889D,2024-12-01,2024-12-07,-88.9,14.3,1,43.9,0.35
2754-SDJRD,CELL_502B,2024-12-01,2024-12-07,-88.3,14.8,0,48.5,0.15
2754-VDLTR,CELL_778C,2024-12-01,2024-12-07,-88.1,15.1,0,32.7,0.4
2754-XBHTB,CELL_101A,2024-12-01,2024-12-07,-110.4,3.3,14,97.5,3.43
2758-RNWXS,CELL_134C,2024-12-01,2024-12-07,-96.4,6.9,3,72.8,2.2
2761-OCIAX,CELL_101A,2024-12-01,2024-12-07,-99.0,11.6,4,73.8,2.24
2761-XECQW,CELL_134C,2024-12-01,2024-12-07,-103.5,5.2,3,83.4,1.64
2770-NSVDG,CELL_301C,2024-12-01,2024-12-07,-87.0,14.2,1,30.6,0.4
2773-MADBQ,CELL_411A,2024-12-01,2024-12-07,-87.0,18.3,1,47.8,0.19
2773-OVBPK,CELL_502B,2024-12-01,2024-12-07,-105.1,5.4,6,72.4,1.57
2774-LVQUS,CELL_101A,2024-12-01,2024-12-07,-94.3,11.4,1,44.1,0.58
2775-SEFEE,CELL_301C,2024-12-01,2024-12-07,-96.8,10.7,4,73.7,2.46
2777-PHDEI,CELL_101A,2024-12-01,2024-12-07,-89.8,11.4,1,47.6,0.52
2778-OCLGR,CELL_134C,2024-12-01,2024-12-07,-99.2,7.1,3,79.9,2.56
2782-JEEBU,CELL_101A,2024-12-01,2024-12-07,-100.1,7.5,6,77.4,2.74
2782-LFZVW,CELL_889D,2024-12-01,2024-12-07,-103.5,7.6,4,73.1,2.53
2786-GCDPI,CELL_112B,2024-12-01,2024-12-07,-94.7,6.2,5,81.1,1.58
2788-CJQAQ,CELL_411A,2024-12-01,2024-12-07,-92.2,13.2,1,40.1,0.11
2789-CZANW,CELL_112B,2024-12-01,2024-12-07,-108.8,2.3,11,87.3,4.22
2789-HQBOU,CELL_889D,2024-12-01,2024-12-07,-86.5,13.8,1,43.4,0.21
2790-XUYMV,CELL_778C,2024-12-01,2024-12-07,-105.2,5.5,14,89.9,4.49
2791-SFVEW,CELL_112B,2024-12-01,2024-12-07,-93.6,13.5,0,57.3,0.36
2792-LSHWX,CELL_502B,2024-12-01,2024-12-07,-92.0,16.4,0,49.6,0.49
2792-VPPET,CELL_411A,2024-12-01,2024-12-07,-108.1,6.0,9,87.0,5.58
2794-XIMMO,CELL_245B,2024-12-01,2024-12-07,-115.2,2.8,14,86.4,5.95
2796-NNUFI,CELL_889D,2024-12-01,2024-12-07,-106.7,5.2,13,87.1,5.76
2796-UUZZO,CELL_134C,2024-12-01,2024-12-07,-106.6,6.9,5,75.8,2.61
2798-NYLMZ,CELL_245B,2024-12-01,2024-12-07,-94.7,12.9,1,42.8,0.22
2799-ARNLO,CELL_112B,2024-12-01,2024-12-07,-106.6,5.3,9,93.6,3.86
2799-TSLAG,CELL_411A,2024-12-01,2024-12-07,-100.2,7.3,4,81.9,1.79
2800-QQUSO,CELL_502B,2024-12-01,2024-12-07,-92.0,15.5,0,41.3,0.44
2800-VEQXM,CELL_134C,2024-12-01,2024-12-07,-89.5,18.0,0,39.5,0.37
2801-NISEI,CELL_502B,2024-12-01,2024-12-07,-97.5,8.0,6,73.4,2.28
2804-ETQDK,CELL_889D,2024-12-01,2024-12-07,-88.1,15.2,1,57.5,0.57
2805-AUFQN,CELL_778C,2024-12-01,2024-12-07,-102.7,4.9,6,73.9,1.56
2805-EDJPQ,CELL_112B,2024-12-01,2024-12-07,-95.7,6.3,3,76.2,2.37
2806-MLNTI,CELL_112B,2024-12-01,2024-12-07,-85.9,11.3,1,50.9,0.29
2808-CHTDM,CELL_411A,2024-12-01,2024-12-07,-101.3,5.8,6,72.1,2.27
2809-ILCYT,CELL_301C,2024-12-01,2024-12-07,-102.7,13.1,5,77.6,1.54
2809-ZMYOQ,CELL_301C,2024-12-01,2024-12-07,-96.2,6.9,3,84.4,2.19
2810-FTLEM,CELL_101A,2024-12-01,2024-12-07,-94.6,13.9,0,55.1,0.58
2811-POVEX,CELL_778C,2024-12-01,2024-12-07,-96.2,12.6,1,53.0,0.2
2812-ENYMO,CELL_502B,2024-12-01,2024-12-07,-89.8,16.9,0,46.0,0.5
2812-REYAT,CELL_889D,2024-12-01,2024-12-07,-110.0,5.0,11,93.7,5.73
2812-SFXMJ,CELL_411A,2024-12-01,2024-12-07,-88.4,15.0,1,43.5,0.28
2815-CPTUL,CELL_234A,2024-12-01,2024-12-07,-94.0,15.5,0,49.4,0.31
2817-LVCPP,CELL_101A,2024-12-01,2024-12-07,-100.3,5.7,4,73.2,1.91
2817-NTQDO,CELL_502B,2024-12-01,2024-12-07,-88.4,13.4,1,34.0,0.36
2819-GWENI,CELL_245B,2024-12-01,2024-12-07,-92.2,16.7,0,59.0,0.51
2821-WARNZ,CELL_112B,2024-12-01,2024-12-07,-91.7,13.9,1,43.7,0.23
2823-LKABH,CELL_234A,2024-12-01,2024-12-07,-91.4,16.8,0,52.4,0.4
2824-DXNKN,CELL_411A,2024-12-01,2024-12-07,-95.9,5.2,6,76.4,2.19
2824-MYYBN,CELL_301C,2024-12-01,2024-12-07,-86.2,15.1,0,50.6,0.5
2826-DXLQO,CELL_112B,2024-12-01,2024-12-07,-90.6,16.1,1,40.2,0.49
2826-UWHIS,CELL_234A,2024-12-01,2024-12-07,-98.9,8.1,5,73.6,2.99
2828-SLQPF,CELL_101A,2024-12-01,2024-12-07,-107.0,2.0,8,85.0,5.18
2829-HYVZP,CELL_112B,2024-12-01,2024-12-07,-86.2,16.7,0,36.4,0.42
2830-LEWOA,CELL_134C,2024-12-01,2024-12-07,-97.8,6.7,5,74.1,1.78
2831-EBWRN,CELL_889D,2024-12-01,2024-12-07,-106.9,6.9,9,92.0,5.99
2832-KJCRD,CELL_245B,2024-12-01,2024-12-07,-85.1,12.1,0,57.2,0.12
2832-SCUCO,CELL_245B,2024-12-01,2024-12-07,-91.9,14.8,1,53.1,0.14
2833-SLKDQ,CELL_502B,2024-12-01,2024-12-07,-100.0,5.0,3,71.2,2.64
2834-JKOOW,CELL_889D,2024-12-01,2024-12-07,-102.0,8.2,3,77.7,2.36
2834-JRTUA,CELL_245B,2024-12-01,2024-12-07,-99.2,9.2,5,72.0,1.86
2834-SPCJV,CELL_889D,2024-12-01,2024-12-07,-113.7,3.5,8,95.3,5.22
2839-RFSQE,CELL_234A,2024-12-01,2024-12-07,-104.0,8.2,4,70.5,1.62
2840-XANRC,CELL_502B,2024-12-01,2024-12-07,-88.0,14.3,0,47.9,0.33
2842-BCQGE,CELL_301C,2024-12-01,2024-12-07,-105.6,5.4,6,80.8,2.79
2842-JTCCU,CELL_301C,2024-12-01,2024-12-07,-89.4,15.0,0,53.7,0.34
2843-CQMEG,CELL_502B,2024-12-01,2024-12-07,-85.4,15.4,1,30.4,0.22
2845-AFFTX,CELL_101A,2024-12-01,2024-12-07,-87.8,18.1,1,33.6,0.11
2845-HSJCY,CELL_411A,2024-12-01,2024-12-07,-108.9,4.7,13,86.5,5.99
2845-KDHVX,CELL_889D,2024-12-01,2024-12-07,-101.7,10.7,4,80.7,1.67
2848-YXSMW,CELL_234A,2024-12-01,2024-12-07,-86.7,14.4,1,48.7,0.1
2851-MMUTZ,CELL_889D,2024-12-01,2024-12-07,-93.1,8.4,4,82.9,2.22
2851-STERV,CELL_112B,2024-12-01,2024-12-07,-107.7,2.8,12,87.0,4.2
2853-CWQFQ,CELL_502B,2024-12-01,2024-12-07,-87.3,10.9,1,54.2,0.45
2856-HYAPG,CELL_134C,2024-12-01,2024-12-07,-102.2,6.3,4,80.7,2.37
2856-NNASM,CELL_778C,2024-12-01,2024-12-07,-102.2,6.5,5,70.9,2.06
2858-EIMXH,CELL_411A,2024-12-01,2024-12-07,-98.3,11.4,3,82.3,2.34
2858-MOFSQ,CELL_101A,2024-12-01,2024-12-07,-92.6,17.8,0,54.1,0.19
2860-RANUS,CELL_411A,2024-12-01,2024-12-07,-86.9,13.0,1,59.7,0.5
2862-JVEOY,CELL_502B,2024-12-01,2024-12-07,-87.7,16.3,0,51.5,0.44
2862-PFNIK,CELL_234A,2024-12-01,2024-12-07,-90.2,14.6,0,42.3,0.56
2863-IMQDR,CELL_301C,2024-12-01,2024-12-07,-89.2,14.8,0,30.0,0.18
2865-TCHJW,CELL_101A,2024-12-01,2024-12-07,-93.0,19.4,1,37.9,0.57
2866-IKBTM,CELL_889D,2024-12-01,2024-12-07,-87.8,14.5,1,38.3,0.53
2867-UIMSS,CELL_234A,2024-12-01,2024-12-07,-93.6,10.9,4,73.5,2.37
2868-LLSKM,CELL_889D,2024-12-01,2024-12-07,-85.9,17.1,1,56.8,0.51
2868-MZAGQ,CELL_245B,2024-12-01,2024-12-07,-100.9,7.4,5,84.3,2.08
2868-SNELZ,CELL_502B,2024-12-01,2024-12-07,-97.9,10.5,6,83.1,2.62
2869-ADAWR,CELL_301C,2024-12-01,2024-12-07,-111.0,2.7,12,86.8,5.74
2873-ZLIWT,CELL_245B,2024-12-01,2024-12-07,-82.4,12.8,1,50.2,0.29
2874-YXVVA,CELL_301C,2024-12-01,2024-12-07,-110.1,3.2,11,89.1,5.17
2876-GZYZC,CELL_234A,2024-12-01,2024-12-07,-88.3,16.2,0,47.6,0.39
2876-VBBBL,CELL_502B,2024-12-01,2024-12-07,-81.4,13.2,1,40.9,0.47
2877-VDUER,CELL_411A,2024-12-01,2024-12-07,-93.6,15.7,1,34.1,0.13
2878-DHMIN,CELL_234A,2024-12-01,2024-12-07,-108.3,3.0,11,91.1,4.17
2878-RMWXY,CELL_889D,2024-12-01,2024-12-07,-93.7,5.1,5,75.3,2.4
2880-FPNAE,CELL_112B,2024-12-01,2024-12-07,-88.2,14.5,0,48.2,0.21
2882-DDZPG,CELL_112B,2024-12-01,2024-12-07,-83.9,14.5,1,54.5,0.33
2882-WDTBA,CELL_889D,2024-12-01,2024-12-07,-91.0,11.0,0,57.2,0.52
2883-ILGWO,CELL_134C,2024-12-01,2024-12-07,-98.2,6.5,3,76.0,1.83
2884-GBPFB,CELL_889D,2024-12-01,2024-12-07,-94.5,12.7,0,57.4,0.48
2885-HIJDH,CELL_889D,2024-12-01,2024-12-07,-100.8,8.9,4,79.7,2.64
2886-KEFUM,CELL_234A,2024-12-01,2024-12-07,-88.7,15.6,1,47.9,0.34
2887-JPYLU,CELL_112B,2024-12-01,2024-12-07,-89.7,14.3,1,30.2,0.22
2888-ADFAO,CELL_301C,2024-12-01,2024-12-07,-90.8,14.1,1,52.5,0.57
2889-FPWRM,CELL_502B,2024-12-01,2024-12-07,-90.5,15.1,0,34.6,0.56
2890-WFBHU,CELL_889D,2024-12-01,2024-12-07,-89.1,16.5,1,38.1,0.35
2892-GESUL,CELL_245B,2024-12-01,2024-12-07,-89.8,15.6,1,49.8,0.27
2894-QOJRX,CELL_301C,2024-12-01,2024-12-07,-91.0,16.2,1,56.0,0.36
2896-TBNBE,CELL_134C,2024-12-01,2024-12-07,-96.4,5.0,5,79.3,1.85
2897-DOVND,CELL_411A,2024-12-01,2024-12-07,-105.3,3.9,12,91.7,3.41
2898-LSJGD,CELL_112B,2024-12-01,2024-12-07,-104.3,6.9,4,77.9,1.98
2898-MRKPI,CELL_245B,2024-12-01,2024-12-07,-94.3,15.9,0,43.6,0.22
2900-PHPLN,CELL_101A,2024-12-01,2024-12-07,-98.6,9.1,5,83.4,2.9
2903-YYTBW,CELL_234A,2024-12-01,2024-12-07,-98.0,10.3,4,75.1,1.69
2904-GGUAZ,CELL_502B,2024-12-01,2024-12-07,-83.2,15.8,0,31.7,0.59
2905-KFQUV,CELL_301C,2024-12-01,2024-12-07,-85.9,19.2,0,51.6,0.48
2907-ILJBN,CELL_889D,2024-12-01,2024-12-07,-90.8,14.9,0,42.5,0.48
2908-WGAXL,CELL_502B,2024-12-01,2024-12-07,-92.1,13.6,1,40.4,0.34
2908-ZTPNF,CELL_112B,2024-12-01,2024-12-07,-94.7,13.9,0,37.2,0.18
2911-IJORQ,CELL_502B,2024-12-01,2024-12-07,-99.7,8.6,3,76.1,1.82
2911-UREFD,CELL_778C,2024-12-01,2024-12-07,-108.5,7.5,5,77.7,1.98
2911-WDXMV,CELL_301C,2024-12-01,2024-12-07,-91.6,13.5,0,38.5,0.11
2916-BQZLN,CELL_301C,2024-12-01,2024-12-07,-105.5,9.4,3,71.5,2.42
2919-HBCJO,CELL_101A,2024-12-01,2024-12-07,-107.3,3.5,10,97.9,5.05
2920-RNCEZ,CELL_889D,2024-12-01,2024-12-07,-103.5,11.9,4,73.5,2.44
2921-XWDJH,CELL_245B,2024-12-01,2024-12-07,-91.7,14.9,1,48.8,0.51
2923-ARZLG,CELL_301C,2024-12-01,2024-12-07,-91.4,15.4,0,31.0,0.33
2924-KHUVI,CELL_101A,2024-12-01,2024-12-07,-90.5,16.4,0,32.1,0.55
2925-MXLSX,CELL_778C,2024-12-01,2024-12-07,-100.3,10.4,5,73.6,1.92
2925-VDZHY,CELL_234A,2024-12-01,2024-12-07,-94.3,14.1,1,43.0,0.17
2926-JEJJC,CELL_234A,2024-12-01,2024-12-07,-85.9,14.6,1,44.2,0.3
2927-CVULT,CELL_101A,2024-12-01,2024-12-07,-95.4,13.1,1,56.2,0.33
2927-QRRQV,CELL_101A,2024-12-01,2024-12-07,-97.7,13.3,0,31.9,0.48
2928-HLDBA,CELL_411A,2024-12-01,2024-12-07,-92.3,5.8,6,76.7,2.12
2929-ERCFZ,CELL_889D,2024-12-01,2024-12-07,-106.5,8.5,4,79.6,2.24
2929-QNSRW,CELL_234A,2024-12-01,2024-12-07,-100.8,7.6,4,70.3,2.28
2930-UOTMB,CELL_245B,2024-12-01,2024-12-07,-109.8,4.4,12,97.1,5.15
2931-FSOHN,CELL_502B,2024-12-01,2024-12-07,-92.2,16.3,0,51.5,0.4
2931-SVLTV,CELL_112B,2024-12-01,2024-12-07,-88.6,14.2,1,34.8,0.2
2931-VUVJN,CELL_134C,2024-12-01,2024-12-07,-102.2,8.9,6,77.2,2.26
2931-XIQBR,CELL_101A,2024-12-01,2024-12-07,-98.2,9.7,5,78.6,2.86
2933-FILNV,CELL_411A,2024-12-01,2024-12-07,-88.4,17.5,0,35.0,0.45
2933-XEUJM,CELL_245B,2024-12-01,2024-12-07,-111.1,2.5,12,97.5,3.78
2937-FTHUR,CELL_889D,2024-12-01,2024-12-07,-89.9,14.3,0,50.2,0.4
2946-KIQSP,CELL_502B,2024-12-01,2024-12-07,-95.4,12.5,0,39.9,0.53
2947-DOMLJ,CELL_301C,2024-12-01,2024-12-07,-85.7,14.8,0,32.5,0.27
2951-QOQTK,CELL_411A,2024-12-01,2024-12-07,-101.1,7.9,5,78.2,1.82
2952-QAYZF,CELL_301C,2024-12-01,2024-12-07,-114.0,3.6,13,91.6,3.39
2954-PIBKO,CELL_112B,2024-12-01,2024-12-07,-91.2,15.5,0,30.6,0.45
2955-BJZHG,CELL_112B,2024-12-01,2024-12-07,-97.4,7.7,4,73.5,2.84
2955-PSXOE,CELL_411A,2024-12-01,2024-12-07,-91.6,13.8,0,50.4,0.44
2956-GGUCQ,CELL_245B,2024-12-01,2024-12-07,-88.7,15.3,1,32.7,0.58
2957-JIRMN,CELL_101A,2024-12-01,2024-12-07,-86.6,14.0,0,43.0,0.59
2957-LOLHO,CELL_112B,2024-12-01,2024-12-07,-101.0,3.4,9,92.8,5.4
2958-NHPPS,CELL_101A,2024-12-01,2024-12-07,-103.1,3.6,8,86.4,3.32
2959-EEXWB,CELL_134C,2024-12-01,2024-12-07,-110.7,3.8,13,93.7,3.18
2959-FENLU,CELL_889D,2024-12-01,2024-12-07,-105.6,4.5,14,93.8,4.45
2959-MJHIC,CELL_234A,2024-12-01,2024-12-07,-91.3,14.7,0,52.2,0.5
2960-NKRSO,CELL_411A,2024-12-01,2024-12-07,-92.5,12.2,1,37.8,0.46
2961-VNFKL,CELL_245B,2024-12-01,2024-12-07,-108.5,4.4,14,93.4,4.25
2962-XPMCQ,CELL_502B,2024-12-01,2024-12-07,-106.4,3.6,8,90.1,5.82
2967-MXRAV,CELL_234A,2024-12-01,2024-12-07,-103.3,0.9,12,94.2,3.57
2968-SSGAA,CELL_112B,2024-12-01,2024-12-07,-112.9,4.5,13,90.5,5.36
2969-QWUBZ,CELL_778C,2024-12-01,2024-12-07,-91.8,16.8,1,56.2,0.46
2969-VAPYH,CELL_234A,2024-12-01,2024-12-07,-92.5,15.3,1,31.1,0.17
2969-WGHQO,CELL_134C,2024-12-01,2024-12-07,-92.1,16.9,1,33.8,0.38
2971-SGAFL,CELL_411A,2024-12-01,2024-12-07,-88.7,13.5,1,59.3,0.54
2972-YDYUW,CELL_112B,2024-12-01,2024-12-07,-80.4,13.4,0,50.7,0.15
2974-GGUXS,CELL_502B,2024-12-01,2024-12-07,-90.8,17.6,0,48.7,0.43
2977-CEBSX,CELL_134C,2024-12-01,2024-12-07,-91.7,15.9,0,56.4,0.54
2978-XXSOG,CELL_778C,2024-12-01,2024-12-07,-109.4,5.7,13,95.5,3.37
2979-SXESE,CELL_134C,2024-12-01,2024-12-07,-99.8,8.9,5,77.0,3.0
2982-IHMFT,CELL_411A,2024-12-01,2024-12-07,-94.0,14.9,0,37.3,0.5
2982-VPSGI,CELL_112B,2024-12-01,2024-12-07,-92.4,18.8,0,56.8,0.2
2983-ZANRP,CELL_301C,2024-12-01,2024-12-07,-89.7,17.0,1,44.1,0.57
2984-AFWNC,CELL_778C,2024-12-01,2024-12-07,-91.3,16.8,0,49.4,0.35
2984-MIIZL,CELL_889D,2024-12-01,2024-12-07,-105.2,7.9,6,79.1,2.1
2984-RGEYA,CELL_101A,2024-12-01,2024-12-07,-93.6,18.3,1,38.1,0.4
2984-TBYKU,CELL_502B,2024-12-01,2024-12-07,-93.2,15.7,0,46.9,0.58
2985-FMWYF,CELL_101A,2024-12-01,2024-12-07,-90.6,14.2,1,54.8,0.45
2985-JUUBZ,CELL_301C,2024-12-01,2024-12-07,-90.5,13.4,0,46.1,0.24
2987-BJXIK,CELL_245B,2024-12-01,2024-12-07,-85.0,14.7,0,53.4,0.52
2988-GBIVW,CELL_101A,2024-12-01,2024-12-07,-96.3,7.0,4,75.6,1.94
2988-PLAHS,CELL_301C,2024-12-01,2024-12-07,-86.3,16.7,0,45.0,0.33
2988-QRAJY,CELL_889D,2024-12-01,2024-12-07,-86.1,12.9,1,48.7,0.27
2990-HWIML,CELL_301C,2024-12-01,2024-12-07,-91.4,13.6,0,41.8,0.44
2990-IAJSV,CELL_245B,2024-12-01,2024-12-07,-89.4,15.0,1,48.0,0.24
2990-OGYTD,CELL_234A,2024-12-01,2024-12-07,-91.1,16.5,1,43.8,0.23
2995-UPRYS,CELL_234A,2024-12-01,2024-12-07,-90.5,14.9,0,42.7,0.33
2995-YWTCD,CELL_411A,2024-12-01,2024-12-07,-92.3,8.4,6,76.4,2.04
2996-XAUVF,CELL_778C,2024-12-01,2024-12-07,-89.7,17.9,1,48.7,0.52
2999-AANRQ,CELL_301C,2024-12-01,2024-12-07,-111.1,5.0,13,90.7,3.88
3001-CBHLQ,CELL_101A,2024-12-01,2024-12-07,-100.1,6.7,6,81.0,2.62
3001-UNBTL,CELL_411A,2024-12-01,2024-12-07,-102.1,5.0,3,70.7,2.77
3002-WQZWT,CELL_889D,2024-12-01,2024-12-07,-112.4,5.6,9,85.3,5.39
3003-CMDUU,CELL_245B,2024-12-01,2024-12-07,-85.3,16.5,0,35.0,0.36
3005-NFMTA,CELL_411A,2024-12-01,2024-12-07,-94.9,16.5,0,53.7,0.21
3005-TYFRD,CELL_245B,2024-12-01,2024-12-07,-107.8,2.9,14,95.4,4.3
3006-XIMLN,CELL_889D,2024-12-01,2024-12-07,-87.6,9.1,1,32.0,0.23
3007-FDPEA,CELL_134C,2024-12-01,2024-12-07,-101.8,8.8,3,76.6,2.47
3009-JWMPU,CELL_234A,2024-12-01,2024-12-07,-82.8,14.8,1,55.8,0.21
3011-WQKSZ,CELL_502B,2024-12-01,2024-12-07,-99.4,9.2,5,83.1,2.15
3012-VFFMN,CELL_301C,2024-12-01,2024-12-07,-85.6,14.0,0,43.4,0.46
3014-WJKSM,CELL_411A,2024-12-01,2024-12-07,-95.5,8.5,4,70.8,2.4
3016-KSVCP,CELL_134C,2024-12-01,2024-12-07,-107.4,6.4,5,84.4,2.39
3018-TFTSU,CELL_245B,2024-12-01,2024-12-07,-88.7,15.9,1,52.1,0.48
3021-VLNRJ,CELL_101A,2024-12-01,2024-12-07,-108.6,5.3,14,93.1,4.48
3022-BEXHZ,CELL_411A,2024-12-01,2024-12-07,-91.6,12.5,1,42.1,0.39
3023-GFLBR,CELL_134C,2024-12-01,2024-12-07,-103.4,4.8,11,89.9,5.13
3026-ATZYV,CELL_134C,2024-12-01,2024-12-07,-89.8,14.3,1,33.5,0.58
3027-YNWZU,CELL_112B,2024-12-01,2024-12-07,-100.6,7.5,3,85.0,2.29
3027-ZTDHO,CELL_134C,2024-12-01,2024-12-07,-96.7,16.8,1,47.7,0.42
3030-YDNRM,CELL_778C,2024-12-01,2024-12-07,-91.4,16.6,1,36.7,0.24
3030-YZADT,CELL_112B,2024-12-01,2024-12-07,-83.9,13.7,1,33.8,0.51
3030-ZKIWL,CELL_234A,2024-12-01,2024-12-07,-107.7,4.0,8,85.1,5.03
3034-ZBEQN,CELL_301C,2024-12-01,2024-12-07,-93.7,14.8,0,56.9,0.5
3038-PQIUY,CELL_502B,2024-12-01,2024-12-07,-106.9,3.3,10,92.7,4.92
3039-MJSLN,CELL_245B,2024-12-01,2024-12-07,-91.1,15.0,1,46.4,0.4
3043-SUDUA,CELL_245B,2024-12-01,2024-12-07,-90.2,13.2,0,36.3,0.57
3043-TYBNO,CELL_889D,2024-12-01,2024-12-07,-111.7,2.2,9,90.4,5.89
3045-XETSH,CELL_411A,2024-12-01,2024-12-07,-97.0,8.6,5,72.1,2.02
3049-NDXFL,CELL_411A,2024-12-01,2024-12-07,-89.3,10.1,1,36.4,0.56
3049-SOLAY,CELL_112B,2024-12-01,2024-12-07,-90.0,16.5,1,38.7,0.41
3050-GBUSH,CELL_101A,2024-12-01,2024-12-07,-87.0,15.9,1,31.7,0.34
3050-RLLXC,CELL_134C,2024-12-01,2024-12-07,-84.4,17.5,0,36.6,0.28
3055-MJDSB,CELL_134C,2024-12-01,2024-12-07,-98.4,7.8,3,84.0,2.58
3055-OYMSE,CELL_234A,2024-12-01,2024-12-07,-102.5,9.0,4,83.4,2.21
3055-VTCGS,CELL_112B,2024-12-01,2024-12-07,-88.7,15.4,0,39.6,0.55
3057-VJJQE,CELL_112B,2024-12-01,2024-12-07,-82.4,14.8,1,43.0,0.37
3058-HJCUY,CELL_301C,2024-12-01,2024-12-07,-83.8,11.6,1,51.4,0.47
3058-WQDRE,CELL_112B,2024-12-01,2024-12-07,-84.5,15.2,0,34.2,0.1
3059-NGMXB,CELL_101A,2024-12-01,2024-12-07,-87.5,13.0,0,43.9,0.23
3061-BCKYI,CELL_301C,2024-12-01,2024-12-07,-101.3,8.3,5,70.2,2.66
3062-ICYZQ,CELL_234A,2024-12-01,2024-12-07,-107.1,5.4,14,97.4,4.79
3063-QFSZL,CELL_234A,2024-12-01,2024-12-07,-101.0,6.3,6,71.1,2.7
3066-RRJIO,CELL_778C,2024-12-01,2024-12-07,-96.7,6.1,4,71.9,1.84
3067-SVMTC,CELL_134C,2024-12-01,2024-12-07,-107.3,4.3,11,85.4,5.23
3068-OMWZA,CELL_411A,2024-12-01,2024-12-07,-90.5,14.8,1,47.7,0.41
3069-SSVSN,CELL_411A,2024-12-01,2024-12-07,-83.9,16.0,1,49.8,0.26
3070-BDOQC,CELL_234A,2024-12-01,2024-12-07,-91.7,15.8,0,59.2,0.12
3070-DVEYC,CELL_502B,2024-12-01,2024-12-07,-110.7,3.1,14,89.8,5.85
3070-FNFZQ,CELL_502B,2024-12-01,2024-12-07,-92.0,14.4,1,56.6,0.45
3071-MVJCD,CELL_245B,2024-12-01,2024-12-07,-112.9,2.0,8,87.3,4.9
3071-VBYPO,CELL_301C,2024-12-01,2024-12-07,-87.0,14.2,1,34.4,0.5
3074-GQWYX,CELL_112B,2024-12-01,2024-12-07,-90.2,17.3,1,44.6,0.21
3077-RSNTJ,CELL_112B,2024-12-01,2024-12-07,-101.9,7.2,6,70.7,2.63
3078-ZKNTS,CELL_134C,2024-12-01,2024-12-07,-107.3,3.1,13,96.4,5.6
3079-BCHLN,CELL_234A,2024-12-01,2024-12-07,-91.0,14.9,1,51.7,0.26
3082-VQXNH,CELL_301C,2024-12-01,2024-12-07,-110.9,5.5,8,93.4,3.55
3082-WQRVY,CELL_245B,2024-12-01,2024-12-07,-92.3,17.4,0,35.6,0.57
3082-YVEKW,CELL_502B,2024-12-01,2024-12-07,-92.5,13.2,0,47.6,0.28
3084-DOWLE,CELL_134C,2024-12-01,2024-12-07,-100.5,3.3,8,91.4,5.31
3085-QUOZK,CELL_245B,2024-12-01,2024-12-07,-87.3,12.6,0,52.5,0.5
3086-RUCRN,CELL_134C,2024-12-01,2024-12-07,-87.4,15.0,0,40.8,0.43
3088-FVYWK,CELL_101A,2024-12-01,2024-12-07,-105.1,9.3,5,80.7,2.02
3088-LHEFH,CELL_502B,2024-12-01,2024-12-07,-91.9,17.3,0,51.2,0.44
3090-HAWSU,CELL_301C,2024-12-01,2024-12-07,-97.6,5.9,4,75.2,2.65
3090-LETTY,CELL_134C,2024-12-01,2024-12-07,-101.1,6.5,4,77.9,2.92
3090-QFUVD,CELL_134C,2024-12-01,2024-12-07,-84.9,17.1,0,38.7,0.29
3091-FYHKI,CELL_502B,2024-12-01,2024-12-07,-106.6,6.1,12,89.2,4.07
3092-IGHWF,CELL_245B,2024-12-01,2024-12-07,-110.6,2.7,14,92.5,5.67
3094-JOJAI,CELL_889D,2024-12-01,2024-12-07,-103.8,9.3,6,80.0,1.7
3096-GKWEB,CELL_234A,2024-12-01,2024-12-07,-92.7,14.6,0,50.9,0.35
3096-IZETN,CELL_411A,2024-12-01,2024-12-07,-99.7,10.4,4,73.0,1.59
3096-JRDSO,CELL_889D,2024-12-01,2024-12-07,-99.8,9.1,6,84.5,2.36
3096-WPXBT,CELL_234A,2024-12-01,2024-12-07,-89.1,16.6,1,31.2,0.3
3096-YXENJ,CELL_411A,2024-12-01,2024-12-07,-89.7,17.9,0,33.9,0.53
3097-FQTVJ,CELL_301C,2024-12-01,2024-12-07,-87.2,15.4,1,59.4,0.46
3097-IDVPU,CELL_502B,2024-12-01,2024-12-07,-86.5,15.0,0,53.8,0.24
3097-NNSPB,CELL_301C,2024-12-01,2024-12-07,-84.7,16.0,1,45.3,0.38
3097-NQYSN,CELL_411A,2024-12-01,2024-12-07,-93.1,10.3,1,33.2,0.35
3097-PYWXL,CELL_112B,2024-12-01,2024-12-07,-96.8,15.9,1,51.8,0.6
3099-OONVS,CELL_778C,2024-12-01,2024-12-07,-92.6,16.7,0,46.3,0.15
3104-OWCGK,CELL_134C,2024-12-01,2024-12-07,-108.5,4.9,12,92.2,4.22
3106-ULWFW,CELL_301C,2024-12-01,2024-12-07,-106.7,2.0,10,85.7,3.85
3108-PCCGG,CELL_502B,2024-12-01,2024-12-07,-91.3,17.1,1,45.9,0.25
3113-IWHLC,CELL_112B,2024-12-01,2024-12-07,-104.4,8.0,5,74.7,2.27
3115-CZMZD,CELL_234A,2024-12-01,2024-12-07,-94.6,8.8,6,77.4,1.95
3115-JPJDD,CELL_502B,2024-12-01,2024-12-07,-88.7,13.0,0,55.3,0.22
3118-UHVVQ,CELL_234A,2024-12-01,2024-12-07,-89.3,14.7,1,48.6,0.37
3120-FAZKD,CELL_502B,2024-12-01,2024-12-07,-102.1,12.3,4,78.9,1.99
3125-RAHBV,CELL_301C,2024-12-01,2024-12-07,-88.4,14.1,1,54.2,0.22
3126-WQMGH,CELL_889D,2024-12-01,2024-12-07,-97.2,4.7,6,76.5,1.79
3128-YOVTD,CELL_411A,2024-12-01,2024-12-07,-85.5,17.3,0,59.0,0.56
3129-AAQOU,CELL_234A,2024-12-01,2024-12-07,-87.8,14.5,0,60.0,0.19
3130-ICDUP,CELL_301C,2024-12-01,2024-12-07,-92.2,16.4,1,31.0,0.57
3131-NWVFJ,CELL_889D,2024-12-01,2024-12-07,-86.5,14.3,1,39.5,0.36
3132-TVFDZ,CELL_112B,2024-12-01,2024-12-07,-96.6,14.6,1,41.4,0.19
3133-PZNSR,CELL_234A,2024-12-01,2024-12-07,-92.1,15.9,0,58.4,0.22
3134-DSHVC,CELL_234A,2024-12-01,2024-12-07,-86.4,16.7,1,56.8,0.54
3137-LUPIX,CELL_245B,2024-12-01,2024-12-07,-86.5,12.9,1,50.8,0.4
3137-NYQQI,CELL_301C,2024-12-01,2024-12-07,-91.0,16.7,1,50.7,0.55
3138-BKYAV,CELL_411A,2024-12-01,2024-12-07,-99.2,5.9,3,80.2,2.49
3143-ILDAL,CELL_112B,2024-12-01,2024-12-07,-86.8,15.7,1,47.9,0.52
3143-JQEGI,CELL_112B,2024-12-01,2024-12-07,-87.6,16.6,0,37.7,0.38
3144-AUDBS,CELL_134C,2024-12-01,2024-12-07,-111.4,4.2,9,91.6,3.67
3144-KMTWZ,CELL_889D,2024-12-01,2024-12-07,-93.4,15.3,0,56.3,0.44
3146-JTQHR,CELL_101A,2024-12-01,2024-12-07,-89.4,10.5,0,56.3,0.3
3146-MSEGF,CELL_778C,2024-12-01,2024-12-07,-86.6,14.8,1,50.1,0.57
3148-AOIQT,CELL_234A,2024-12-01,2024-12-07,-88.4,14.8,1,31.5,0.43
3148-BLQJT,CELL_234A,2024-12-01,2024-12-07,-89.4,14.2,0,47.0,0.17
3154-CFSZG,CELL_234A,2024-12-01,2024-12-07,-94.9,7.8,5,77.3,1.79
3154-HMWUU,CELL_245B,2024-12-01,2024-12-07,-90.1,14.5,1,54.0,0.57
3156-QLHBO,CELL_301C,2024-12-01,2024-12-07,-94.3,16.3,1,32.1,0.58
3158-MOERK,CELL_301C,2024-12-01,2024-12-07,-91.0,16.0,0,51.4,0.28
3160-TYXLT,CELL_301C,2024-12-01,2024-12-07,-94.2,11.6,1,53.0,0.47
3161-GETRM,CELL_245B,2024-12-01,2024-12-07,-104.7,4.2,14,92.7,4.35
3161-ONRWK,CELL_101A,2024-12-01,2024-12-07,-94.6,14.0,1,51.5,0.48
3162-KKZXO,CELL_301C,2024-12-01,2024-12-07,-89.6,10.8,0,46.6,0.28
3162-ZJZFU,CELL_134C,2024-12-01,2024-12-07,-94.4,7.5,4,76.1,1.91
3164-AALRN,CELL_234A,2024-12-01,2024-12-07,-89.4,14.5,1,34.7,0.32
3164-YAXFY,CELL_234A,2024-12-01,2024-12-07,-97.2,15.3,1,41.8,0.55
3165-HDOEW,CELL_301C,2024-12-01,2024-12-07,-107.0,12.2,6,80.3,2.61
3166-PNEOF,CELL_889D,2024-12-01,2024-12-07,-100.9,11.4,5,77.1,1.97
3167-SNQPL,CELL_112B,2024-12-01,2024-12-07,-96.5,9.1,4,70.9,2.99
3170-GWYKC,CELL_112B,2024-12-01,2024-12-07,-99.0,7.8,5,71.6,2.68
3170-NMYVV,CELL_301C,2024-12-01,2024-12-07,-107.4,8.6,3,77.8,2.2
3173-NVMPX,CELL_134C,2024-12-01,2024-12-07,-104.9,7.4,6,83.9,2.29
3173-WSSUE,CELL_134C,2024-12-01,2024-12-07,-91.1,18.1,1,58.7,0.28
3174-AKMAS,CELL_301C,2024-12-01,2024-12-07,-90.9,15.2,0,51.7,0.52
3174-RKMOW,CELL_234A,2024-12-01,2024-12-07,-104.5,3.7,4,76.2,2.8
3177-LASXD,CELL_245B,2024-12-01,2024-12-07,-100.6,9.2,3,74.6,2.85
3178-CIFOT,CELL_101A,2024-12-01,2024-12-07,-97.3,6.6,3,79.3,1.72
3178-FESZO,CELL_778C,2024-12-01,2024-12-07,-88.2,16.1,1,48.3,0.28
3179-GBRWV,CELL_101A,2024-12-01,2024-12-07,-95.2,7.4,5,72.7,2.64
3181-MIZBN,CELL_112B,2024-12-01,2024-12-07,-89.6,13.5,1,55.0,0.48
3181-VTHOE,CELL_101A,2024-12-01,2024-12-07,-88.8,11.0,0,36.8,0.13
3186-AJIEK,CELL_245B,2024-12-01,2024-12-07,-93.6,18.7,0,51.5,0.57
3186-BAXNB,CELL_301C,2024-12-01,2024-12-07,-88.9,15.3,1,41.2,0.24
3190-FZATL,CELL_245B,2024-12-01,2024-12-07,-92.4,13.9,1,51.7,0.55
3190-ITQXP,CELL_301C,2024-12-01,2024-12-07,-88.9,17.7,1,39.8,0.22
3190-XFANI,CELL_134C,2024-12-01,2024-12-07,-87.5,15.1,0,49.2,0.4
3191-CSNMG,CELL_101A,2024-12-01,2024-12-07,-91.2,14.1,0,48.7,0.19
3192-LNKRK,CELL_889D,2024-12-01,2024-12-07,-103.2,4.7,12,91.3,5.82
3192-NQECA,CELL_889D,2024-12-01,2024-12-07,-109.6,2.0,13,94.9,5.96
3194-ORPIK,CELL_134C,2024-12-01,2024-12-07,-90.1,14.6,1,36.8,0.11
3195-TQDZX,CELL_778C,2024-12-01,2024-12-07,-93.0,14.3,1,31.2,0.24
3196-NVXLZ,CELL_889D,2024-12-01,2024-12-07,-91.5,16.7,0,43.0,0.43
3197-ARFOY,CELL_502B,2024-12-01,2024-12-07,-106.7,4.0,3,76.4,1.65
3197-NNYNB,CELL_502B,2024-12-01,2024-12-07,-84.2,14.9,0,42.7,0.45
3198-VELRD,CELL_778C,2024-12-01,2024-12-07,-85.8,14.4,0,49.7,0.52
3199-NPKCN,CELL_112B,2024-12-01,2024-12-07,-91.4,15.1,0,45.9,0.54
3199-XGZCY,CELL_411A,2024-12-01,2024-12-07,-113.3,3.5,10,91.5,4.76
3200-MNQTF,CELL_101A,2024-12-01,2024-12-07,-86.1,12.6,0,53.2,0.34
3205-MXZRA,CELL_778C,2024-12-01,2024-12-07,-93.9,12.2,1,47.9,0.59
3207-OYBWH,CELL_889D,2024-12-01,2024-12-07,-99.8,8.6,5,74.9,2.93
3208-YPIOE,CELL_411A,2024-12-01,2024-12-07,-100.3,7.5,3,76.0,1.55
3209-ZPKFI,CELL_245B,2024-12-01,2024-12-07,-107.4,6.0,10,90.7,5.18
3211-AAPKX,CELL_101A,2024-12-01,2024-12-07,-89.1,16.4,1,49.1,0.54
3211-ILJTT,CELL_101A,2024-12-01,2024-12-07,-85.2,15.4,1,46.9,0.16
3212-KXOCR,CELL_778C,2024-12-01,2024-12-07,-109.3,2.9,14,85.6,3.73
3213-VVOLG,CELL_134C,2024-12-01,2024-12-07,-98.2,6.4,6,70.1,2.82
3214-IYUUQ,CELL_112B,2024-12-01,2024-12-07,-103.0,4.1,4,73.4,2.86
3217-FZDMN,CELL_778C,2024-12-01,2024-12-07,-106.1,7.7,4,70.6,1.52
3219-JQRSL,CELL_778C,2024-12-01,2024-12-07,-93.3,14.8,0,42.3,0.27
3221-CJMSG,CELL_234A,2024-12-01,2024-12-07,-87.4,17.7,1,31.5,0.58
3223-DWFIO,CELL_502B,2024-12-01,2024-12-07,-88.7,13.5,0,54.1,0.47
3223-WZWJM,CELL_502B,2024-12-01,2024-12-07,-101.2,7.7,5,84.2,2.67
3224-DFQNQ,CELL_889D,2024-12-01,2024-12-07,-111.0,7.4,12,93.3,5.32
3227-WLKLI,CELL_411A,2024-12-01,2024-12-07,-105.2,6.1,10,86.5,5.51
3229-USWAR,CELL_112B,2024-12-01,2024-12-07,-92.3,16.0,1,43.9,0.18
3230-IUALN,CELL_234A,2024-12-01,2024-12-07,-85.4,16.1,1,42.0,0.18
3230-JCNZS,CELL_234A,2024-12-01,2024-12-07,-87.1,14.4,1,44.8,0.16
3230-WYKIR,CELL_112B,2024-12-01,2024-12-07,-86.4,14.6,0,55.9,0.3
3234-VKACU,CELL_778C,2024-12-01,2024-12-07,-104.1,4.6,11,86.7,5.35
3235-ETOOB,CELL_502B,2024-12-01,2024-12-07,-90.3,14.3,1,52.8,0.29
3237-AJGEH,CELL_234A,2024-12-01,2024-12-07,-87.5,13.2,0,46.7,0.23
3239-TPHPZ,CELL_889D,2024-12-01,2024-12-07,-91.1,14.1,1,37.3,0.5
3243-ZHOHY,CELL_889D,2024-12-01,2024-12-07,-96.8,7.7,3,72.9,2.82
3244-CQPHU,CELL_889D,2024-12-01,2024-12-07,-87.9,15.8,1,42.8,0.48
3244-DCJWY,CELL_134C,2024-12-01,2024-12-07,-85.2,16.8,0,40.5,0.26
3247-MHJKM,CELL_411A,2024-12-01,2024-12-07,-93.9,19.0,0,42.2,0.11
3247-ZVOUO,CELL_134C,2024-12-01,2024-12-07,-88.6,13.0,0,43.4,0.42
3249-VHRIP,CELL_101A,2024-12-01,2024-12-07,-88.9,13.8,0,39.7,0.37
3249-ZPQRG,CELL_411A,2024-12-01,2024-12-07,-108.5,2.3,9,95.9,3.16
3251-YMVWZ,CELL_778C,2024-12-01,2024-12-07,-98.5,10.0,5,78.7,2.26
3253-HKOKL,CELL_889D,2024-12-01,2024-12-07,-92.8,14.5,1,33.0,0.51
3254-YRILK,CELL_411A,2024-12-01,2024-12-07,-102.4,8.5,5,83.9,2.06
3255-GRXMG,CELL_889D,2024-12-01,2024-12-07,-89.4,18.2,0,52.9,0.23
3256-EZDBI,CELL_245B,2024-12-01,2024-12-07,-92.7,7.0,3,75.5,1.65
3258-SANFR,CELL_245B,2024-12-01,2024-12-07,-94.2,14.8,1,54.2,0.17
3258-SYSWS,CELL_234A,2024-12-01,2024-12-07,-107.7,4.5,14,90.5,4.0
3258-ZKPAI,CELL_101A,2024-12-01,2024-12-07,-91.1,13.6,0,43.3,0.34
3259-FDWOY,CELL_134C,2024-12-01,2024-12-07,-90.8,14.9,0,54.8,0.23
3259-KNMRR,CELL_101A,2024-12-01,2024-12-07,-89.5,11.4,1,59.6,0.15
3259-QMXUN,CELL_411A,2024-12-01,2024-12-07,-107.0,6.6,4,78.4,1.71
3261-CQXOL,CELL_502B,2024-12-01,2024-12-07,-95.6,16.2,1,40.1,0.44
3262-EIDHV,CELL_101A,2024-12-01,2024-12-07,-104.1,9.3,6,76.0,2.74
3266-FTKHB,CELL_502B,2024-12-01,2024-12-07,-107.0,3.5,11,94.1,3.55
3269-ATYWD,CELL_112B,2024-12-01,2024-12-07,-85.5,16.4,1,47.3,0.16
3272-VUHPV,CELL_778C,2024-12-01,2024-12-07,-94.7,13.9,0,47.3,0.18
3274-NSDWE,CELL_502B,2024-12-01,2024-12-07,-113.1,2.4,9,92.5,5.83
3275-RHRNE,CELL_411A,2024-12-01,2024-12-07,-87.2,17.2,0,42.5,0.49
3276-HDUEG,CELL_234A,2024-12-01,2024-12-07,-91.9,12.0,3,77.3,1.67
3278-FSIXX,CELL_112B,2024-12-01,2024-12-07,-84.4,14.2,0,56.5,0.44
3279-DYZQM,CELL_234A,2024-12-01,2024-12-07,-88.3,10.9,1,33.3,0.57
3280-MRDOF,CELL_502B,2024-12-01,2024-12-07,-105.3,-1.6,14,85.5,4.79
3280-NMUVX,CELL_778C,2024-12-01,2024-12-07,-109.0,5.5,11,87.3,4.13
3282-ZISZV,CELL_101A,2024-12-01,2024-12-07,-88.3,16.1,0,55.6,0.44
3283-WCWXT,CELL_112B,2024-12-01,2024-12-07,-107.6,2.9,9,89.4,3.76
3284-SVCRO,CELL_301C,2024-12-01,2024-12-07,-88.5,15.2,0,59.1,0.14
3285-UCQVC,CELL_134C,2024-12-01,2024-12-07,-86.8,14.4,1,49.4,0.37
3292-PBZEJ,CELL_502B,2024-12-01,2024-12-07,-92.4,17.4,0,33.6,0.51
3295-YVUSR,CELL_134C,2024-12-01,2024-12-07,-98.4,12.9,1,48.4,0.12
3296-SILRA,CELL_245B,2024-12-01,2024-12-07,-102.8,4.8,8,95.6,5.04
3298-QEICA,CELL_134C,2024-12-01,2024-12-07,-86.3,19.0,1,40.1,0.35
3301-LSLWQ,CELL_245B,2024-12-01,2024-12-07,-93.4,12.5,0,37.6,0.53
3301-VKTGC,CELL_234A,2024-12-01,2024-12-07,-86.0,14.4,0,40.3,0.4
3307-TLCUD,CELL_101A,2024-12-01,2024-12-07,-99.6,7.8,4,74.1,2.17
3308-DGHKL,CELL_778C,2024-12-01,2024-12-07,-90.7,14.0,0,57.1,0.16
3308-JSGML,CELL_778C,2024-12-01,2024-12-07,-107.7,4.9,13,95.5,3.33
3308-MHOOC,CELL_889D,2024-12-01,2024-12-07,-88.7,14.4,0,52.2,0.36
3312-UUMZW,CELL_234A,2024-12-01,2024-12-07,-92.3,12.6,0,53.5,0.44
3312-ZWLGF,CELL_778C,2024-12-01,2024-12-07,-96.2,7.9,6,77.2,2.72
3313-QKNKB,CELL_112B,2024-12-01,2024-12-07,-92.4,16.8,1,33.9,0.21
3315-IKYZQ,CELL_101A,2024-12-01,2024-12-07,-93.5,18.1,1,39.5,0.13
3315-TOTBP,CELL_411A,2024-12-01,2024-12-07,-88.1,15.7,0,40.5,0.18
3316-UWXUY,CELL_112B,2024-12-01,2024-12-07,-90.3,14.2,1,55.7,0.52
3317-HRTNN,CELL_411A,2024-12-01,2024-12-07,-102.2,10.3,4,81.8,1.98
3317-VLGQT,CELL_234A,2024-12-01,2024-12-07,-89.5,12.8,0,32.1,0.5
3318-ISQFQ,CELL_411A,2024-12-01,2024-12-07,-94.5,11.8,4,81.4,2.23
3318-NMQXL,CELL_889D,2024-12-01,2024-12-07,-110.8,1.3,9,88.7,3.23
3318-OSATS,CELL_101A,2024-12-01,2024-12-07,-98.2,6.4,4,75.7,2.42
3319-DWOEP,CELL_101A,2024-12-01,2024-12-07,-101.4,12.7,3,71.8,2.73
3320-VEOYC,CELL_889D,2024-12-01,2024-12-07,-86.9,15.0,1,38.1,0.15
3323-CPBWR,CELL_112B,2024-12-01,2024-12-07,-104.5,4.6,6,74.3,1.88
3324-OIRTO,CELL_101A,2024-12-01,2024-12-07,-89.9,10.2,1,35.2,0.54
3325-FUYCG,CELL_301C,2024-12-01,2024-12-07,-88.4,15.3,1,43.7,0.51
3327-YBAKM,CELL_889D,2024-12-01,2024-12-07,-97.1,3.5,6,79.4,2.69
3329-WDIOK,CELL_101A,2024-12-01,2024-12-07,-102.5,10.4,5,80.4,2.93
3331-HQDTW,CELL_889D,2024-12-01,2024-12-07,-89.0,16.0,0,57.2,0.12
3334-CTHOL,CELL_301C,2024-12-01,2024-12-07,-92.1,12.9,0,47.4,0.28
3336-JORSO,CELL_101A,2024-12-01,2024-12-07,-88.1,13.5,0,58.4,0.33
3338-CVVEH,CELL_101A,2024-12-01,2024-12-07,-89.8,14.7,0,43.4,0.47
3339-EAQNV,CELL_234A,2024-12-01,2024-12-07,-91.6,13.3,1,57.8,0.23
3340-QBBFM,CELL_112B,2024-12-01,2024-12-07,-101.8,3.9,6,72.7,2.96
3345-JHUEO,CELL_502B,2024-12-01,2024-12-07,-94.6,19.9,0,33.2,0.27
3345-PBBFH,CELL_112B,2024-12-01,2024-12-07,-88.8,13.0,1,47.8,0.13
3346-BRMIS,CELL_245B,2024-12-01,2024-12-07,-103.1,6.7,5,71.8,2.53
3347-YJZZE,CELL_101A,2024-12-01,2024-12-07,-105.3,7.2,3,79.8,1.7
3348-CFRNX,CELL_245B,2024-12-01,2024-12-07,-93.7,8.2,6,71.8,2.8
3349-ANQNH,CELL_889D,2024-12-01,2024-12-07,-81.7,14.5,1,59.2,0.2
3351-NGXYI,CELL_301C,2024-12-01,2024-12-07,-99.0,10.6,3,71.6,2.57
3351-NQLDI,CELL_245B,2024-12-01,2024-12-07,-92.0,13.0,0,57.1,0.5
3352-ALMCK,CELL_134C,2024-12-01,2024-12-07,-97.6,7.3,3,80.7,1.94
3352-RICWQ,CELL_502B,2024-12-01,2024-12-07,-92.0,11.3,0,39.3,0.6
3354-OADJP,CELL_411A,2024-12-01,2024-12-07,-89.0,16.2,1,55.7,0.47
3359-DSRKA,CELL_502B,2024-12-01,2024-12-07,-109.4,2.0,8,96.3,4.0
3363-DTIVD,CELL_502B,2024-12-01,2024-12-07,-92.4,15.1,0,47.0,0.22
3363-EWLGO,CELL_301C,2024-12-01,2024-12-07,-102.1,2.5,8,94.2,5.68
3365-SAIGS,CELL_301C,2024-12-01,2024-12-07,-89.9,16.2,1,33.3,0.22
3370-GQEAL,CELL_301C,2024-12-01,2024-12-07,-103.0,7.2,6,72.4,2.08
3370-HXOPH,CELL_234A,2024-12-01,2024-12-07,-92.1,13.0,0,51.4,0.46
3372-CDXFJ,CELL_502B,2024-12-01,2024-12-07,-96.7,8.7,3,81.1,2.49
3372-KWFBM,CELL_411A,2024-12-01,2024-12-07,-101.6,5.1,3,70.1,2.99
3373-DIUUN,CELL_234A,2024-12-01,2024-12-07,-108.4,2.0,11,94.9,3.2
3373-YZZYM,CELL_778C,2024-12-01,2024-12-07,-92.1,16.9,1,41.2,0.6
3374-LXDEV,CELL_889D,2024-12-01,2024-12-07,-91.3,14.2,1,54.5,0.21
3374-PZLXD,CELL_889D,2024-12-01,2024-12-07,-95.3,6.6,6,74.6,2.88
3374-TTZTK,CELL_101A,2024-12-01,2024-12-07,-92.4,18.9,0,35.7,0.5
3376-BMGFE,CELL_502B,2024-12-01,2024-12-07,-109.1,3.2,13,87.1,3.13
3378-AJRAO,CELL_502B,2024-12-01,2024-12-07,-85.8,14.6,1,60.0,0.52
3384-CTMSF,CELL_245B,2024-12-01,2024-12-07,-88.2,15.8,0,53.4,0.15
3387-PLKUI,CELL_101A,2024-12-01,2024-12-07,-105.2,4.3,14,91.8,4.08
3387-VATUS,CELL_301C,2024-12-01,2024-12-07,-109.0,4.1,13,89.1,5.92
3389-KTRXV,CELL_245B,2024-12-01,2024-12-07,-97.6,7.3,6,84.3,2.85
3389-YGYAI,CELL_411A,2024-12-01,2024-12-07,-91.3,17.7,1,40.7,0.5
3391-JSQEW,CELL_411A,2024-12-01,2024-12-07,-98.8,8.4,3,80.6,2.22
3392-EHMNK,CELL_112B,2024-12-01,2024-12-07,-99.3,8.1,5,71.2,1.53
3393-FMZPV,CELL_134C,2024-12-01,2024-12-07,-85.7,17.8,1,43.6,0.34
3396-DKDEL,CELL_134C,2024-12-01,2024-12-07,-91.5,14.9,0,58.1,0.5
3397-AVTKU,CELL_502B,2024-12-01,2024-12-07,-84.3,12.9,0,33.6,0.45
3398-FSHON,CELL_234A,2024-12-01,2024-12-07,-90.0,14.6,1,51.5,0.16
3398-GCPMU,CELL_889D,2024-12-01,2024-12-07,-92.4,12.9,1,49.3,0.4
3398-ZOUAA,CELL_245B,2024-12-01,2024-12-07,-92.2,11.0,0,45.0,0.27
3399-BMLVW,CELL_134C,2024-12-01,2024-12-07,-91.1,14.6,1,46.8,0.51
3400-ESFUW,CELL_502B,2024-12-01,2024-12-07,-95.7,10.5,3,80.2,2.13
3401-URHDA,CELL_112B,2024-12-01,2024-12-07,-95.9,9.6,6,81.0,1.84
3402-XRIUO,CELL_245B,2024-12-01,2024-12-07,-100.8,6.2,3,79.0,1.8
3404-JNXAX,CELL_502B,2024-12-01,2024-12-07,-89.0,15.7,0,39.5,0.19
3407-JMJQQ,CELL_245B,2024-12-01,2024-12-07,-98.9,7.0,5,70.1,1.53
3407-QGWLG,CELL_245B,2024-12-01,2024-12-07,-94.8,14.6,0,52.3,0.51
3410-MHHUM,CELL_101A,2024-12-01,2024-12-07,-102.4,11.7,5,72.8,2.69
3410-YOQBQ,CELL_889D,2024-12-01,2024-12-07,-92.5,14.7,1,57.5,0.24
3411-WLRSQ,CELL_234A,2024-12-01,2024-12-07,-91.8,13.4,1,57.7,0.51
3413-BMNZE,CELL_234A,2024-12-01,2024-12-07,-93.7,13.2,1,34.1,0.18
3413-CSSTH,CELL_134C,2024-12-01,2024-12-07,-101.8,9.8,4,84.3,2.27
3413-DHLPB,CELL_134C,2024-12-01,2024-12-07,-91.4,16.7,1,56.9,0.5
3415-TAILE,CELL_301C,2024-12-01,2024-12-07,-96.7,17.7,1,37.7,0.48
3417-TSCIC,CELL_502B,2024-12-01,2024-12-07,-90.8,13.7,0,41.2,0.52
3419-SNJJD,CELL_301C,2024-12-01,2024-12-07,-95.9,12.3,0,57.5,0.33
3420-YJLQT,CELL_245B,2024-12-01,2024-12-07,-92.1,14.1,1,33.1,0.39
3420-ZDBMA,CELL_245B,2024-12-01,2024-12-07,-105.6,4.1,5,74.1,1.76
3422-GALYP,CELL_889D,2024-12-01,2024-12-07,-101.5,9.5,4,71.1,2.31
3422-LYEPQ,CELL_301C,2024-12-01,2024-12-07,-89.0,16.4,0,53.2,0.36
3422-WJOYD,CELL_301C,2024-12-01,2024-12-07,-90.4,16.5,1,45.8,0.5
3423-HHXAO,CELL_889D,2024-12-01,2024-12-07,-91.6,16.2,1,36.3,0.41
3424-NMNBO,CELL_301C,2024-12-01,2024-12-07,-94.3,4.3,5,82.1,1.94
3426-NIYYL,CELL_301C,2024-12-01,2024-12-07,-101.7,4.2,9,92.3,4.34
3427-GGZZI,CELL_245B,2024-12-01,2024-12-07,-89.9,11.1,1,30.9,0.58
3428-MMGUB,CELL_234A,2024-12-01,2024-12-07,-87.1,13.6,1,46.7,0.2
3428-XZMAZ,CELL_245B,2024-12-01,2024-12-07,-94.5,17.6,1,53.8,0.11
3429-IFLEM,CELL_889D,2024-12-01,2024-12-07,-85.6,16.4,0,59.5,0.5
3439-GVUSX,CELL_301C,2024-12-01,2024-12-07,-91.5,13.5,1,45.7,0.55
3440-JPSCL,CELL_889D,2024-12-01,2024-12-07,-89.8,18.6,1,54.3,0.32
3441-CGZJH,CELL_889D,2024-12-01,2024-12-07,-89.5,13.0,1,36.4,0.2
3442-ZHHCC,CELL_134C,2024-12-01,2024-12-07,-100.8,7.5,3,76.4,2.0
3445-HXXGF,CELL_101A,2024-12-01,2024-12-07,-101.6,4.0,5,76.3,1.87
3446-QDSZF,CELL_101A,2024-12-01,2024-12-07,-96.7,7.9,6,72.8,2.32
3450-WXOAT,CELL_101A,2024-12-01,2024-12-07,-84.5,17.4,0,40.4,0.2
3451-VAWLI,CELL_301C,2024-12-01,2024-12-07,-100.4,6.5,3,78.2,1.91
3452-ABWRL,CELL_889D,2024-12-01,2024-12-07,-91.7,14.2,0,52.2,0.53
3452-FLHYD,CELL_411A,2024-12-01,2024-12-07,-93.9,12.5,0,52.3,0.43
3452-GWUIN,CELL_411A,2024-12-01,2024-12-07,-112.6,3.1,8,86.5,4.29
3452-SRFEG,CELL_245B,2024-12-01,2024-12-07,-93.4,17.0,1,38.9,0.31
3453-RTHJQ,CELL_778C,2024-12-01,2024-12-07,-90.1,15.0,0,58.0,0.45
3454-JFUBC,CELL_112B,2024-12-01,2024-12-07,-90.7,15.7,1,44.2,0.5
3457-PQBYH,CELL_101A,2024-12-01,2024-12-07,-88.0,16.5,1,39.0,0.51
3458-IDMFK,CELL_134C,2024-12-01,2024-12-07,-91.3,13.1,1,57.7,0.23
3460-TJBWI,CELL_112B,2024-12-01,2024-12-07,-90.9,6.5,6,74.8,1.85
3462-BJQQA,CELL_778C,2024-12-01,2024-12-07,-88.6,17.4,0,48.0,0.58
3466-BYAVD,CELL_889D,2024-12-01,2024-12-07,-93.0,16.0,0,43.6,0.18
3466-RITXD,CELL_301C,2024-12-01,2024-12-07,-87.3,17.2,1,44.6,0.17
3466-WAESX,CELL_112B,2024-12-01,2024-12-07,-87.2,18.4,0,39.7,0.36
3468-DRVQJ,CELL_234A,2024-12-01,2024-12-07,-88.4,15.9,1,41.3,0.41
3470-BTGQO,CELL_778C,2024-12-01,2024-12-07,-112.6,4.4,12,93.0,4.13
3470-OBUET,CELL_112B,2024-12-01,2024-12-07,-91.6,14.4,0,56.4,0.12
3472-OAOOR,CELL_502B,2024-12-01,2024-12-07,-90.5,15.1,0,45.4,0.5
3472-QPRCH,CELL_112B,2024-12-01,2024-12-07,-86.5,15.4,1,46.5,0.31
3473-XIIIT,CELL_134C,2024-12-01,2024-12-07,-99.2,7.2,3,79.6,2.73
3474-BAFSJ,CELL_889D,2024-12-01,2024-12-07,-91.8,13.5,1,47.7,0.26
3481-JHUZH,CELL_101A,2024-12-01,2024-12-07,-94.5,7.6,5,77.2,2.89
3482-ABPKK,CELL_245B,2024-12-01,2024-12-07,-90.0,16.0,0,33.9,0.48
3486-HOOGQ,CELL_889D,2024-12-01,2024-12-07,-89.5,16.8,1,53.3,0.46
3486-KHMLI,CELL_502B,2024-12-01,2024-12-07,-87.8,12.2,0,59.5,0.42
3486-NPGST,CELL_502B,2024-12-01,2024-12-07,-91.4,9.2,0,50.3,0.37
3487-EARAT,CELL_889D,2024-12-01,2024-12-07,-92.9,14.0,1,35.9,0.34
3488-PGMQJ,CELL_112B,2024-12-01,2024-12-07,-100.3,11.0,6,77.0,1.89
3489-HHPFY,CELL_411A,2024-12-01,2024-12-07,-101.6,9.9,3,84.7,1.67
3489-VSFRD,CELL_234A,2024-12-01,2024-12-07,-100.6,5.1,6,79.1,2.43
3494-JCHRQ,CELL_245B,2024-12-01,2024-12-07,-85.2,15.4,1,33.1,0.13
3496-LFSZU,CELL_889D,2024-12-01,2024-12-07,-95.5,9.4,5,75.6,1.51
3498-LZGQZ,CELL_778C,2024-12-01,2024-12-07,-93.3,17.4,1,46.8,0.37
3500-NSDOA,CELL_245B,2024-12-01,2024-12-07,-94.2,7.0,5,81.1,2.17
3500-RMZLT,CELL_411A,2024-12-01,2024-12-07,-88.2,17.3,1,57.7,0.14
3503-TYDAY,CELL_502B,2024-12-01,2024-12-07,-99.3,8.8,5,71.2,2.83
3506-LCJDC,CELL_245B,2024-12-01,2024-12-07,-88.7,17.4,1,41.7,0.34
3506-OVLKD,CELL_301C,2024-12-01,2024-12-07,-95.0,13.7,1,47.9,0.49
3507-GASNP,CELL_101A,2024-12-01,2024-12-07,-93.4,11.9,0,42.8,0.31
3508-CFVZL,CELL_101A,2024-12-01,2024-12-07,-90.1,15.6,0,59.5,0.45
3508-VLHCZ,CELL_234A,2024-12-01,2024-12-07,-111.2,7.7,6,75.7,2.92
3509-GWQGF,CELL_101A,2024-12-01,2024-12-07,-95.3,17.0,0,44.1,0.59
3511-APPBJ,CELL_134C,2024-12-01,2024-12-07,-101.3,9.5,6,72.6,2.58
3511-BFTJW,CELL_245B,2024-12-01,2024-12-07,-103.3,5.5,13,96.1,4.13
3512-IZIKN,CELL_889D,2024-12-01,2024-12-07,-90.9,15.0,0,35.6,0.1
3518-FSTWG,CELL_411A,2024-12-01,2024-12-07,-100.3,8.9,5,83.3,1.51
3518-PZXZQ,CELL_112B,2024-12-01,2024-12-07,-91.8,15.4,1,53.5,0.16
3519-ZKXGG,CELL_502B,2024-12-01,2024-12-07,-89.7,15.0,1,32.7,0.19
3520-FJGCV,CELL_301C,2024-12-01,2024-12-07,-87.3,16.0,1,45.0,0.5
3521-HTQTV,CELL_301C,2024-12-01,2024-12-07,-88.7,13.1,0,55.4,0.57
3521-MNKLV,CELL_234A,2024-12-01,2024-12-07,-103.3,8.7,3,71.0,1.79
3521-SYVOR,CELL_411A,2024-12-01,2024-12-07,-96.3,8.8,4,78.2,2.93
3522-CDKHF,CELL_134C,2024-12-01,2024-12-07,-109.9,7.8,4,81.6,1.72
3523-BRGUW,CELL_778C,2024-12-01,2024-12-07,-85.4,14.6,0,37.6,0.26
3523-QRQLL,CELL_112B,2024-12-01,2024-12-07,-100.0,6.4,4,82.5,2.03
3524-WQDSG,CELL_134C,2024-12-01,2024-12-07,-87.7,14.0,0,55.5,0.58
3525-DVKFN,CELL_245B,2024-12-01,2024-12-07,-111.6,4.4,8,94.8,3.19
3528-HFRIQ,CELL_778C,2024-12-01,2024-12-07,-99.1,11.6,6,70.2,2.62
3530-CRZSB,CELL_245B,2024-12-01,2024-12-07,-90.7,14.2,1,43.7,0.2
3530-VWVGU,CELL_245B,2024-12-01,2024-12-07,-90.9,18.2,1,50.5,0.37
3533-UVMOM,CELL_411A,2024-12-01,2024-12-07,-102.4,8.8,6,75.4,2.4
3536-IQCTX,CELL_411A,2024-12-01,2024-12-07,-99.5,5.6,4,78.1,2.3
3537-HPKQT,CELL_134C,2024-12-01,2024-12-07,-105.6,10.0,4,85.0,1.61
3537-RYBHH,CELL_778C,2024-12-01,2024-12-07,-87.5,15.7,1,41.8,0.3
3538-WZPHD,CELL_411A,2024-12-01,2024-12-07,-88.6,16.5,1,41.0,0.59
3540-RZJYU,CELL_301C,2024-12-01,2024-12-07,-93.4,14.6,0,38.0,0.39
3541-ZNUHK,CELL_101A,2024-12-01,2024-12-07,-84.3,11.1,0,38.0,0.42
3544-FBCAS,CELL_889D,2024-12-01,2024-12-07,-89.5,17.0,0,39.5,0.28
3545-CNWRG,CELL_101A,2024-12-01,2024-12-07,-99.2,7.9,4,73.7,2.75
3546-GHEAE,CELL_112B,2024-12-01,2024-12-07,-87.7,15.4,0,48.5,0.18
3547-LQRIK,CELL_134C,2024-12-01,2024-12-07,-86.3,15.6,0,50.8,0.25
3549-ZTMNH,CELL_101A,2024-12-01,2024-12-07,-89.1,15.8,1,47.0,0.5
3550-SAHFP,CELL_778C,2024-12-01,2024-12-07,-96.0,16.7,0,44.1,0.31
3551-GAEGL,CELL_411A,2024-12-01,2024-12-07,-92.5,13.9,0,53.9,0.42
3551-HUAZH,CELL_112B,2024-12-01,2024-12-07,-91.0,17.9,1,36.5,0.17
3552-CTCYF,CELL_889D,2024-12-01,2024-12-07,-83.5,17.1,0,36.4,0.2
3556-BVQGL,CELL_234A,2024-12-01,2024-12-07,-88.7,16.7,1,40.5,0.21
3557-HTYWR,CELL_778C,2024-12-01,2024-12-07,-94.2,13.4,0,53.9,0.29
3563-SVYLG,CELL_301C,2024-12-01,2024-12-07,-90.4,14.9,1,52.2,0.21
3565-UNOCC,CELL_134C,2024-12-01,2024-12-07,-91.9,14.7,0,47.5,0.26
3566-CAAYU,CELL_245B,2024-12-01,2024-12-07,-84.3,15.3,1,34.0,0.14
3566-HJGPK,CELL_101A,2024-12-01,2024-12-07,-93.8,8.5,6,80.8,1.97
3566-VVORZ,CELL_134C,2024-12-01,2024-12-07,-104.8,2.1,9,89.9,5.95
3567-PQTSO,CELL_778C,2024-12-01,2024-12-07,-89.0,15.2,0,32.4,0.3
3569-EDBPQ,CELL_112B,2024-12-01,2024-12-07,-105.6,6.5,5,77.7,2.69
3569-JFODW,CELL_134C,2024-12-01,2024-12-07,-93.5,10.0,1,56.2,0.42
3569-VLDHH,CELL_234A,2024-12-01,2024-12-07,-90.9,16.5,1,49.4,0.3
3570-YUEKJ,CELL_411A,2024-12-01,2024-12-07,-89.9,14.5,0,59.4,0.26
3571-DPYUH,CELL_112B,2024-12-01,2024-12-07,-102.9,5.7,3,79.8,1.58
3571-RFHAR,CELL_234A,2024-12-01,2024-12-07,-110.5,3.3,12,87.5,4.61
3572-UOLYZ,CELL_411A,2024-12-01,2024-12-07,-89.0,16.5,1,58.4,0.21
3572-UUHRS,CELL_411A,2024-12-01,2024-12-07,-101.8,7.5,3,74.6,2.21
3577-AMVUX,CELL_411A,2024-12-01,2024-12-07,-87.7,9.9,0,49.9,0.41
3580-GICBM,CELL_778C,2024-12-01,2024-12-07,-84.1,15.7,0,53.6,0.25
3580-HYCSP,CELL_101A,2024-12-01,2024-12-07,-91.9,17.8,0,50.3,0.55
3580-REOAC,CELL_411A,2024-12-01,2024-12-07,-86.1,13.9,1,38.6,0.55
3583-EKAPL,CELL_245B,2024-12-01,2024-12-07,-98.5,6.3,5,82.2,1.66
3583-KRKMD,CELL_134C,2024-12-01,2024-12-07,-89.3,13.1,0,41.1,0.15
3584-WKTTW,CELL_301C,2024-12-01,2024-12-07,-92.6,15.3,0,54.1,0.56
3585-ISXZP,CELL_411A,2024-12-01,2024-12-07,-87.9,16.1,0,32.2,0.42
3585-YNADK,CELL_234A,2024-12-01,2024-12-07,-98.6,11.9,3,80.8,2.82
3587-PMCOY,CELL_234A,2024-12-01,2024-12-07,-105.1,11.2,4,79.4,2.24
3588-WSTTJ,CELL_301C,2024-12-01,2024-12-07,-90.6,11.5,1,46.6,0.38
3589-PPVKW,CELL_234A,2024-12-01,2024-12-07,-90.6,11.4,1,41.6,0.16
3590-TCXTB,CELL_411A,2024-12-01,2024-12-07,-97.5,3.4,3,83.4,2.8
3594-BDSOA,CELL_245B,2024-12-01,2024-12-07,-91.0,16.1,1,33.0,0.47
3594-IVHJZ,CELL_134C,2024-12-01,2024-12-07,-94.8,8.2,3,72.3,2.45
3594-KADLU,CELL_101A,2024-12-01,2024-12-07,-97.4,8.9,6,80.8,2.13
3594-UVONA,CELL_245B,2024-12-01,2024-12-07,-100.6,3.2,12,94.6,4.47
3597-MVHJT,CELL_112B,2024-12-01,2024-12-07,-92.9,8.6,4,72.6,2.76
3597-YASZG,CELL_101A,2024-12-01,2024-12-07,-87.0,13.0,0,42.1,0.44
3604-WLABM,CELL_112B,2024-12-01,2024-12-07,-111.0,1.4,9,87.7,5.08
3605-JISKB,CELL_301C,2024-12-01,2024-12-07,-90.6,16.5,0,31.4,0.13
3606-SBKRY,CELL_245B,2024-12-01,2024-12-07,-95.0,15.1,1,38.0,0.4
3606-TWKGI,CELL_134C,2024-12-01,2024-12-07,-86.4,17.6,0,58.0,0.15
3612-YUNGG,CELL_112B,2024-12-01,2024-12-07,-90.3,15.2,1,33.1,0.14
3612-YVGSJ,CELL_411A,2024-12-01,2024-12-07,-99.3,6.3,3,82.9,2.49
3617-XLSGQ,CELL_134C,2024-12-01,2024-12-07,-110.2,4.7,12,87.2,3.67
3620-EHIMZ,CELL_411A,2024-12-01,2024-12-07,-90.5,12.9,0,36.3,0.36
3620-MWJNE,CELL_234A,2024-12-01,2024-12-07,-89.3,16.3,1,52.5,0.21
3621-CEOVK,CELL_502B,2024-12-01,2024-12-07,-110.8,5.1,9,91.7,5.44
3621-CHYVB,CELL_134C,2024-12-01,2024-12-07,-87.7,18.0,1,34.2,0.3
3623-FQBOX,CELL_245B,2024-12-01,2024-12-07,-87.0,13.2,1,37.8,0.48
3627-FCRDW,CELL_245B,2024-12-01,2024-12-07,-110.1,4.6,13,94.7,4.43
3627-FHKBK,CELL_502B,2024-12-01,2024-12-07,-99.5,6.9,6,72.4,1.75
3629-WEAAM,CELL_889D,2024-12-01,2024-12-07,-88.1,19.0,1,57.5,0.49
3629-ZNKXA,CELL_234A,2024-12-01,2024-12-07,-89.9,13.6,1,31.8,0.38
3633-CDBUW,CELL_301C,2024-12-01,2024-12-07,-107.2,4.8,10,94.5,3.36
3635-JBPSG,CELL_234A,2024-12-01,2024-12-07,-92.1,12.8,1,36.5,0.26
3635-QQRQD,CELL_112B,2024-12-01,2024-12-07,-104.4,8.9,5,84.0,2.36
3638-DIMPH,CELL_134C,2024-12-01,2024-12-07,-89.8,14.1,0,35.6,0.55
3638-VBZTA,CELL_101A,2024-12-01,2024-12-07,-91.0,14.6,1,39.6,0.11
3638-WEABW,CELL_234A,2024-12-01,2024-12-07,-99.8,7.8,3,72.6,1.58
3639-XJHKQ,CELL_112B,2024-12-01,2024-12-07,-96.0,8.9,6,80.0,2.5
3640-JQGJG,CELL_301C,2024-12-01,2024-12-07,-96.8,15.5,1,48.6,0.31
3640-PHQXK,CELL_101A,2024-12-01,2024-12-07,-85.9,16.2,1,59.2,0.23
3642-BYHDO,CELL_234A,2024-12-01,2024-12-07,-103.5,7.0,5,80.8,2.42
3642-GKTCT,CELL_245B,2024-12-01,2024-12-07,-91.3,12.7,0,35.8,0.2
3643-AHCFP,CELL_411A,2024-12-01,2024-12-07,-87.9,17.9,0,44.4,0.44
3644-QXEHN,CELL_778C,2024-12-01,2024-12-07,-89.2,11.7,0,50.7,0.45
3645-DEYGF,CELL_778C,2024-12-01,2024-12-07,-92.9,6.7,4,74.4,1.76
3646-ITDGM,CELL_502B,2024-12-01,2024-12-07,-88.3,14.8,0,38.3,0.29
3647-GMGDH,CELL_889D,2024-12-01,2024-12-07,-105.4,6.7,3,70.9,2.54
3648-GZPHF,CELL_112B,2024-12-01,2024-12-07,-91.6,16.3,1,33.3,0.34
3649-JPUGY,CELL_234A,2024-12-01,2024-12-07,-106.1,6.1,14,88.9,3.17
3653-NCRDJ,CELL_502B,2024-12-01,2024-12-07,-88.6,9.6,1,48.4,0.21
3654-ARMGP,CELL_112B,2024-12-01,2024-12-07,-105.7,3.3,14,87.5,5.29
3655-SNQYZ,CELL_301C,2024-12-01,2024-12-07,-90.2,14.5,0,33.0,0.57
3656-TKRVZ,CELL_112B,2024-12-01,2024-12-07,-89.4,13.6,1,39.0,0.43
3657-COGMW,CELL_778C,2024-12-01,2024-12-07,-90.5,16.5,0,43.8,0.36
3658-KIBGF,CELL_778C,2024-12-01,2024-12-07,-88.8,14.5,1,34.5,0.32
3658-QQJYD,CELL_778C,2024-12-01,2024-12-07,-89.5,14.8,0,44.4,0.37
3662-FXJFO,CELL_502B,2024-12-01,2024-12-07,-94.3,7.9,5,83.2,2.29
3663-MITLP,CELL_411A,2024-12-01,2024-12-07,-104.4,6.8,5,74.4,1.68
3665-JATSN,CELL_411A,2024-12-01,2024-12-07,-87.2,15.8,0,58.8,0.36
3668-QPYBK,CELL_411A,2024-12-01,2024-12-07,-97.9,3.1,6,76.0,2.59
3669-LVWZB,CELL_234A,2024-12-01,2024-12-07,-104.2,4.2,10,94.3,5.65
3669-OYSJI,CELL_301C,2024-12-01,2024-12-07,-92.0,14.6,1,45.8,0.38
3669-WHAFY,CELL_134C,2024-12-01,2024-12-07,-89.3,16.5,1,36.2,0.48
3671-SHRSP,CELL_778C,2024-12-01,2024-12-07,-89.3,17.7,1,58.9,0.14
3672-YITQD,CELL_301C,2024-12-01,2024-12-07,-91.1,14.6,1,58.6,0.49
3675-EQOZA,CELL_502B,2024-12-01,2024-12-07,-107.3,7.2,14,94.3,4.46
3675-YDUPJ,CELL_101A,2024-12-01,2024-12-07,-107.0,4.5,3,83.1,2.83
3677-IYRBF,CELL_245B,2024-12-01,2024-12-07,-85.6,18.8,0,47.5,0.43
3677-TNKIO,CELL_889D,2024-12-01,2024-12-07,-87.7,11.4,0,59.9,0.16
3678-MNGZX,CELL_234A,2024-12-01,2024-12-07,-90.0,17.4,1,41.3,0.37
3679-XASPY,CELL_245B,2024-12-01,2024-12-07,-89.5,15.8,0,36.4,0.31
3680-CTHUH,CELL_101A,2024-12-01,2024-12-07,-100.4,9.3,6,76.0,1.52
3682-YEUWS,CELL_245B,2024-12-01,2024-12-07,-101.5,6.4,3,76.8,2.73
3683-QKIUE,CELL_889D,2024-12-01,2024-12-07,-96.2,15.9,1,38.6,0.28
3685-YLCMQ,CELL_889D,2024-12-01,2024-12-07,-109.8,4.3,12,96.7,5.12
3688-FTHLT,CELL_134C,2024-12-01,2024-12-07,-88.1,17.1,1,38.0,0.26
3689-MOZGR,CELL_502B,2024-12-01,2024-12-07,-106.0,8.3,3,72.8,2.41
3692-JHONH,CELL_502B,2024-12-01,2024-12-07,-91.7,11.3,0,51.2,0.59
3694-DELSO,CELL_112B,2024-12-01,2024-12-07,-90.9,16.5,0,43.6,0.59
3694-GLTJM,CELL_411A,2024-12-01,2024-12-07,-92.7,15.7,0,42.8,0.47
3696-DFHHB,CELL_245B,2024-12-01,2024-12-07,-94.0,16.3,0,33.4,0.53
3696-XRIEN,CELL_234A,2024-12-01,2024-12-07,-89.0,13.2,1,51.3,0.13
3701-SFMUH,CELL_101A,2024-12-01,2024-12-07,-110.4,4.9,11,85.8,4.33
3703-KBKZP,CELL_234A,2024-12-01,2024-12-07,-87.7,14.5,0,43.9,0.11
3703-TTEPD,CELL_234A,2024-12-01,2024-12-07,-89.9,16.8,1,33.3,0.56
3703-VAVCL,CELL_301C,2024-12-01,2024-12-07,-82.0,13.7,1,30.5,0.57
3704-IEAXF,CELL_502B,2024-12-01,2024-12-07,-107.2,2.1,12,96.0,4.24
3705-PSNGL,CELL_134C,2024-12-01,2024-12-07,-90.2,14.7,1,55.4,0.37
3705-RHRFR,CELL_301C,2024-12-01,2024-12-07,-107.0,3.9,13,95.6,5.24
3707-GNWHM,CELL_134C,2024-12-01,2024-12-07,-101.9,5.4,10,85.0,3.12
3707-LRWZD,CELL_112B,2024-12-01,2024-12-07,-102.2,7.0,3,80.2,1.89
3709-OIJEA,CELL_245B,2024-12-01,2024-12-07,-95.7,14.5,0,31.3,0.44
3712-PKXZA,CELL_134C,2024-12-01,2024-12-07,-97.1,18.1,1,43.7,0.37
3714-JTVOV,CELL_134C,2024-12-01,2024-12-07,-88.7,15.1,1,55.2,0.31
3714-NTNFO,CELL_889D,2024-12-01,2024-12-07,-111.2,4.7,9,87.0,4.98
3714-XPXBW,CELL_134C,2024-12-01,2024-12-07,-95.6,16.4,1,31.3,0.39
3716-BDVDB,CELL_245B,2024-12-01,2024-12-07,-91.7,16.6,1,35.0,0.18
3716-LRGXK,CELL_411A,2024-12-01,2024-12-07,-97.0,6.5,4,78.4,2.87
3716-UVSPD,CELL_234A,2024-12-01,2024-12-07,-92.8,18.4,0,56.5,0.57
3717-FDJFU,CELL_502B,2024-12-01,2024-12-07,-90.9,14.0,0,54.5,0.43
3717-LNXKW,CELL_502B,2024-12-01,2024-12-07,-92.3,13.9,1,56.5,0.25
3717-OEAUQ,CELL_889D,2024-12-01,2024-12-07,-91.4,17.2,1,59.1,0.45
3717-OFRTN,CELL_245B,2024-12-01,2024-12-07,-111.8,3.4,13,97.7,5.59
3719-TDVQB,CELL_411A,2024-12-01,2024-12-07,-101.1,8.5,4,72.5,1.58
3720-DBRWL,CELL_245B,2024-12-01,2024-12-07,-91.4,11.0,1,42.9,0.51
3721-CNEYS,CELL_502B,2024-12-01,2024-12-07,-91.9,17.6,0,49.0,0.29
3721-CNZHX,CELL_112B,2024-12-01,2024-12-07,-102.0,6.8,3,75.2,1.63
3721-WKIIL,CELL_134C,2024-12-01,2024-12-07,-102.7,3.8,11,89.3,4.63
3722-WPXTK,CELL_234A,2024-12-01,2024-12-07,-91.1,15.2,1,57.3,0.35
3723-BFBGR,CELL_112B,2024-12-01,2024-12-07,-93.2,14.1,0,46.9,0.45
3724-BSCVH,CELL_889D,2024-12-01,2024-12-07,-88.2,12.9,1,47.2,0.11
3724-UCSHY,CELL_778C,2024-12-01,2024-12-07,-96.4,6.0,6,84.1,1.51
3726-TBHQT,CELL_778C,2024-12-01,2024-12-07,-92.3,14.6,0,46.2,0.36
3727-JEZTU,CELL_101A,2024-12-01,2024-12-07,-91.2,12.9,1,52.9,0.23
3727-OVPRY,CELL_301C,2024-12-01,2024-12-07,-105.0,6.6,4,77.1,2.3
3727-OWVYD,CELL_101A,2024-12-01,2024-12-07,-96.8,5.4,3,78.1,2.39
3727-RJMEO,CELL_112B,2024-12-01,2024-12-07,-92.8,15.2,0,54.1,0.37
3729-OWRVL,CELL_411A,2024-12-01,2024-12-07,-85.7,19.1,0,43.0,0.29
3733-LSYCE,CELL_134C,2024-12-01,2024-12-07,-101.8,9.1,6,75.8,2.44
3733-UOCWF,CELL_245B,2024-12-01,2024-12-07,-88.4,15.1,1,32.8,0.12
3733-ZEECP,CELL_234A,2024-12-01,2024-12-07,-90.2,14.8,0,40.1,0.13
3736-BLEPA,CELL_889D,2024-12-01,2024-12-07,-95.6,12.2,1,58.8,0.52
3737-GCSPV,CELL_234A,2024-12-01,2024-12-07,-91.9,14.6,1,54.6,0.14
3737-XBQDD,CELL_889D,2024-12-01,2024-12-07,-88.6,13.7,0,30.1,0.35
3739-YBWAB,CELL_234A,2024-12-01,2024-12-07,-86.2,15.4,1,37.0,0.37
3740-RLMVT,CELL_101A,2024-12-01,2024-12-07,-88.1,12.6,1,55.7,0.44
3744-ZBHON,CELL_411A,2024-12-01,2024-12-07,-91.3,14.1,1,32.4,0.34
3744-ZRRDZ,CELL_112B,2024-12-01,2024-12-07,-109.8,3.1,13,95.9,4.08
3745-HRPHI,CELL_301C,2024-12-01,2024-12-07,-89.1,14.9,1,56.1,0.1
3746-EUBYR,CELL_889D,2024-12-01,2024-12-07,-106.0,6.5,6,80.7,1.66
3748-FVMZZ,CELL_502B,2024-12-01,2024-12-07,-95.0,7.5,3,73.1,2.15
3750-CKVKH,CELL_112B,2024-12-01,2024-12-07,-105.3,9.7,6,84.6,2.94
3750-RNQKR,CELL_411A,2024-12-01,2024-12-07,-101.4,7.5,4,75.1,2.1
3750-YHRYO,CELL_234A,2024-12-01,2024-12-07,-92.3,11.2,0,35.1,0.39
3751-KTZEL,CELL_234A,2024-12-01,2024-12-07,-102.7,3.8,14,89.4,3.88
3752-CQSJI,CELL_778C,2024-12-01,2024-12-07,-92.1,13.3,1,31.4,0.57
3753-TSEMP,CELL_301C,2024-12-01,2024-12-07,-93.9,14.3,1,51.5,0.39
3754-DXMRT,CELL_112B,2024-12-01,2024-12-07,-90.5,15.4,1,59.1,0.17
3755-JBMNH,CELL_101A,2024-12-01,2024-12-07,-86.6,14.5,0,46.2,0.45
3756-VNWDH,CELL_301C,2024-12-01,2024-12-07,-86.7,14.5,0,40.6,0.29
3757-NJYBX,CELL_112B,2024-12-01,2024-12-07,-85.7,14.5,0,58.7,0.54
3758-CKOQL,CELL_301C,2024-12-01,2024-12-07,-106.4,6.5,4,76.7,2.92
3761-FLYZI,CELL_101A,2024-12-01,2024-12-07,-88.6,17.2,1,39.7,0.21
3763-GCZHZ,CELL_411A,2024-12-01,2024-12-07,-102.8,7.5,3,79.7,2.52
3764-MNMOI,CELL_889D,2024-12-01,2024-12-07,-101.2,8.9,4,79.5,2.31
3765-JXVKY,CELL_889D,2024-12-01,2024-12-07,-95.8,15.3,1,52.4,0.16
3766-EJLFL,CELL_101A,2024-12-01,2024-12-07,-101.2,7.6,5,73.0,2.22
3768-NLUBH,CELL_301C,2024-12-01,2024-12-07,-99.3,9.9,3,74.2,2.51
3768-VHXQO,CELL_245B,2024-12-01,2024-12-07,-100.8,9.2,4,70.8,2.24
3769-MHZNV,CELL_134C,2024-12-01,2024-12-07,-93.1,12.6,1,43.8,0.44
3771-PZOBW,CELL_411A,2024-12-01,2024-12-07,-91.0,15.2,0,42.5,0.47
3774-VBNXY,CELL_778C,2024-12-01,2024-12-07,-91.3,16.6,1,39.2,0.22
3776-EKTKM,CELL_889D,2024-12-01,2024-12-07,-91.7,14.7,0,50.4,0.38
3777-XROBG,CELL_889D,2024-12-01,2024-12-07,-85.6,10.3,1,35.9,0.28
3778-FOAQW,CELL_411A,2024-12-01,2024-12-07,-102.5,11.9,5,83.0,2.47
3779-OSWCF,CELL_101A,2024-12-01,2024-12-07,-101.5,9.4,5,77.2,2.11
3780-DDGSE,CELL_301C,2024-12-01,2024-12-07,-98.8,9.5,6,82.7,2.72
3780-YVMFA,CELL_134C,2024-12-01,2024-12-07,-86.5,14.8,1,53.6,0.38
3785-KTYSH,CELL_134C,2024-12-01,2024-12-07,-101.6,9.1,3,83.5,2.95
3785-NRHYR,CELL_101A,2024-12-01,2024-12-07,-86.1,16.3,1,45.9,0.43
3786-WOVKF,CELL_301C,2024-12-01,2024-12-07,-90.0,13.3,0,39.3,0.4
3787-TRIAL,CELL_502B,2024-12-01,2024-12-07,-106.6,2.3,12,94.5,4.1
3791-LGQCY,CELL_301C,2024-12-01,2024-12-07,-86.4,10.7,1,31.6,0.19
3793-MMFUH,CELL_411A,2024-12-01,2024-12-07,-93.3,20.6,0,51.9,0.31
3794-NFNCH,CELL_502B,2024-12-01,2024-12-07,-87.7,12.0,1,44.1,0.23
3795-CAWEX,CELL_502B,2024-12-01,2024-12-07,-94.9,5.4,5,83.4,2.03
3795-GWTRD,CELL_778C,2024-12-01,2024-12-07,-89.6,15.9,1,31.1,0.17
3796-ENZGF,CELL_502B,2024-12-01,2024-12-07,-90.2,16.7,0,45.3,0.45
3797-FKOGQ,CELL_502B,2024-12-01,2024-12-07,-95.9,14.5,0,36.6,0.52
3797-VTIDR,CELL_411A,2024-12-01,2024-12-07,-87.7,15.8,0,53.1,0.17
3798-EPWRR,CELL_502B,2024-12-01,2024-12-07,-97.4,6.0,4,71.6,2.9
3799-ISUZQ,CELL_502B,2024-12-01,2024-12-07,-99.3,4.3,4,73.0,2.08
3800-LYTRK,CELL_411A,2024-12-01,2024-12-07,-113.7,3.9,13,90.7,4.13
3801-HMYNL,CELL_134C,2024-12-01,2024-12-07,-89.0,15.4,1,30.2,0.48
3803-KMQFW,CELL_134C,2024-12-01,2024-12-07,-86.6,15.9,0,54.9,0.19
3804-RVTGV,CELL_778C,2024-12-01,2024-12-07,-88.6,17.7,0,44.8,0.41
3806-DXQOM,CELL_101A,2024-12-01,2024-12-07,-89.5,14.3,0,33.4,0.6
3806-YAZOV,CELL_101A,2024-12-01,2024-12-07,-91.5,12.8,1,39.7,0.27
3807-BPOMJ,CELL_245B,2024-12-01,2024-12-07,-101.1,5.2,6,73.5,2.16
3807-XHCJH,CELL_889D,2024-12-01,2024-12-07,-89.1,12.8,1,41.7,0.29
3808-HFKDE,CELL_301C,2024-12-01,2024-12-07,-112.2,4.0,11,93.9,4.29
3810-DVDQQ,CELL_112B,2024-12-01,2024-12-07,-88.8,16.5,1,59.5,0.53
3810-PJUHR,CELL_245B,2024-12-01,2024-12-07,-92.8,15.4,1,45.9,0.44
3811-VBYBZ,CELL_112B,2024-12-01,2024-12-07,-91.1,11.9,0,43.3,0.43
3812-LRZIR,CELL_301C,2024-12-01,2024-12-07,-97.0,8.8,6,75.6,2.89
3813-DHBBB,CELL_234A,2024-12-01,2024-12-07,-90.7,13.5,1,51.1,0.22
3814-MLAXC,CELL_234A,2024-12-01,2024-12-07,-109.6,4.0,9,92.2,5.0
3815-SLMEF,CELL_101A,2024-12-01,2024-12-07,-89.4,15.9,0,47.8,0.35
3823-KYNQY,CELL_134C,2024-12-01,2024-12-07,-94.8,19.9,0,59.0,0.59
3824-RHKVR,CELL_778C,2024-12-01,2024-12-07,-86.3,17.1,0,54.9,0.24
3831-YCPUO,CELL_889D,2024-12-01,2024-12-07,-103.3,8.2,3,76.3,1.7
3834-XUIFC,CELL_234A,2024-12-01,2024-12-07,-107.1,3.6,10,95.4,5.5
3836-FZSDJ,CELL_245B,2024-12-01,2024-12-07,-90.9,11.2,1,31.6,0.56
3838-OZURD,CELL_889D,2024-12-01,2024-12-07,-87.7,15.6,1,47.5,0.38
3841-CONLJ,CELL_101A,2024-12-01,2024-12-07,-106.4,0.9,9,94.5,5.69
3841-NFECX,CELL_134C,2024-12-01,2024-12-07,-85.0,17.8,1,45.4,0.13
3842-IYKUE,CELL_502B,2024-12-01,2024-12-07,-104.5,1.5,9,91.3,5.44
3842-QTGDL,CELL_502B,2024-12-01,2024-12-07,-93.8,6.5,5,84.0,2.29
3845-FXCYS,CELL_245B,2024-12-01,2024-12-07,-94.0,8.4,5,71.5,2.99
3845-JHAMY,CELL_502B,2024-12-01,2024-12-07,-84.9,12.6,0,34.0,0.2
3847-BAERP,CELL_234A,2024-12-01,2024-12-07,-92.3,17.0,0,42.2,0.55
3850-OKINF,CELL_245B,2024-12-01,2024-12-07,-87.2,18.2,0,31.6,0.57
3853-LYGAM,CELL_411A,2024-12-01,2024-12-07,-102.1,6.9,3,83.6,1.8
3855-ONCAR,CELL_234A,2024-12-01,2024-12-07,-97.9,8.7,3,80.3,1.84
3858-VOBET,CELL_889D,2024-12-01,2024-12-07,-85.4,10.9,0,52.4,0.6
3858-XHYJO,CELL_112B,2024-12-01,2024-12-07,-94.1,13.6,0,44.5,0.25
3859-CVCET,CELL_411A,2024-12-01,2024-12-07,-89.0,17.2,0,53.7,0.44
3863-IUBJR,CELL_234A,2024-12-01,2024-12-07,-91.6,15.3,1,59.9,0.19
3863-QSTYI,CELL_889D,2024-12-01,2024-12-07,-104.2,5.9,11,92.5,5.12
3865-QBWSJ,CELL_245B,2024-12-01,2024-12-07,-103.4,6.5,5,77.7,2.21
3865-YIOTT,CELL_101A,2024-12-01,2024-12-07,-87.6,19.0,1,35.6,0.28
3865-ZFZIB,CELL_134C,2024-12-01,2024-12-07,-100.0,3.8,3,80.2,2.17
3865-ZYKAD,CELL_112B,2024-12-01,2024-12-07,-83.8,17.7,1,46.7,0.46
3866-MDTUB,CELL_101A,2024-12-01,2024-12-07,-112.6,2.5,14,95.0,3.75
3870-MQAMG,CELL_301C,2024-12-01,2024-12-07,-93.7,9.8,4,77.8,2.31
3870-SPZSI,CELL_245B,2024-12-01,2024-12-07,-90.6,14.8,0,55.8,0.18
3871-IKPYH,CELL_101A,2024-12-01,2024-12-07,-96.2,16.9,0,31.7,0.54
3873-NFTGI,CELL_245B,2024-12-01,2024-12-07,-84.3,14.6,1,55.3,0.36
3873-WOSBC,CELL_301C,2024-12-01,2024-12-07,-109.7,4.8,12,91.1,4.46
3874-EQOEP,CELL_411A,2024-12-01,2024-12-07,-100.6,10.2,3,81.4,1.75
3877-JRJIP,CELL_889D,2024-12-01,2024-12-07,-92.1,15.5,1,54.3,0.27
3878-AVSOQ,CELL_411A,2024-12-01,2024-12-07,-103.8,3.1,10,94.3,5.22
3882-IYOIJ,CELL_889D,2024-12-01,2024-12-07,-100.4,14.8,0,38.0,0.55
3884-HCSWG,CELL_889D,2024-12-01,2024-12-07,-108.0,4.6,13,90.4,3.45
3884-UEBXB,CELL_778C,2024-12-01,2024-12-07,-91.1,15.6,0,36.8,0.26
3886-CERTZ,CELL_411A,2024-12-01,2024-12-07,-89.6,14.8,0,32.5,0.33
3887-PBQAO,CELL_502B,2024-12-01,2024-12-07,-103.2,9.4,4,72.5,2.27
3889-VWBID,CELL_502B,2024-12-01,2024-12-07,-105.6,7.2,4,72.8,1.82
3890-RTCMS,CELL_411A,2024-12-01,2024-12-07,-93.8,12.8,0,37.5,0.2
3891-NLXJB,CELL_889D,2024-12-01,2024-12-07,-100.9,5.9,5,82.4,1.75
3891-PUQOD,CELL_301C,2024-12-01,2024-12-07,-101.6,9.3,3,78.2,2.52
3892-NXAZG,CELL_889D,2024-12-01,2024-12-07,-89.5,16.1,1,59.8,0.44
3893-JRNFS,CELL_889D,2024-12-01,2024-12-07,-103.5,9.4,4,78.7,2.51
3896-RCYYE,CELL_411A,2024-12-01,2024-12-07,-103.0,10.2,4,78.6,1.99
3896-ZVNET,CELL_889D,2024-12-01,2024-12-07,-101.8,8.9,5,82.3,2.66
3898-BSJYF,CELL_301C,2024-12-01,2024-12-07,-105.8,6.4,5,71.3,2.39
3898-GUYTS,CELL_234A,2024-12-01,2024-12-07,-92.1,16.2,0,45.9,0.55
3900-AQPHZ,CELL_778C,2024-12-01,2024-12-07,-92.6,13.4,0,58.1,0.3
3902-FOIGH,CELL_502B,2024-12-01,2024-12-07,-85.8,15.7,1,57.8,0.21
3902-MIVLE,CELL_101A,2024-12-01,2024-12-07,-92.6,12.9,1,37.9,0.21
3904-UKFRE,CELL_889D,2024-12-01,2024-12-07,-109.4,4.4,8,94.8,3.16
3908-BLSYF,CELL_101A,2024-12-01,2024-12-07,-93.7,15.9,1,47.4,0.55
3908-MKIMJ,CELL_778C,2024-12-01,2024-12-07,-85.7,14.7,1,56.7,0.25
3910-MRQOY,CELL_234A,2024-12-01,2024-12-07,-86.8,9.9,1,54.2,0.1
3911-RSNHI,CELL_234A,2024-12-01,2024-12-07,-103.7,6.9,6,74.7,2.73
3913-FCUUW,CELL_134C,2024-12-01,2024-12-07,-90.4,14.6,1,33.6,0.19
3913-RDSJZ,CELL_889D,2024-12-01,2024-12-07,-85.3,11.8,1,46.1,0.17
3914-FDRHP,CELL_101A,2024-12-01,2024-12-07,-81.7,16.6,1,41.9,0.41
3915-ODIYG,CELL_112B,2024-12-01,2024-12-07,-102.9,3.6,11,97.7,5.94
3916-NRPAP,CELL_778C,2024-12-01,2024-12-07,-101.1,7.9,5,72.0,2.55
3920-HIHMQ,CELL_101A,2024-12-01,2024-12-07,-102.8,0.3,8,97.0,5.37
3923-CSIHK,CELL_112B,2024-12-01,2024-12-07,-91.2,12.4,0,38.6,0.53
3926-CUQZX,CELL_134C,2024-12-01,2024-12-07,-115.5,5.0,10,94.8,5.74
3926-YZVVX,CELL_234A,2024-12-01,2024-12-07,-91.5,16.4,1,50.1,0.5
3927-NLNRY,CELL_411A,2024-12-01,2024-12-07,-97.3,5.2,5,74.8,2.35
3930-ZGWVE,CELL_778C,2024-12-01,2024-12-07,-91.4,8.5,5,76.0,1.6
3932-CMDTD,CELL_301C,2024-12-01,2024-12-07,-96.5,15.4,1,38.4,0.31
3932-IJWDZ,CELL_889D,2024-12-01,2024-12-07,-89.9,12.7,0,33.1,0.23
3933-DQPWX,CELL_301C,2024-12-01,2024-12-07,-99.0,9.2,4,70.6,1.53
3934-HXCFZ,CELL_112B,2024-12-01,2024-12-07,-94.8,14.2,1,38.8,0.57
3935-TBRZZ,CELL_245B,2024-12-01,2024-12-07,-102.5,4.7,14,89.8,3.82
3936-QQFLL,CELL_889D,2024-12-01,2024-12-07,-93.3,14.3,0,54.4,0.41
3938-YFPXD,CELL_112B,2024-12-01,2024-12-07,-89.8,17.5,1,45.7,0.36
3941-XTSKM,CELL_301C,2024-12-01,2024-12-07,-90.7,15.2,0,55.5,0.17
3943-KDREE,CELL_134C,2024-12-01,2024-12-07,-87.2,15.4,0,45.7,0.48
3945-GFWQL,CELL_502B,2024-12-01,2024-12-07,-93.3,11.9,0,43.4,0.19
3946-JEWRQ,CELL_101A,2024-12-01,2024-12-07,-99.3,5.8,6,84.5,2.6
3946-MHCZW,CELL_301C,2024-12-01,2024-12-07,-89.9,14.8,0,32.1,0.59
3948-FVVRP,CELL_778C,2024-12-01,2024-12-07,-111.5,4.6,10,93.1,3.86
3948-KXDUF,CELL_245B,2024-12-01,2024-12-07,-94.5,5.4,4,83.8,1.62
3948-XHGNA,CELL_101A,2024-12-01,2024-12-07,-86.7,10.0,0,55.5,0.45
3950-VPYJB,CELL_411A,2024-12-01,2024-12-07,-101.6,8.4,4,71.2,2.1
3951-NJCVI,CELL_101A,2024-12-01,2024-12-07,-105.3,10.6,5,75.4,2.68
3955-JBZZM,CELL_778C,2024-12-01,2024-12-07,-89.8,15.7,1,51.7,0.58
3956-CJUST,CELL_778C,2024-12-01,2024-12-07,-94.3,15.2,0,40.1,0.47
3956-MGXOG,CELL_234A,2024-12-01,2024-12-07,-87.9,17.5,1,48.0,0.27
3957-HHLMR,CELL_245B,2024-12-01,2024-12-07,-110.6,2.5,9,94.0,5.05
3957-LXOLK,CELL_134C,2024-12-01,2024-12-07,-96.5,11.7,3,78.9,1.78
3957-SQXML,CELL_112B,2024-12-01,2024-12-07,-96.2,7.3,6,70.4,2.33
3961-SXAXY,CELL_778C,2024-12-01,2024-12-07,-92.1,13.1,1,32.2,0.14
3963-RYFNS,CELL_889D,2024-12-01,2024-12-07,-90.6,19.3,1,32.2,0.11
3966-HRMZA,CELL_234A,2024-12-01,2024-12-07,-107.6,4.3,12,95.0,3.8
3967-KXAPS,CELL_889D,2024-12-01,2024-12-07,-89.1,14.3,0,35.3,0.4
3967-VQOGC,CELL_778C,2024-12-01,2024-12-07,-109.4,8.7,9,93.5,3.05
3969-GYXEL,CELL_134C,2024-12-01,2024-12-07,-94.9,7.3,4,72.9,1.98
3969-JQABI,CELL_889D,2024-12-01,2024-12-07,-92.8,4.9,3,76.1,2.29
3970-XGJDU,CELL_778C,2024-12-01,2024-12-07,-88.9,12.9,0,54.1,0.15
3973-SKMLN,CELL_112B,2024-12-01,2024-12-07,-94.3,10.2,5,79.8,2.08
3976-BWUCK,CELL_112B,2024-12-01,2024-12-07,-87.3,18.5,0,30.6,0.38
3976-HXHCE,CELL_301C,2024-12-01,2024-12-07,-101.8,3.3,9,95.9,3.44
3976-NLDEZ,CELL_778C,2024-12-01,2024-12-07,-90.4,16.9,0,52.7,0.54
3977-QCRSL,CELL_134C,2024-12-01,2024-12-07,-100.2,8.3,6,73.7,2.29
3978-YNKDD,CELL_411A,2024-12-01,2024-12-07,-88.0,14.2,0,57.9,0.17
3981-QSVQI,CELL_112B,2024-12-01,2024-12-07,-95.1,11.5,5,75.7,2.45
3982-DQLUS,CELL_301C,2024-12-01,2024-12-07,-83.8,13.2,1,59.2,0.21
3982-JGSFD,CELL_301C,2024-12-01,2024-12-07,-90.6,12.3,0,47.3,0.15
3982-XWFZQ,CELL_234A,2024-12-01,2024-12-07,-107.3,6.0,14,97.6,5.08
3985-HOYPM,CELL_234A,2024-12-01,2024-12-07,-88.5,18.4,1,59.1,0.32
3987-KQDDU,CELL_134C,2024-12-01,2024-12-07,-95.2,12.5,1,38.7,0.25
3988-RQIXO,CELL_112B,2024-12-01,2024-12-07,-92.1,17.0,0,38.7,0.42
3990-QYKBE,CELL_112B,2024-12-01,2024-12-07,-91.7,13.1,0,48.1,0.19
3992-YWPKO,CELL_134C,2024-12-01,2024-12-07,-107.1,8.7,5,81.2,1.61
3995-WFCSM,CELL_234A,2024-12-01,2024-12-07,-105.2,7.7,3,79.9,2.06
3996-ZNWYK,CELL_245B,2024-12-01,2024-12-07,-112.0,6.0,14,97.7,3.77
3999-QGRJH,CELL_502B,2024-12-01,2024-12-07,-94.4,14.6,0,38.4,0.11
3999-WRNGR,CELL_245B,2024-12-01,2024-12-07,-94.6,11.1,1,52.8,0.16
4000-VGMQP,CELL_411A,2024-12-01,2024-12-07,-93.1,14.2,1,50.6,0.38
4001-TSBTV,CELL_234A,2024-12-01,2024-12-07,-94.7,6.1,4,73.4,2.27
4002-BQWPQ,CELL_134C,2024-12-01,2024-12-07,-82.4,16.2,0,38.7,0.17
4003-FUSHP,CELL_245B,2024-12-01,2024-12-07,-88.8,13.0,0,37.4,0.15
4003-OCTMP,CELL_134C,2024-12-01,2024-12-07,-92.2,17.2,0,56.4,0.4
4006-HKYHO,CELL_134C,2024-12-01,2024-12-07,-91.1,15.4,0,40.0,0.57
4007-NHVHI,CELL_778C,2024-12-01,2024-12-07,-91.4,14.3,0,47.6,0.14
4009-ALQFH,CELL_889D,2024-12-01,2024-12-07,-91.2,14.5,0,59.4,0.28
4010-YLMVT,CELL_301C,2024-12-01,2024-12-07,-103.2,3.6,11,91.0,5.91
4011-ARPHK,CELL_234A,2024-12-01,2024-12-07,-96.4,5.1,5,71.9,2.24
4012-YCFAI,CELL_134C,2024-12-01,2024-12-07,-84.5,14.3,0,32.1,0.18
4012-ZTHBR,CELL_112B,2024-12-01,2024-12-07,-87.7,16.8,0,36.7,0.17
4013-GUXND,CELL_245B,2024-12-01,2024-12-07,-88.9,15.1,0,54.4,0.42
4013-TLDHQ,CELL_301C,2024-12-01,2024-12-07,-86.7,14.7,0,51.1,0.12
4013-UBXWQ,CELL_411A,2024-12-01,2024-12-07,-104.5,8.2,5,72.3,1.87
4016-BJKTZ,CELL_778C,2024-12-01,2024-12-07,-84.3,14.8,1,55.1,0.59
4018-KJYUY,CELL_245B,2024-12-01,2024-12-07,-87.4,15.7,0,45.5,0.1
4018-PPNDW,CELL_502B,2024-12-01,2024-12-07,-89.1,13.8,0,39.5,0.27
4020-KIUDI,CELL_234A,2024-12-01,2024-12-07,-98.1,10.9,6,74.1,2.26
4021-RQSNY,CELL_245B,2024-12-01,2024-12-07,-88.6,14.0,0,58.4,0.54
4023-RTIQM,CELL_778C,2024-12-01,2024-12-07,-91.1,14.6,1,31.2,0.48
4024-CSNBY,CELL_889D,2024-12-01,2024-12-07,-86.1,14.8,0,39.0,0.24
4026-SKKHW,CELL_502B,2024-12-01,2024-12-07,-102.6,9.7,6,71.2,2.15
4029-HPFVY,CELL_234A,2024-12-01,2024-12-07,-90.3,17.6,1,51.6,0.21
4030-VPZBD,CELL_112B,2024-12-01,2024-12-07,-89.0,14.3,0,56.9,0.25
4032-RMHCI,CELL_889D,2024-12-01,2024-12-07,-98.2,15.0,0,54.6,0.45
4039-HEUNW,CELL_889D,2024-12-01,2024-12-07,-89.8,18.9,0,44.7,0.5
4039-PIMHX,CELL_101A,2024-12-01,2024-12-07,-96.3,8.3,5,70.4,1.71
4043-MKDTV,CELL_301C,2024-12-01,2024-12-07,-103.2,4.7,10,85.9,5.58
4049-ZPALD,CELL_112B,2024-12-01,2024-12-07,-110.2,5.2,10,85.5,3.71
4054-CUMIA,CELL_234A,2024-12-01,2024-12-07,-93.4,14.1,1,52.7,0.51
4056-QHXHZ,CELL_101A,2024-12-01,2024-12-07,-100.0,7.6,4,70.6,2.14
4057-FKCZK,CELL_134C,2024-12-01,2024-12-07,-90.6,13.0,1,44.3,0.43
4059-IIEBK,CELL_112B,2024-12-01,2024-12-07,-90.9,14.3,1,56.6,0.44
4060-LDNLU,CELL_411A,2024-12-01,2024-12-07,-99.0,10.6,4,76.6,2.66
4061-UKJWL,CELL_502B,2024-12-01,2024-12-07,-92.0,15.8,1,51.4,0.12
4062-HBMOS,CELL_112B,2024-12-01,2024-12-07,-86.4,14.1,0,48.9,0.39
4063-EIKNQ,CELL_301C,2024-12-01,2024-12-07,-95.3,12.5,1,47.8,0.37
4065-JJAVA,CELL_889D,2024-12-01,2024-12-07,-86.3,16.7,0,37.2,0.25
4067-HLYQI,CELL_112B,2024-12-01,2024-12-07,-89.7,16.0,0,31.1,0.35
4070-OKWVH,CELL_245B,2024-12-01,2024-12-07,-87.0,17.4,1,34.5,0.31
4072-IPYLT,CELL_234A,2024-12-01,2024-12-07,-102.0,5.7,5,81.6,2.69
4074-SJFFA,CELL_134C,2024-12-01,2024-12-07,-91.9,16.6,1,39.9,0.54
4075-JFPGR,CELL_778C,2024-12-01,2024-12-07,-88.1,17.2,1,58.3,0.19
4075-WKNIU,CELL_411A,2024-12-01,2024-12-07,-87.4,13.4,0,58.9,0.49
4077-CROMM,CELL_101A,2024-12-01,2024-12-07,-106.9,5.0,12,91.8,5.77
4077-HWUYD,CELL_245B,2024-12-01,2024-12-07,-89.0,15.6,0,43.6,0.35
4078-SAYYN,CELL_234A,2024-12-01,2024-12-07,-88.4,12.9,1,38.9,0.17
4079-ULGFR,CELL_101A,2024-12-01,2024-12-07,-107.0,4.5,10,97.0,3.86
4079-VTGLK,CELL_101A,2024-12-01,2024-12-07,-87.4,16.5,1,55.0,0.14
4079-WWQQQ,CELL_778C,2024-12-01,2024-12-07,-89.8,19.6,0,33.5,0.4
4080-IIARD,CELL_411A,2024-12-01,2024-12-07,-112.1,5.5,13,85.8,5.37
4080-OGPJL,CELL_112B,2024-12-01,2024-12-07,-91.4,15.1,1,33.7,0.14
4081-DYXAV,CELL_245B,2024-12-01,2024-12-07,-92.6,18.4,0,54.0,0.41
4083-BFNYK,CELL_889D,2024-12-01,2024-12-07,-88.4,12.3,0,46.3,0.14
4083-EUGRJ,CELL_411A,2024-12-01,2024-12-07,-88.7,17.2,0,58.5,0.37
4086-ATNFV,CELL_245B,2024-12-01,2024-12-07,-92.0,15.6,0,35.5,0.1
4086-WITJG,CELL_301C,2024-12-01,2024-12-07,-90.7,10.7,1,32.6,0.6
4086-YQSNZ,CELL_245B,2024-12-01,2024-12-07,-86.0,13.2,0,40.7,0.3
4088-YLDSU,CELL_234A,2024-12-01,2024-12-07,-99.2,8.3,6,72.2,2.75
4090-KPJIP,CELL_889D,2024-12-01,2024-12-07,-104.4,4.6,6,82.4,2.99
4091-TVOCN,CELL_101A,2024-12-01,2024-12-07,-90.7,14.6,0,35.1,0.34
4092-OFQZS,CELL_112B,2024-12-01,2024-12-07,-90.2,15.6,0,42.3,0.4
4094-NSEDU,CELL_502B,2024-12-01,2024-12-07,-109.3,4.2,14,97.6,5.32
4097-YODCF,CELL_301C,2024-12-01,2024-12-07,-97.6,7.4,5,70.5,2.65
4098-NAUKP,CELL_134C,2024-12-01,2024-12-07,-109.1,4.2,11,96.2,4.17
4102-HLENU,CELL_411A,2024-12-01,2024-12-07,-96.6,8.1,5,72.1,2.13
4102-OQUPX,CELL_245B,2024-12-01,2024-12-07,-107.5,5.5,9,85.6,5.02
4104-PVRPS,CELL_245B,2024-12-01,2024-12-07,-91.7,15.6,0,39.8,0.54
4106-HADHQ,CELL_101A,2024-12-01,2024-12-07,-92.4,16.4,0,48.5,0.26
4109-CYRBD,CELL_134C,2024-12-01,2024-12-07,-88.9,15.3,1,40.4,0.33
4110-PFEUZ,CELL_101A,2024-12-01,2024-12-07,-88.8,15.5,0,31.7,0.24
4111-BNXIF,CELL_301C,2024-12-01,2024-12-07,-88.2,15.6,0,40.8,0.57
4112-LUEIZ,CELL_245B,2024-12-01,2024-12-07,-88.2,15.4,0,35.4,0.13
4114-QMKVN,CELL_411A,2024-12-01,2024-12-07,-105.0,3.5,11,91.4,4.41
4115-BNPJY,CELL_889D,2024-12-01,2024-12-07,-90.2,16.1,1,51.8,0.25
4115-NZRKS,CELL_112B,2024-12-01,2024-12-07,-91.7,10.5,0,40.4,0.3
4115-UMJFQ,CELL_234A,2024-12-01,2024-12-07,-86.8,14.1,0,51.6,0.32
4116-IQRFR,CELL_889D,2024-12-01,2024-12-07,-88.9,13.1,1,53.2,0.18
4116-TZAQJ,CELL_245B,2024-12-01,2024-12-07,-94.2,16.2,0,40.0,0.56
4118-CEVPF,CELL_889D,2024-12-01,2024-12-07,-93.9,16.8,1,38.5,0.31
4119-ZYPZY,CELL_778C,2024-12-01,2024-12-07,-88.9,10.7,1,52.6,0.19
4121-AGSIN,CELL_134C,2024-12-01,2024-12-07,-96.6,8.3,4,81.4,2.78
4123-DVHPH,CELL_301C,2024-12-01,2024-12-07,-102.3,5.0,4,78.3,1.67
4123-FCVCB,CELL_234A,2024-12-01,2024-12-07,-103.9,3.4,6,70.9,2.2
4124-MMETB,CELL_502B,2024-12-01,2024-12-07,-100.8,10.5,4,75.2,2.52
4128-ETESU,CELL_502B,2024-12-01,2024-12-07,-102.0,4.8,3,72.8,2.91
4129-LYCOI,CELL_411A,2024-12-01,2024-12-07,-95.3,8.2,6,76.5,1.72
4130-MZLCC,CELL_889D,2024-12-01,2024-12-07,-91.0,14.3,0,36.6,0.34
4132-KALRO,CELL_112B,2024-12-01,2024-12-07,-108.1,3.1,9,97.9,5.64
4132-POCZS,CELL_101A,2024-12-01,2024-12-07,-90.3,13.9,0,47.7,0.14
4134-BSXLX,CELL_778C,2024-12-01,2024-12-07,-99.1,10.6,5,79.9,1.82
4135-FRWKJ,CELL_245B,2024-12-01,2024-12-07,-100.8,6.1,6,84.9,1.73
4137-BTIKL,CELL_234A,2024-12-01,2024-12-07,-101.4,7.6,5,74.4,2.14
4137-JOPHL,CELL_889D,2024-12-01,2024-12-07,-94.0,15.1,1,45.4,0.45
4138-NAXED,CELL_112B,2024-12-01,2024-12-07,-86.7,14.3,1,55.1,0.21
4139-DETXS,CELL_101A,2024-12-01,2024-12-07,-101.2,9.3,5,75.2,2.05
4139-JPIAM,CELL_234A,2024-12-01,2024-12-07,-100.4,10.0,3,70.8,2.75
4139-SUGLD,CELL_245B,2024-12-01,2024-12-07,-89.6,14.2,0,56.4,0.49
4140-MUHUG,CELL_112B,2024-12-01,2024-12-07,-88.2,13.1,1,45.4,0.22
4140-WJAWW,CELL_411A,2024-12-01,2024-12-07,-109.2,5.2,11,93.3,4.6
4143-HHPMK,CELL_301C,2024-12-01,2024-12-07,-87.7,16.6,1,56.5,0.58
4143-OOBWZ,CELL_101A,2024-12-01,2024-12-07,-90.2,18.7,0,54.7,0.37
4145-UQXUQ,CELL_301C,2024-12-01,2024-12-07,-89.3,12.0,1,40.4,0.55
4146-SVFUD,CELL_101A,2024-12-01,2024-12-07,-108.0,3.4,14,97.8,5.53
4154-AQUGT,CELL_301C,2024-12-01,2024-12-07,-109.9,5.6,12,91.4,4.21
4159-NAAIX,CELL_778C,2024-12-01,2024-12-07,-91.4,14.0,1,49.5,0.3
4160-AMJTL,CELL_101A,2024-12-01,2024-12-07,-86.8,15.0,1,48.8,0.14
4163-HFTUK,CELL_112B,2024-12-01,2024-12-07,-85.6,15.6,0,56.2,0.36
4163-KIUHY,CELL_101A,2024-12-01,2024-12-07,-89.4,14.4,0,39.2,0.12
4163-NCJAK,CELL_134C,2024-12-01,2024-12-07,-86.8,16.3,0,54.9,0.2
4174-LPGTI,CELL_411A,2024-12-01,2024-12-07,-88.3,17.2,0,48.7,0.23
4176-FXYBO,CELL_112B,2024-12-01,2024-12-07,-92.0,14.2,1,49.3,0.6
4176-RELJR,CELL_411A,2024-12-01,2024-12-07,-107.9,3.6,13,89.6,5.01
4177-JPDFU,CELL_411A,2024-12-01,2024-12-07,-94.3,13.7,0,38.1,0.13
4178-EGMON,CELL_134C,2024-12-01,2024-12-07,-91.8,14.8,0,46.0,0.41
4182-BGSIQ,CELL_234A,2024-12-01,2024-12-07,-90.1,15.5,0,56.8,0.19
4183-MYFRB,CELL_134C,2024-12-01,2024-12-07,-95.4,4.8,6,75.2,2.06
4183-WCSEP,CELL_234A,2024-12-01,2024-12-07,-106.0,9.5,6,78.7,2.28
4184-TJFAN,CELL_134C,2024-12-01,2024-12-07,-98.1,6.2,5,74.7,2.7
4184-VODJZ,CELL_411A,2024-12-01,2024-12-07,-105.5,8.2,4,75.4,2.84
4186-ZBUEW,CELL_778C,2024-12-01,2024-12-07,-94.9,8.8,4,73.7,2.78
4187-CINZD,CELL_301C,2024-12-01,2024-12-07,-94.8,18.3,1,45.8,0.37
4188-FRABG,CELL_101A,2024-12-01,2024-12-07,-103.5,3.5,13,95.8,5.28
4188-PCPIG,CELL_301C,2024-12-01,2024-12-07,-95.4,15.0,0,56.5,0.11
4189-NAKJS,CELL_134C,2024-12-01,2024-12-07,-87.8,14.7,0,45.2,0.38
4190-MFLUW,CELL_112B,2024-12-01,2024-12-07,-90.4,18.7,1,55.8,0.53
4191-XOVOM,CELL_245B,2024-12-01,2024-12-07,-85.5,9.1,1,59.3,0.51
4192-GORJT,CELL_411A,2024-12-01,2024-12-07,-95.0,9.7,6,82.9,2.84
4193-IBKSW,CELL_301C,2024-12-01,2024-12-07,-112.4,7.2,8,97.3,5.67
4193-ORFCL,CELL_134C,2024-12-01,2024-12-07,-82.1,18.4,0,43.7,0.28
4194-FJARJ,CELL_234A,2024-12-01,2024-12-07,-85.6,17.2,0,46.2,0.21
4194-WHFCB,CELL_234A,2024-12-01,2024-12-07,-100.3,8.6,4,81.0,2.95
4195-NZGTA,CELL_411A,2024-12-01,2024-12-07,-107.0,9.0,3,72.0,2.01
4195-PNGZS,CELL_502B,2024-12-01,2024-12-07,-92.0,15.6,0,45.0,0.22
4195-SMMNX,CELL_411A,2024-12-01,2024-12-07,-94.0,19.2,1,38.8,0.48
4198-VFOEA,CELL_889D,2024-12-01,2024-12-07,-108.0,1.7,8,85.0,3.92
4199-QHJNM,CELL_502B,2024-12-01,2024-12-07,-92.2,12.0,1,44.5,0.34
4201-JMNGR,CELL_234A,2024-12-01,2024-12-07,-91.0,16.3,0,43.6,0.36
4203-QGNZA,CELL_889D,2024-12-01,2024-12-07,-101.2,10.6,3,80.6,2.27
4208-UFFGW,CELL_502B,2024-12-01,2024-12-07,-89.6,15.5,1,40.2,0.21
4210-QFJMF,CELL_234A,2024-12-01,2024-12-07,-93.7,13.7,1,41.8,0.44
4211-MMAZN,CELL_502B,2024-12-01,2024-12-07,-91.0,16.4,0,47.8,0.3
4213-HKBJO,CELL_778C,2024-12-01,2024-12-07,-97.9,9.5,4,75.3,2.84
4220-TINQT,CELL_301C,2024-12-01,2024-12-07,-83.3,15.1,0,50.5,0.39
4223-BKEOR,CELL_411A,2024-12-01,2024-12-07,-91.5,16.6,1,39.5,0.18
4223-WOZCM,CELL_502B,2024-12-01,2024-12-07,-92.9,13.5,1,50.3,0.31
4226-KKDON,CELL_101A,2024-12-01,2024-12-07,-100.9,6.0,6,77.9,1.88
4227-OJHAL,CELL_112B,2024-12-01,2024-12-07,-106.4,3.3,11,97.1,5.06
4228-ZGYUW,CELL_134C,2024-12-01,2024-12-07,-88.9,12.3,0,58.2,0.35
4229-CZMLL,CELL_234A,2024-12-01,2024-12-07,-92.6,13.7,1,50.5,0.33
4231-LZUYM,CELL_245B,2024-12-01,2024-12-07,-104.9,8.3,3,83.8,2.09
4232-JGKIY,CELL_502B,2024-12-01,2024-12-07,-90.6,13.9,0,36.2,0.46
4234-XTNEA,CELL_112B,2024-12-01,2024-12-07,-90.6,17.7,1,38.3,0.38
4236-UJPWO,CELL_889D,2024-12-01,2024-12-07,-88.7,14.6,0,41.8,0.16
4236-XPXAV,CELL_411A,2024-12-01,2024-12-07,-102.4,10.5,3,77.6,2.51
4237-CLSMM,CELL_301C,2024-12-01,2024-12-07,-85.3,18.7,0,46.1,0.36
4237-RLAQD,CELL_134C,2024-12-01,2024-12-07,-99.3,7.8,4,73.4,1.87
4238-HFHSN,CELL_134C,2024-12-01,2024-12-07,-90.4,10.1,4,78.4,2.01
4238-JSSWH,CELL_889D,2024-12-01,2024-12-07,-97.7,8.9,5,75.3,1.86
4248-HCETZ,CELL_411A,2024-12-01,2024-12-07,-83.1,15.4,0,39.0,0.39
4248-QPAVC,CELL_301C,2024-12-01,2024-12-07,-106.8,3.2,14,90.5,5.62
4250-FDVOU,CELL_101A,2024-12-01,2024-12-07,-110.5,3.4,13,92.9,4.17
4250-WAROZ,CELL_112B,2024-12-01,2024-12-07,-93.7,8.0,5,84.1,2.41
4250-ZBWLV,CELL_502B,2024-12-01,2024-12-07,-90.0,12.5,0,40.0,0.31
4254-QPEDE,CELL_101A,2024-12-01,2024-12-07,-94.4,14.9,1,40.4,0.54
4255-DDUOU,CELL_411A,2024-12-01,2024-12-07,-87.0,15.8,0,50.9,0.47
4256-ZWTZI,CELL_134C,2024-12-01,2024-12-07,-92.4,12.5,0,45.3,0.37
4257-GAESD,CELL_411A,2024-12-01,2024-12-07,-90.9,15.7,0,53.1,0.43
4273-MBHYA,CELL_245B,2024-12-01,2024-12-07,-112.4,4.7,13,92.1,5.99
4274-DRSQT,CELL_112B,2024-12-01,2024-12-07,-102.3,8.2,4,80.2,1.88
4274-OWWYO,CELL_112B,2024-12-01,2024-12-07,-85.0,15.0,0,57.6,0.32
4277-BWBML,CELL_112B,2024-12-01,2024-12-07,-89.0,18.3,0,47.0,0.35
4277-PVRAN,CELL_234A,2024-12-01,2024-12-07,-104.7,3.9,8,94.2,5.49
4277-UDIEF,CELL_301C,2024-12-01,2024-12-07,-97.0,8.5,4,74.1,2.75
4280-DLSHD,CELL_134C,2024-12-01,2024-12-07,-99.7,7.8,4,78.1,1.97
4282-ACRXS,CELL_112B,2024-12-01,2024-12-07,-96.6,5.4,4,75.5,2.47
4282-MSACW,CELL_889D,2024-12-01,2024-12-07,-89.4,16.5,0,36.9,0.14
4282-YMKNA,CELL_134C,2024-12-01,2024-12-07,-106.2,2.6,8,86.9,4.34
4283-FUTGF,CELL_134C,2024-12-01,2024-12-07,-90.2,10.6,0,48.9,0.37
4283-IVYCI,CELL_889D,2024-12-01,2024-12-07,-86.7,14.7,1,43.2,0.11
4285-GYRQC,CELL_411A,2024-12-01,2024-12-07,-91.1,14.5,1,52.6,0.45
4289-DTDKW,CELL_234A,2024-12-01,2024-12-07,-109.1,7.6,5,84.0,1.84
4290-BSXUX,CELL_112B,2024-12-01,2024-12-07,-101.3,8.2,5,73.4,1.92
4291-HPAXL,CELL_101A,2024-12-01,2024-12-07,-95.8,8.4,6,71.8,1.87
4291-HYEBC,CELL_301C,2024-12-01,2024-12-07,-89.2,12.9,1,48.2,0.28
4291-SHSBH,CELL_101A,2024-12-01,2024-12-07,-89.3,13.8,0,47.8,0.35
4291-TPNFG,CELL_112B,2024-12-01,2024-12-07,-97.8,4.4,6,82.7,1.65
4291-YZODP,CELL_301C,2024-12-01,2024-12-07,-98.4,7.1,4,83.2,1.6
4293-ETKAP,CELL_245B,2024-12-01,2024-12-07,-84.8,11.6,1,43.4,0.13
4295-YURET,CELL_234A,2024-12-01,2024-12-07,-98.8,12.1,1,36.5,0.51
4298-OYIFC,CELL_301C,2024-12-01,2024-12-07,-87.9,15.6,0,39.6,0.19
4299-OPXEJ,CELL_134C,2024-12-01,2024-12-07,-92.8,14.6,1,48.3,0.2
4299-SIMNS,CELL_134C,2024-12-01,2024-12-07,-87.5,12.3,0,36.2,0.46
4301-VVZKA,CELL_245B,2024-12-01,2024-12-07,-100.1,11.4,4,83.7,1.54
4302-ZYFEL,CELL_234A,2024-12-01,2024-12-07,-91.1,15.5,0,42.1,0.26
4304-TSPVK,CELL_411A,2024-12-01,2024-12-07,-93.2,16.5,1,52.9,0.57
4304-XUMGI,CELL_245B,2024-12-01,2024-12-07,-89.0,13.7,0,49.4,0.29
4307-KTUMW,CELL_502B,2024-12-01,2024-12-07,-100.3,11.4,4,73.7,2.4
4307-KWMXE,CELL_112B,2024-12-01,2024-12-07,-110.5,2.2,14,89.1,5.2
4310-KEDTB,CELL_889D,2024-12-01,2024-12-07,-92.4,14.3,0,34.8,0.12
4311-QTTAI,CELL_778C,2024-12-01,2024-12-07,-98.6,5.4,4,75.2,3.0
4312-GVYNH,CELL_245B,2024-12-01,2024-12-07,-85.8,14.8,1,58.5,0.46
4312-KFRXN,CELL_234A,2024-12-01,2024-12-07,-104.8,6.0,5,78.4,2.34
4315-MURBD,CELL_411A,2024-12-01,2024-12-07,-91.6,13.4,0,45.4,0.11
4316-XCSLJ,CELL_134C,2024-12-01,2024-12-07,-103.2,11.6,3,81.5,2.58
4317-VTEOA,CELL_889D,2024-12-01,2024-12-07,-95.6,16.3,0,37.5,0.29
4318-RAJVY,CELL_502B,2024-12-01,2024-12-07,-89.4,12.2,1,30.3,0.11
4320-QMLLA,CELL_234A,2024-12-01,2024-12-07,-94.2,14.0,1,42.0,0.5
4322-RCYMT,CELL_502B,2024-12-01,2024-12-07,-109.6,4.6,8,86.6,5.8
4323-ELYYB,CELL_502B,2024-12-01,2024-12-07,-88.0,14.3,1,45.8,0.37
4323-OHFOW,CELL_112B,2024-12-01,2024-12-07,-91.6,12.1,0,49.2,0.3
4323-SADQS,CELL_301C,2024-12-01,2024-12-07,-100.1,8.9,6,70.7,1.72
4324-AHJKS,CELL_502B,2024-12-01,2024-12-07,-86.9,14.1,0,42.7,0.36
4324-BZCKL,CELL_889D,2024-12-01,2024-12-07,-96.4,17.1,1,33.1,0.33
4325-NFSKC,CELL_234A,2024-12-01,2024-12-07,-104.5,1.2,14,97.9,5.68
4328-VUFWD,CELL_301C,2024-12-01,2024-12-07,-94.5,7.2,3,84.3,1.73
4329-YPDDQ,CELL_134C,2024-12-01,2024-12-07,-88.5,14.0,1,58.6,0.28
4332-MUOEZ,CELL_245B,2024-12-01,2024-12-07,-101.8,6.2,3,73.0,2.64
4334-HOWRP,CELL_889D,2024-12-01,2024-12-07,-88.1,15.4,0,40.9,0.57
4335-BSMJS,CELL_101A,2024-12-01,2024-12-07,-93.1,15.4,0,55.0,0.39
4335-UPJSI,CELL_234A,2024-12-01,2024-12-07,-91.3,6.9,6,72.3,1.61
4338-EYCER,CELL_101A,2024-12-01,2024-12-07,-105.5,5.0,13,85.0,4.82
4342-HENTK,CELL_112B,2024-12-01,2024-12-07,-94.8,6.6,3,81.7,2.43
4342-HFXWS,CELL_502B,2024-12-01,2024-12-07,-101.6,6.0,3,84.5,2.9
4343-EJVQB,CELL_245B,2024-12-01,2024-12-07,-103.0,0.5,12,94.6,4.21
4349-GFQHK,CELL_301C,2024-12-01,2024-12-07,-88.6,15.0,1,40.5,0.52
4350-ZTLPI,CELL_234A,2024-12-01,2024-12-07,-86.8,17.2,0,37.2,0.45
4351-QLCSU,CELL_134C,2024-12-01,2024-12-07,-86.9,14.1,1,44.4,0.21
4353-HYOJD,CELL_101A,2024-12-01,2024-12-07,-85.4,12.6,0,46.4,0.27
4355-CVPVS,CELL_889D,2024-12-01,2024-12-07,-95.7,13.5,1,59.8,0.45
4355-HBJHH,CELL_245B,2024-12-01,2024-12-07,-98.6,7.3,5,70.4,2.07
4359-INNWN,CELL_889D,2024-12-01,2024-12-07,-101.6,2.9,3,81.2,1.58
4360-PNRQB,CELL_101A,2024-12-01,2024-12-07,-90.7,15.7,1,30.6,0.37
4360-QRAVE,CELL_234A,2024-12-01,2024-12-07,-105.1,6.2,5,70.9,2.91
4361-BKAXE,CELL_101A,2024-12-01,2024-12-07,-85.0,16.5,1,39.8,0.48
4361-FEBGN,CELL_301C,2024-12-01,2024-12-07,-100.2,7.4,3,71.1,2.56
4361-JEIVL,CELL_234A,2024-12-01,2024-12-07,-94.5,13.6,0,34.3,0.59
4365-MSDYN,CELL_502B,2024-12-01,2024-12-07,-89.8,15.5,0,30.4,0.34
4366-CTOUZ,CELL_134C,2024-12-01,2024-12-07,-106.0,4.3,13,94.9,4.79
4367-NHWMM,CELL_134C,2024-12-01,2024-12-07,-100.7,9.4,4,78.0,2.22
4367-NUYAO,CELL_245B,2024-12-01,2024-12-07,-97.0,11.7,3,82.6,1.52
4369-HTUIF,CELL_301C,2024-12-01,2024-12-07,-90.4,17.2,1,53.5,0.17
4369-NYSCF,CELL_778C,2024-12-01,2024-12-07,-85.6,14.7,1,44.6,0.12
4373-MAVJG,CELL_778C,2024-12-01,2024-12-07,-105.1,4.7,12,97.0,3.65
4373-VVHQL,CELL_134C,2024-12-01,2024-12-07,-86.7,17.1,1,30.4,0.52
4374-YMUSQ,CELL_101A,2024-12-01,2024-12-07,-89.5,16.0,0,51.5,0.12
4376-KFVRS,CELL_112B,2024-12-01,2024-12-07,-94.2,5.2,3,82.4,1.94
4377-VDHYI,CELL_502B,2024-12-01,2024-12-07,-95.7,12.9,1,53.6,0.34
4378-BZYFP,CELL_502B,2024-12-01,2024-12-07,-101.4,7.5,4,82.7,1.79
4378-MYPGO,CELL_502B,2024-12-01,2024-12-07,-100.2,8.1,5,82.8,1.77
4381-MHQDC,CELL_112B,2024-12-01,2024-12-07,-108.6,9.0,5,78.4,2.82
4385-GZQXV,CELL_101A,2024-12-01,2024-12-07,-95.6,5.8,5,75.2,1.57
4385-ZKVNW,CELL_101A,2024-12-01,2024-12-07,-104.0,7.5,6,74.8,2.53
4389-UEFCZ,CELL_234A,2024-12-01,2024-12-07,-97.2,6.1,6,79.3,1.75
4390-KYULV,CELL_134C,2024-12-01,2024-12-07,-89.3,13.8,1,38.6,0.41
4391-LNRXK,CELL_502B,2024-12-01,2024-12-07,-89.8,15.6,0,56.0,0.3
4391-RESHN,CELL_234A,2024-12-01,2024-12-07,-97.3,3.7,5,80.5,1.53
4393-GEADV,CELL_112B,2024-12-01,2024-12-07,-108.2,4.1,11,94.0,5.49
4393-OBCRR,CELL_101A,2024-12-01,2024-12-07,-90.2,14.7,0,39.3,0.32
4393-RYCRE,CELL_112B,2024-12-01,2024-12-07,-105.2,1.1,9,91.4,4.72
4395-PZMSN,CELL_112B,2024-12-01,2024-12-07,-92.0,13.8,0,50.4,0.37
4396-KLSEH,CELL_778C,2024-12-01,2024-12-07,-88.8,14.1,0,57.3,0.49
4397-FRLTA,CELL_889D,2024-12-01,2024-12-07,-94.8,4.8,6,82.5,1.58
4398-HSCJH,CELL_889D,2024-12-01,2024-12-07,-97.8,10.7,5,77.9,1.78
4402-FTBXC,CELL_234A,2024-12-01,2024-12-07,-101.3,9.6,6,84.3,1.77
4403-BWPAY,CELL_889D,2024-12-01,2024-12-07,-93.9,16.0,0,32.8,0.2
4404-HIBDJ,CELL_134C,2024-12-01,2024-12-07,-88.6,11.0,1,50.6,0.35
4412-YLTKF,CELL_411A,2024-12-01,2024-12-07,-99.1,5.3,6,79.3,2.19
4415-IJZTP,CELL_234A,2024-12-01,2024-12-07,-91.8,13.1,0,31.7,0.53
4415-WNGVR,CELL_234A,2024-12-01,2024-12-07,-99.8,8.3,5,78.8,2.83
4418-LZMSV,CELL_234A,2024-12-01,2024-12-07,-85.8,12.4,1,41.4,0.34
4419-UJMUS,CELL_301C,2024-12-01,2024-12-07,-91.8,13.2,0,40.7,0.42
4422-QVIJA,CELL_301C,2024-12-01,2024-12-07,-95.5,15.5,0,43.9,0.4
4423-JWZJN,CELL_234A,2024-12-01,2024-12-07,-105.0,3.4,10,95.3,3.69
4423-YLHDV,CELL_234A,2024-12-01,2024-12-07,-94.5,13.6,1,45.4,0.14
4424-TKOPW,CELL_411A,2024-12-01,2024-12-07,-88.0,15.5,0,36.2,0.2
4425-OWHWB,CELL_112B,2024-12-01,2024-12-07,-89.5,12.6,0,46.0,0.4
4429-WYGFR,CELL_245B,2024-12-01,2024-12-07,-95.1,13.6,1,44.7,0.43
4430-UZIPO,CELL_301C,2024-12-01,2024-12-07,-88.4,14.7,1,37.3,0.11
4430-YHXGG,CELL_101A,2024-12-01,2024-12-07,-90.1,17.8,0,53.0,0.57
4431-EDMIQ,CELL_245B,2024-12-01,2024-12-07,-85.6,14.2,0,57.6,0.55
4432-ADRLB,CELL_101A,2024-12-01,2024-12-07,-94.5,15.3,0,35.6,0.56
4433-JCGCG,CELL_301C,2024-12-01,2024-12-07,-103.9,8.5,5,74.8,1.73
4439-JMPMT,CELL_245B,2024-12-01,2024-12-07,-95.8,7.7,5,83.4,2.17
4439-YRNVD,CELL_778C,2024-12-01,2024-12-07,-89.1,15.2,1,43.9,0.43
4441-NIHPT,CELL_245B,2024-12-01,2024-12-07,-88.0,16.5,1,57.3,0.3
4443-EMBNA,CELL_411A,2024-12-01,2024-12-07,-87.1,15.7,0,38.7,0.2
4445-KWOKW,CELL_778C,2024-12-01,2024-12-07,-92.7,14.5,0,48.3,0.13
4445-ZJNMU,CELL_112B,2024-12-01,2024-12-07,-104.9,11.8,5,71.9,2.76
4446-BZKHU,CELL_889D,2024-12-01,2024-12-07,-92.3,16.3,1,54.1,0.16
4450-DLLMH,CELL_134C,2024-12-01,2024-12-07,-102.5,4.5,9,93.9,5.04
4450-MDZFX,CELL_411A,2024-12-01,2024-12-07,-83.8,18.4,1,49.7,0.39
4450-YOOHP,CELL_778C,2024-12-01,2024-12-07,-96.7,18.8,0,60.0,0.32
4451-RWASJ,CELL_101A,2024-12-01,2024-12-07,-95.3,7.5,4,77.4,2.76
4452-QIIEB,CELL_778C,2024-12-01,2024-12-07,-92.8,7.6,4,83.1,2.83
4452-ROHMO,CELL_889D,2024-12-01,2024-12-07,-90.5,13.1,0,33.4,0.34
4455-BFSPD,CELL_234A,2024-12-01,2024-12-07,-98.6,7.4,6,78.5,1.64
4456-RHSNB,CELL_778C,2024-12-01,2024-12-07,-106.5,5.0,11,90.6,5.69
4458-KVRBJ,CELL_411A,2024-12-01,2024-12-07,-104.0,6.3,5,78.7,2.4
4459-BBGHE,CELL_234A,2024-12-01,2024-12-07,-105.4,9.7,3,70.4,1.86
4462-CYWMH,CELL_301C,2024-12-01,2024-12-07,-102.9,9.5,4,73.0,1.56
4464-JCOLN,CELL_778C,2024-12-01,2024-12-07,-101.2,3.5,3,71.6,2.23
4465-VDKIQ,CELL_245B,2024-12-01,2024-12-07,-103.5,2.6,11,91.7,3.43
4468-KAZHE,CELL_889D,2024-12-01,2024-12-07,-92.1,19.5,1,48.5,0.44
4468-YDOVK,CELL_778C,2024-12-01,2024-12-07,-88.4,14.0,0,41.2,0.59
4471-KXAUH,CELL_112B,2024-12-01,2024-12-07,-93.2,13.1,1,39.6,0.51
4472-LVYGI,CELL_889D,2024-12-01,2024-12-07,-96.9,9.6,6,79.0,1.74
4472-VESGY,CELL_245B,2024-12-01,2024-12-07,-87.5,12.0,1,35.3,0.44
4475-NVTLU,CELL_301C,2024-12-01,2024-12-07,-92.5,15.1,0,47.6,0.4
4476-OSWTN,CELL_411A,2024-12-01,2024-12-07,-89.6,12.9,1,44.9,0.25
4480-MBMLB,CELL_101A,2024-12-01,2024-12-07,-90.7,13.1,0,43.8,0.57
4480-QQRHC,CELL_101A,2024-12-01,2024-12-07,-90.3,13.0,1,32.3,0.57
4482-EWFMI,CELL_245B,2024-12-01,2024-12-07,-86.0,13.4,1,51.2,0.22
4482-FTFFX,CELL_778C,2024-12-01,2024-12-07,-89.7,17.1,0,31.5,0.34
4484-CGXFK,CELL_411A,2024-12-01,2024-12-07,-92.2,18.0,1,42.2,0.19
4484-GLZOU,CELL_234A,2024-12-01,2024-12-07,-93.8,11.9,1,45.2,0.28
4486-EFAEB,CELL_301C,2024-12-01,2024-12-07,-96.6,6.3,5,84.2,2.02
4487-ZYJZK,CELL_245B,2024-12-01,2024-12-07,-99.3,5.4,5,80.0,2.21
4488-KQFDT,CELL_134C,2024-12-01,2024-12-07,-97.5,10.4,6,76.4,1.83
4488-PSYCG,CELL_234A,2024-12-01,2024-12-07,-90.5,13.4,0,39.4,0.29
4489-SNOJF,CELL_502B,2024-12-01,2024-12-07,-93.7,16.7,0,56.6,0.45
4495-LHSSK,CELL_245B,2024-12-01,2024-12-07,-87.6,14.4,0,31.9,0.17
4500-HKANN,CELL_234A,2024-12-01,2024-12-07,-88.6,12.7,1,52.3,0.33
4501-EQDRN,CELL_889D,2024-12-01,2024-12-07,-89.8,14.7,1,36.8,0.55
4501-UYKBC,CELL_411A,2024-12-01,2024-12-07,-99.1,9.3,4,84.1,2.27
4501-VCPFK,CELL_112B,2024-12-01,2024-12-07,-98.9,6.3,5,75.9,2.47
4503-BDXBD,CELL_245B,2024-12-01,2024-12-07,-94.7,14.2,1,40.2,0.23
4504-YOULA,CELL_502B,2024-12-01,2024-12-07,-107.6,5.5,8,87.6,5.43
4505-EXZHB,CELL_101A,2024-12-01,2024-12-07,-91.3,14.0,0,56.1,0.45
4508-OEBEY,CELL_234A,2024-12-01,2024-12-07,-105.8,2.1,8,88.6,4.71
4510-HIMLV,CELL_234A,2024-12-01,2024-12-07,-96.5,11.8,1,50.9,0.58
4510-PYUSH,CELL_502B,2024-12-01,2024-12-07,-91.6,13.2,1,33.4,0.13
4512-ZUIYL,CELL_101A,2024-12-01,2024-12-07,-85.4,16.5,0,51.8,0.46
4513-CXYIX,CELL_112B,2024-12-01,2024-12-07,-87.7,14.6,1,35.8,0.13
4514-GFCFI,CELL_411A,2024-12-01,2024-12-07,-89.1,15.8,1,34.0,0.51
4518-FZBSX,CELL_234A,2024-12-01,2024-12-07,-88.9,17.5,0,37.7,0.14
4521-WFJAI,CELL_778C,2024-12-01,2024-12-07,-103.7,10.1,3,73.7,2.53
4521-YEEHE,CELL_889D,2024-12-01,2024-12-07,-89.2,16.7,0,44.9,0.57
4522-AKYLR,CELL_101A,2024-12-01,2024-12-07,-99.3,9.9,3,76.9,2.41
4522-XRWWI,CELL_411A,2024-12-01,2024-12-07,-93.8,13.0,0,51.7,0.49
4523-WXCEF,CELL_101A,2024-12-01,2024-12-07,-90.6,12.7,1,44.8,0.3
4524-QCSSM,CELL_134C,2024-12-01,2024-12-07,-91.8,12.1,1,38.7,0.53
4525-VZCZG,CELL_502B,2024-12-01,2024-12-07,-101.7,7.9,5,84.0,2.09
4526-EXKKN,CELL_778C,2024-12-01,2024-12-07,-85.8,14.4,0,46.9,0.14
4526-RMTLL,CELL_112B,2024-12-01,2024-12-07,-91.1,16.7,1,56.2,0.33
4526-ZJJTM,CELL_889D,2024-12-01,2024-12-07,-107.0,3.5,11,96.8,3.5
4529-CKBCL,CELL_112B,2024-12-01,2024-12-07,-108.0,8.1,5,74.3,2.02
4530-NDRKU,CELL_134C,2024-12-01,2024-12-07,-98.0,14.6,0,45.4,0.57
4531-AUZNK,CELL_778C,2024-12-01,2024-12-07,-90.0,13.9,1,44.6,0.47
4534-WGCIR,CELL_101A,2024-12-01,2024-12-07,-91.5,18.2,0,56.7,0.12
4536-PLEQY,CELL_112B,2024-12-01,2024-12-07,-100.8,7.0,4,75.5,2.44
4537-CIBHB,CELL_889D,2024-12-01,2024-12-07,-93.5,14.9,0,58.0,0.17
4537-DKTAL,CELL_778C,2024-12-01,2024-12-07,-110.0,2.9,11,91.0,3.09
4538-WNTMJ,CELL_411A,2024-12-01,2024-12-07,-87.2,11.4,1,42.2,0.23
4541-RMRLG,CELL_411A,2024-12-01,2024-12-07,-86.2,15.6,0,48.6,0.12
4544-RXFMG,CELL_112B,2024-12-01,2024-12-07,-102.7,4.7,3,70.2,2.82
4546-FOKWR,CELL_301C,2024-12-01,2024-12-07,-90.0,15.0,0,59.7,0.12
4547-FZJWE,CELL_778C,2024-12-01,2024-12-07,-90.2,11.3,1,30.8,0.3
4547-KQRTM,CELL_889D,2024-12-01,2024-12-07,-90.3,14.4,1,47.0,0.45
4547-LYTDD,CELL_301C,2024-12-01,2024-12-07,-87.4,17.2,0,47.7,0.17
4548-SDBKE,CELL_134C,2024-12-01,2024-12-07,-89.0,11.7,1,30.7,0.57
4549-ZDQYY,CELL_134C,2024-12-01,2024-12-07,-90.7,14.6,0,39.6,0.18
4550-EVXNY,CELL_502B,2024-12-01,2024-12-07,-88.2,16.4,1,32.4,0.59
4550-VBOFE,CELL_502B,2024-12-01,2024-12-07,-89.3,15.9,1,47.2,0.23
4553-DVPZG,CELL_112B,2024-12-01,2024-12-07,-104.7,10.8,5,74.0,1.97
4554-YGZIH,CELL_502B,2024-12-01,2024-12-07,-112.3,4.8,11,90.0,3.1
4558-CGYCZ,CELL_234A,2024-12-01,2024-12-07,-97.0,7.7,6,77.0,2.75
4558-FANTW,CELL_778C,2024-12-01,2024-12-07,-91.1,14.3,1,40.6,0.22
4559-UWIHT,CELL_778C,2024-12-01,2024-12-07,-107.1,9.2,5,74.8,2.62
4560-WQAQW,CELL_245B,2024-12-01,2024-12-07,-90.6,9.4,5,77.7,2.73
4565-EVZMJ,CELL_889D,2024-12-01,2024-12-07,-104.9,6.9,8,94.7,5.71
4565-NLZBV,CELL_234A,2024-12-01,2024-12-07,-101.9,7.9,6,73.2,1.79
4566-GOLUK,CELL_245B,2024-12-01,2024-12-07,-87.4,14.2,0,40.1,0.3
4566-NECEV,CELL_234A,2024-12-01,2024-12-07,-89.1,15.1,0,48.7,0.12
4566-QVRRW,CELL_411A,2024-12-01,2024-12-07,-85.7,11.2,1,54.3,0.35
4567-AKPIA,CELL_134C,2024-12-01,2024-12-07,-86.9,16.7,0,37.7,0.22
4568-KNYWR,CELL_411A,2024-12-01,2024-12-07,-95.8,7.6,6,78.2,2.07
4568-TTZRT,CELL_134C,2024-12-01,2024-12-07,-107.0,5.9,11,85.4,3.45
4570-QHXHL,CELL_234A,2024-12-01,2024-12-07,-104.7,8.4,3,75.4,2.46
4572-DVCGN,CELL_411A,2024-12-01,2024-12-07,-85.5,15.8,1,53.9,0.27
4573-JKNAE,CELL_411A,2024-12-01,2024-12-07,-86.7,14.0,1,33.8,0.16
4576-CSAJH,CELL_301C,2024-12-01,2024-12-07,-100.5,7.9,3,79.4,2.9
4578-PHJYZ,CELL_112B,2024-12-01,2024-12-07,-97.4,5.1,5,74.0,2.36
4580-TMHJU,CELL_411A,2024-12-01,2024-12-07,-100.5,8.3,5,79.6,2.12
4581-LNWUM,CELL_301C,2024-12-01,2024-12-07,-101.0,9.5,6,73.7,1.87
4581-SSPWD,CELL_245B,2024-12-01,2024-12-07,-99.0,10.4,3,80.6,2.42
4583-PARNH,CELL_234A,2024-12-01,2024-12-07,-107.6,5.6,9,96.4,5.94
4584-LBNMK,CELL_502B,2024-12-01,2024-12-07,-97.4,14.7,1,45.8,0.4
4585-HETAI,CELL_112B,2024-12-01,2024-12-07,-93.0,15.4,0,30.5,0.49
4587-NUKOX,CELL_502B,2024-12-01,2024-12-07,-91.0,10.9,1,53.3,0.46
4587-VVTOX,CELL_134C,2024-12-01,2024-12-07,-88.4,18.6,0,40.1,0.6
4588-YBNIB,CELL_411A,2024-12-01,2024-12-07,-90.6,16.0,0,39.5,0.58
4589-IUAJB,CELL_245B,2024-12-01,2024-12-07,-108.5,4.4,14,91.9,5.67
4592-IWTJI,CELL_101A,2024-12-01,2024-12-07,-87.7,14.5,1,34.8,0.43
4597-ELFTS,CELL_101A,2024-12-01,2024-12-07,-103.9,7.8,5,76.5,2.46
4597-NUCQV,CELL_301C,2024-12-01,2024-12-07,-94.1,14.6,1,43.3,0.11
4598-XLKNJ,CELL_112B,2024-12-01,2024-12-07,-97.9,8.1,4,78.4,2.35
4598-ZADCK,CELL_112B,2024-12-01,2024-12-07,-97.2,4.6,5,75.9,1.58
4603-JANFB,CELL_301C,2024-12-01,2024-12-07,-103.6,3.5,8,92.0,4.81
4607-CHPCA,CELL_502B,2024-12-01,2024-12-07,-106.2,11.0,4,82.3,2.45
4608-LCIMN,CELL_134C,2024-12-01,2024-12-07,-91.3,12.1,1,49.5,0.13
4609-KNNWG,CELL_778C,2024-12-01,2024-12-07,-87.2,15.8,1,54.7,0.39
4611-ANLQC,CELL_101A,2024-12-01,2024-12-07,-87.8,15.9,1,46.9,0.18
4612-SSVHJ,CELL_778C,2024-12-01,2024-12-07,-95.2,14.2,0,50.6,0.23
4612-THJBS,CELL_134C,2024-12-01,2024-12-07,-90.9,13.1,0,49.4,0.38
4614-NUVZD,CELL_245B,2024-12-01,2024-12-07,-84.5,15.6,1,34.5,0.27
4615-PIVVU,CELL_245B,2024-12-01,2024-12-07,-95.9,8.5,4,73.4,2.96
4616-EWBNJ,CELL_101A,2024-12-01,2024-12-07,-90.5,15.6,1,42.0,0.4
4616-ULAOA,CELL_234A,2024-12-01,2024-12-07,-94.8,15.6,0,42.8,0.26
4619-EVPHY,CELL_778C,2024-12-01,2024-12-07,-92.7,15.7,1,45.1,0.58
4622-YNKIJ,CELL_245B,2024-12-01,2024-12-07,-96.4,11.0,3,74.9,2.28
4623-ZKHLY,CELL_112B,2024-12-01,2024-12-07,-92.9,17.0,1,38.7,0.18
4625-EWPTF,CELL_889D,2024-12-01,2024-12-07,-87.2,17.8,1,52.0,0.35
4625-LAMOB,CELL_245B,2024-12-01,2024-12-07,-94.8,16.7,0,53.5,0.59
4625-XMOYM,CELL_234A,2024-12-01,2024-12-07,-93.3,14.2,0,50.7,0.12
4626-GYCZP,CELL_134C,2024-12-01,2024-12-07,-103.8,4.5,4,81.0,2.04
4626-OZDTJ,CELL_112B,2024-12-01,2024-12-07,-93.6,12.7,0,51.6,0.32
4627-MIHJH,CELL_101A,2024-12-01,2024-12-07,-93.7,15.8,1,41.2,0.38
4628-CTTLA,CELL_245B,2024-12-01,2024-12-07,-102.0,10.1,6,83.9,2.44
4628-WQCQQ,CELL_245B,2024-12-01,2024-12-07,-91.6,16.0,1,45.7,0.54
4629-NRXKX,CELL_234A,2024-12-01,2024-12-07,-101.6,5.4,14,95.3,5.42
4631-OACRM,CELL_889D,2024-12-01,2024-12-07,-94.0,14.7,0,54.1,0.59
4632-PAOYU,CELL_301C,2024-12-01,2024-12-07,-88.0,16.9,1,39.6,0.2
4632-XJMEX,CELL_411A,2024-12-01,2024-12-07,-98.4,8.7,3,83.6,1.65
4633-MKHYU,CELL_234A,2024-12-01,2024-12-07,-87.6,12.6,0,49.7,0.31
4634-JLRJT,CELL_889D,2024-12-01,2024-12-07,-94.1,18.1,0,34.9,0.54
4635-EJYPD,CELL_778C,2024-12-01,2024-12-07,-91.1,14.5,0,41.1,0.31
4636-JGAAI,CELL_245B,2024-12-01,2024-12-07,-87.8,15.4,1,39.4,0.35
4636-OLWOE,CELL_778C,2024-12-01,2024-12-07,-94.0,17.3,1,51.9,0.22
4636-QRJKY,CELL_889D,2024-12-01,2024-12-07,-105.2,4.3,8,87.5,3.86
4636-TVXVG,CELL_778C,2024-12-01,2024-12-07,-108.1,4.1,13,87.6,3.02
4640-UHDOS,CELL_411A,2024-12-01,2024-12-07,-89.0,15.3,1,38.8,0.38
4641-FROLU,CELL_112B,2024-12-01,2024-12-07,-112.8,5.2,9,89.5,4.63
4644-OBGFZ,CELL_101A,2024-12-01,2024-12-07,-105.3,5.3,11,89.1,5.96
4644-PIZRT,CELL_301C,2024-12-01,2024-12-07,-85.1,14.6,1,46.9,0.16
4646-QZXTF,CELL_101A,2024-12-01,2024-12-07,-89.6,14.6,0,56.7,0.32
4647-MUZON,CELL_502B,2024-12-01,2024-12-07,-88.4,14.5,1,47.5,0.27
4647-XXZAM,CELL_234A,2024-12-01,2024-12-07,-101.6,10.0,3,70.5,2.04
4648-YPBTM,CELL_301C,2024-12-01,2024-12-07,-87.2,14.4,1,43.0,0.13
4652-NNHNY,CELL_245B,2024-12-01,2024-12-07,-85.6,16.0,1,58.4,0.2
4652-ODEVH,CELL_301C,2024-12-01,2024-12-07,-101.1,7.9,5,77.2,2.29
4654-DLAMQ,CELL_889D,2024-12-01,2024-12-07,-106.1,7.6,10,91.8,5.2
4654-GGUII,CELL_112B,2024-12-01,2024-12-07,-94.7,15.7,0,40.4,0.11
4654-ULTTN,CELL_134C,2024-12-01,2024-12-07,-92.5,12.8,0,44.3,0.18
4656-CAURT,CELL_134C,2024-12-01,2024-12-07,-88.5,14.5,0,58.5,0.39
4657-FWVFY,CELL_502B,2024-12-01,2024-12-07,-109.0,6.1,11,88.9,5.6
4658-HCOHW,CELL_889D,2024-12-01,2024-12-07,-96.6,16.0,1,44.9,0.55
4659-NZRUF,CELL_301C,2024-12-01,2024-12-07,-86.6,12.4,1,48.2,0.29
4660-IRIBM,CELL_134C,2024-12-01,2024-12-07,-101.4,4.1,14,92.9,5.19
4661-NJEUX,CELL_889D,2024-12-01,2024-12-07,-94.8,5.6,4,77.5,2.12
4662-EKDPQ,CELL_112B,2024-12-01,2024-12-07,-86.4,15.3,0,38.7,0.46
4664-NJCMS,CELL_778C,2024-12-01,2024-12-07,-102.5,9.6,6,78.0,2.91
4667-OHGKG,CELL_134C,2024-12-01,2024-12-07,-89.0,15.4,0,41.8,0.3
4667-QONEA,CELL_245B,2024-12-01,2024-12-07,-102.7,7.0,3,74.9,1.69
4670-TABXH,CELL_889D,2024-12-01,2024-12-07,-90.3,13.5,1,57.2,0.3
4671-LXRDQ,CELL_134C,2024-12-01,2024-12-07,-100.9,8.5,5,77.5,2.58
4671-VJLCL,CELL_411A,2024-12-01,2024-12-07,-105.3,9.7,4,80.1,1.56
4672-FOTSD,CELL_301C,2024-12-01,2024-12-07,-91.0,15.7,1,40.0,0.53
4673-KKSLS,CELL_234A,2024-12-01,2024-12-07,-89.3,17.0,0,51.9,0.22
4674-HGNUA,CELL_112B,2024-12-01,2024-12-07,-87.6,11.2,1,53.1,0.18
4676-MQUEA,CELL_411A,2024-12-01,2024-12-07,-87.2,15.4,0,46.3,0.29
4676-WLUHT,CELL_411A,2024-12-01,2024-12-07,-95.9,12.7,1,52.1,0.18
4678-DVQEO,CELL_778C,2024-12-01,2024-12-07,-94.5,15.0,0,30.9,0.18
4680-KUTAJ,CELL_234A,2024-12-01,2024-12-07,-94.8,13.2,0,58.6,0.43
4682-BLBUC,CELL_112B,2024-12-01,2024-12-07,-93.0,16.1,1,56.6,0.25
4683-WYDOU,CELL_101A,2024-12-01,2024-12-07,-105.6,6.3,13,85.8,5.72
4685-ERGHK,CELL_234A,2024-12-01,2024-12-07,-87.6,15.2,0,36.4,0.16
4685-TFLLS,CELL_411A,2024-12-01,2024-12-07,-100.6,10.0,4,77.1,2.19
4686-GEFRM,CELL_889D,2024-12-01,2024-12-07,-94.2,16.4,1,57.7,0.46
4686-UXDML,CELL_112B,2024-12-01,2024-12-07,-88.4,15.9,0,42.2,0.58
4690-LLKUA,CELL_112B,2024-12-01,2024-12-07,-89.2,10.3,4,71.6,2.94
4690-PKDQG,CELL_301C,2024-12-01,2024-12-07,-97.2,10.7,6,82.1,2.75
4692-NNQRU,CELL_234A,2024-12-01,2024-12-07,-90.9,15.1,0,41.5,0.41
4693-VWVBO,CELL_411A,2024-12-01,2024-12-07,-85.3,14.4,1,59.6,0.28
4694-PHWFW,CELL_889D,2024-12-01,2024-12-07,-95.2,8.2,5,77.4,1.64
4695-VADHF,CELL_889D,2024-12-01,2024-12-07,-91.1,12.8,0,50.8,0.56
4695-WJZUE,CELL_234A,2024-12-01,2024-12-07,-91.0,15.4,1,46.0,0.51
4697-LUPSU,CELL_411A,2024-12-01,2024-12-07,-105.7,5.2,10,90.9,3.47
4698-KVLLG,CELL_411A,2024-12-01,2024-12-07,-89.0,15.4,1,59.9,0.25
4700-UBQMV,CELL_134C,2024-12-01,2024-12-07,-104.0,6.9,4,72.5,1.83
4701-AHWMW,CELL_889D,2024-12-01,2024-12-07,-91.4,13.3,0,55.5,0.12
4701-LKOZD,CELL_245B,2024-12-01,2024-12-07,-84.2,15.1,0,30.2,0.21
4701-MLJPN,CELL_101A,2024-12-01,2024-12-07,-92.5,15.4,1,34.9,0.24
4702-HDRKD,CELL_112B,2024-12-01,2024-12-07,-90.4,14.2,0,58.6,0.59
4702-IOQDC,CELL_502B,2024-12-01,2024-12-07,-89.1,19.3,0,31.6,0.19
4703-MQYKT,CELL_889D,2024-12-01,2024-12-07,-85.6,17.6,1,31.7,0.12
4704-ERYFC,CELL_245B,2024-12-01,2024-12-07,-91.9,13.6,0,36.5,0.38
4706-AXVKM,CELL_411A,2024-12-01,2024-12-07,-89.7,12.1,1,44.0,0.31
4706-DGAHW,CELL_301C,2024-12-01,2024-12-07,-106.2,9.0,4,75.0,1.77
4707-MAXGU,CELL_502B,2024-12-01,2024-12-07,-91.0,14.7,1,37.6,0.49
4707-YNOQA,CELL_889D,2024-12-01,2024-12-07,-92.0,14.1,0,44.5,0.39
4709-LKHYG,CELL_502B,2024-12-01,2024-12-07,-93.0,7.9,6,74.4,2.18
4710-FDUIZ,CELL_301C,2024-12-01,2024-12-07,-91.9,12.5,1,32.9,0.3
4710-NKCAW,CELL_245B,2024-12-01,2024-12-07,-86.1,15.1,1,54.4,0.53
4712-AUQZO,CELL_502B,2024-12-01,2024-12-07,-97.9,8.6,6,82.7,2.24
4712-UYOOI,CELL_245B,2024-12-01,2024-12-07,-98.2,8.0,6,73.2,1.76
4713-LZDRV,CELL_134C,2024-12-01,2024-12-07,-98.1,7.4,3,70.3,2.09
4713-ZBURT,CELL_234A,2024-12-01,2024-12-07,-81.6,16.0,1,43.6,0.36
4716-HHKQH,CELL_889D,2024-12-01,2024-12-07,-88.8,17.2,1,36.9,0.18
4716-MRVEN,CELL_245B,2024-12-01,2024-12-07,-87.6,15.5,0,44.0,0.44
4717-GHADL,CELL_134C,2024-12-01,2024-12-07,-94.1,9.8,3,81.2,2.42
4718-DHSMV,CELL_234A,2024-12-01,2024-12-07,-84.3,12.5,1,52.6,0.19
4718-WXBGI,CELL_411A,2024-12-01,2024-12-07,-99.2,10.5,6,71.3,2.83
4719-UMSIY,CELL_411A,2024-12-01,2024-12-07,-92.7,13.4,0,55.2,0.46
4720-VSTSI,CELL_502B,2024-12-01,2024-12-07,-85.6,12.5,1,39.5,0.49
4723-BEGSG,CELL_245B,2024-12-01,2024-12-07,-98.0,6.8,4,72.3,1.59
4724-WXVWF,CELL_301C,2024-12-01,2024-12-07,-91.2,16.4,0,55.5,0.13
4726-DLWQN,CELL_889D,2024-12-01,2024-12-07,-89.3,12.8,1,48.3,0.46
4727-MCYZG,CELL_101A,2024-12-01,2024-12-07,-86.3,11.4,1,44.4,0.47
4729-XKASR,CELL_411A,2024-12-01,2024-12-07,-90.2,10.9,1,39.7,0.56
4730-AWNAU,CELL_502B,2024-12-01,2024-12-07,-95.1,14.4,0,38.9,0.32
4732-RRJZC,CELL_234A,2024-12-01,2024-12-07,-93.0,12.0,0,48.8,0.56
4735-ASGMA,CELL_411A,2024-12-01,2024-12-07,-88.5,14.0,1,31.4,0.49
4735-BJKOU,CELL_889D,2024-12-01,2024-12-07,-82.6,17.1,0,57.0,0.26
4737-AQCPU,CELL_502B,2024-12-01,2024-12-07,-94.6,14.6,1,45.0,0.37
4737-HOBAX,CELL_134C,2024-12-01,2024-12-07,-107.6,5.9,9,97.9,3.59
4741-WWJQZ,CELL_889D,2024-12-01,2024-12-07,-90.7,17.4,1,33.3,0.5
4742-DRORA,CELL_502B,2024-12-01,2024-12-07,-88.5,14.0,0,41.2,0.47
4742-TXUEX,CELL_245B,2024-12-01,2024-12-07,-93.6,14.9,1,42.8,0.55
4745-LSPLO,CELL_889D,2024-12-01,2024-12-07,-86.9,21.9,1,52.5,0.43
4747-LCAQL,CELL_301C,2024-12-01,2024-12-07,-107.9,6.4,3,73.2,2.29
4749-OJKQU,CELL_301C,2024-12-01,2024-12-07,-87.6,13.4,1,41.1,0.2
4749-VFKVB,CELL_889D,2024-12-01,2024-12-07,-109.5,4.4,11,92.1,4.15
4750-UKWJK,CELL_889D,2024-12-01,2024-12-07,-87.9,15.5,1,58.9,0.3
4750-ZRXIU,CELL_112B,2024-12-01,2024-12-07,-103.8,2.6,9,91.5,4.48
4751-ERMAN,CELL_301C,2024-12-01,2024-12-07,-113.3,5.7,8,92.1,5.57
4753-PADAS,CELL_502B,2024-12-01,2024-12-07,-84.0,15.3,1,59.1,0.45
4759-PXTAN,CELL_502B,2024-12-01,2024-12-07,-103.6,7.2,4,74.3,1.62
4759-TRPLW,CELL_245B,2024-12-01,2024-12-07,-89.8,11.1,0,51.0,0.51
4760-THGOT,CELL_234A,2024-12-01,2024-12-07,-89.1,15.5,0,55.0,0.27
4760-XOHVN,CELL_245B,2024-12-01,2024-12-07,-99.2,5.5,4,80.2,2.53
4763-PGDPO,CELL_101A,2024-12-01,2024-12-07,-90.7,16.5,0,49.4,0.3
4765-OXPPD,CELL_301C,2024-12-01,2024-12-07,-87.7,21.5,0,54.5,0.2
4767-HZZHQ,CELL_245B,2024-12-01,2024-12-07,-94.3,15.3,1,58.5,0.31
4770-QAZXN,CELL_301C,2024-12-01,2024-12-07,-90.8,16.0,1,47.2,0.52
4770-UEZOX,CELL_778C,2024-12-01,2024-12-07,-92.0,15.8,0,32.8,0.2
4774-HHGGS,CELL_101A,2024-12-01,2024-12-07,-104.7,2.7,12,96.1,5.47
4776-XSKYQ,CELL_112B,2024-12-01,2024-12-07,-87.8,17.7,0,53.1,0.17
4778-IZARL,CELL_502B,2024-12-01,2024-12-07,-99.7,10.0,3,83.5,1.53
4779-ZGICK,CELL_134C,2024-12-01,2024-12-07,-89.5,15.1,1,42.6,0.55
4781-ZXYGU,CELL_101A,2024-12-01,2024-12-07,-88.9,13.7,0,38.5,0.32
4782-OSFXZ,CELL_245B,2024-12-01,2024-12-07,-93.3,13.2,1,41.8,0.54
4785-FCIFB,CELL_234A,2024-12-01,2024-12-07,-84.5,15.2,0,36.4,0.43
4785-NKHCX,CELL_889D,2024-12-01,2024-12-07,-88.0,15.6,0,54.2,0.38
4785-QRJHC,CELL_778C,2024-12-01,2024-12-07,-101.4,5.8,3,73.8,2.26
4786-UKSNZ,CELL_889D,2024-12-01,2024-12-07,-97.6,9.5,5,81.3,1.91
4789-KWMXN,CELL_112B,2024-12-01,2024-12-07,-87.2,12.4,1,37.6,0.22
4791-QRGMF,CELL_101A,2024-12-01,2024-12-07,-98.0,12.8,4,79.3,2.02
4795-KTRTH,CELL_778C,2024-12-01,2024-12-07,-86.1,18.6,1,40.9,0.57
4795-UXVCJ,CELL_134C,2024-12-01,2024-12-07,-91.3,16.4,1,47.6,0.24
4795-WRNVT,CELL_245B,2024-12-01,2024-12-07,-86.8,14.8,0,56.9,0.12
4797-AXPXK,CELL_112B,2024-12-01,2024-12-07,-89.6,15.7,0,31.2,0.36
4797-MIWUM,CELL_112B,2024-12-01,2024-12-07,-107.2,4.6,10,95.7,4.98
4800-CZMPC,CELL_502B,2024-12-01,2024-12-07,-88.5,13.5,1,56.9,0.35
4800-VHZKI,CELL_245B,2024-12-01,2024-12-07,-91.9,14.0,1,48.7,0.26
4801-JZAZL,CELL_502B,2024-12-01,2024-12-07,-108.5,2.1,13,87.5,4.34
4801-KFYKL,CELL_245B,2024-12-01,2024-12-07,-92.9,15.7,1,31.1,0.28
4803-AXVYP,CELL_889D,2024-12-01,2024-12-07,-94.1,14.8,0,48.5,0.51
4803-LBYPN,CELL_301C,2024-12-01,2024-12-07,-88.6,15.2,0,58.7,0.14
4804-NCPET,CELL_112B,2024-12-01,2024-12-07,-89.3,15.1,0,38.2,0.53
4806-DXQCE,CELL_101A,2024-12-01,2024-12-07,-83.0,14.2,0,57.4,0.4
4806-HIPDW,CELL_502B,2024-12-01,2024-12-07,-87.7,16.7,0,36.7,0.25
4806-KEXQR,CELL_502B,2024-12-01,2024-12-07,-93.0,16.5,1,52.3,0.34
4807-IZYOZ,CELL_301C,2024-12-01,2024-12-07,-87.2,13.7,1,45.2,0.36
4808-YNLEU,CELL_134C,2024-12-01,2024-12-07,-108.7,7.9,5,79.8,2.69
4811-JBUVU,CELL_245B,2024-12-01,2024-12-07,-88.8,14.7,0,48.8,0.51
4813-HQMGZ,CELL_134C,2024-12-01,2024-12-07,-103.9,7.0,3,83.3,2.95
4815-GBTCD,CELL_234A,2024-12-01,2024-12-07,-90.2,13.5,1,31.0,0.14
4815-TUMEQ,CELL_101A,2024-12-01,2024-12-07,-88.7,16.9,1,49.8,0.45
4815-YOSUK,CELL_502B,2024-12-01,2024-12-07,-107.2,3.5,9,92.7,4.04
4816-JBHOV,CELL_411A,2024-12-01,2024-12-07,-107.1,7.1,9,97.1,5.15
4816-LXZYW,CELL_134C,2024-12-01,2024-12-07,-92.7,15.5,1,48.9,0.44
4816-OKWNX,CELL_112B,2024-12-01,2024-12-07,-86.0,13.5,0,52.0,0.24
4817-KEQSP,CELL_101A,2024-12-01,2024-12-07,-101.1,4.3,6,75.0,1.66
4817-QRJSX,CELL_502B,2024-12-01,2024-12-07,-86.2,15.9,0,49.8,0.26
4817-VYYWS,CELL_889D,2024-12-01,2024-12-07,-111.3,9.7,3,82.5,2.68
4818-DRBQT,CELL_411A,2024-12-01,2024-12-07,-102.7,4.5,12,92.6,4.53
4818-QIUFN,CELL_134C,2024-12-01,2024-12-07,-106.0,8.2,3,73.1,2.54
4819-HJPIW,CELL_112B,2024-12-01,2024-12-07,-92.5,13.0,1,47.2,0.15
4821-SJHJV,CELL_101A,2024-12-01,2024-12-07,-103.4,8.1,3,70.3,2.99
4821-WQOYN,CELL_101A,2024-12-01,2024-12-07,-102.0,8.1,6,80.1,2.84
4822-LPTYJ,CELL_245B,2024-12-01,2024-12-07,-85.1,19.4,0,37.1,0.23
4822-NGOCH,CELL_101A,2024-12-01,2024-12-07,-106.5,5.1,11,86.9,4.12
4822-RVYBB,CELL_234A,2024-12-01,2024-12-07,-98.6,8.4,6,71.0,2.92
4822-YCXMX,CELL_234A,2024-12-01,2024-12-07,-85.7,16.5,1,53.4,0.5
4824-GUCBY,CELL_112B,2024-12-01,2024-12-07,-89.4,11.6,0,31.3,0.58
4825-FUREZ,CELL_245B,2024-12-01,2024-12-07,-95.1,13.8,1,55.8,0.57
4825-XJGDM,CELL_301C,2024-12-01,2024-12-07,-103.3,9.5,4,79.5,1.71
4826-DXMUP,CELL_101A,2024-12-01,2024-12-07,-93.0,13.3,0,52.6,0.46
4826-TZEVA,CELL_245B,2024-12-01,2024-12-07,-107.3,4.6,13,89.6,3.02
4826-XTSOH,CELL_245B,2024-12-01,2024-12-07,-96.8,14.8,0,49.5,0.3
4827-DPADN,CELL_502B,2024-12-01,2024-12-07,-101.0,7.1,5,70.0,1.68
4827-LTQRJ,CELL_134C,2024-12-01,2024-12-07,-92.4,16.4,1,54.0,0.34
4827-USJHP,CELL_301C,2024-12-01,2024-12-07,-104.5,8.5,5,75.0,2.35
4828-FAZPK,CELL_301C,2024-12-01,2024-12-07,-91.0,17.1,1,48.5,0.22
4829-AUOAX,CELL_889D,2024-12-01,2024-12-07,-84.7,16.1,0,31.5,0.52
4829-ZLJTK,CELL_778C,2024-12-01,2024-12-07,-105.8,3.8,11,93.7,5.2
4830-FAXFM,CELL_301C,2024-12-01,2024-12-07,-91.9,12.4,1,58.6,0.39
4831-EOBFE,CELL_234A,2024-12-01,2024-12-07,-103.8,5.0,6,81.8,2.0
4832-VRBMR,CELL_502B,2024-12-01,2024-12-07,-88.8,17.2,0,35.4,0.13
4833-QTJNO,CELL_778C,2024-12-01,2024-12-07,-91.6,14.8,1,57.5,0.55
4835-YSJMR,CELL_234A,2024-12-01,2024-12-07,-100.0,8.1,6,75.3,2.66
4836-WNFNO,CELL_778C,2024-12-01,2024-12-07,-96.7,18.1,0,30.1,0.19
4837-PZTIC,CELL_112B,2024-12-01,2024-12-07,-107.1,6.6,4,75.6,2.22
4837-QUSFT,CELL_502B,2024-12-01,2024-12-07,-97.6,6.0,5,74.6,1.83
4840-ORQXB,CELL_112B,2024-12-01,2024-12-07,-91.3,12.3,1,38.0,0.27
4844-JJWUY,CELL_245B,2024-12-01,2024-12-07,-92.3,14.9,0,40.6,0.33
4846-WHAFZ,CELL_134C,2024-12-01,2024-12-07,-90.9,12.8,1,38.5,0.11
4847-QNOKA,CELL_411A,2024-12-01,2024-12-07,-91.5,14.1,0,41.4,0.15
4847-TAJYI,CELL_234A,2024-12-01,2024-12-07,-84.7,20.8,0,56.3,0.32
4849-PYRLQ,CELL_101A,2024-12-01,2024-12-07,-90.9,13.2,0,48.7,0.14
4851-BQDNX,CELL_101A,2024-12-01,2024-12-07,-92.8,18.0,1,56.2,0.32
4853-OITSN,CELL_502B,2024-12-01,2024-12-07,-103.2,6.3,6,78.1,2.88
4853-RULSV,CELL_134C,2024-12-01,2024-12-07,-88.9,15.2,0,32.3,0.57
4854-CIDCF,CELL_411A,2024-12-01,2024-12-07,-87.5,15.4,0,47.5,0.41
4854-SSLTN,CELL_134C,2024-12-01,2024-12-07,-87.3,16.6,0,30.5,0.18
4855-SNKMY,CELL_502B,2024-12-01,2024-12-07,-106.9,3.1,9,97.4,3.24
4859-ZSRDZ,CELL_301C,2024-12-01,2024-12-07,-113.8,4.5,13,90.2,5.22
4860-IJUDE,CELL_889D,2024-12-01,2024-12-07,-96.6,5.9,6,82.3,2.95
4860-YZGZM,CELL_112B,2024-12-01,2024-12-07,-106.9,2.2,13,89.4,4.52
4868-AADLV,CELL_101A,2024-12-01,2024-12-07,-110.5,5.0,8,97.6,5.43
4869-EPIUS,CELL_411A,2024-12-01,2024-12-07,-105.5,5.2,11,91.5,4.96
4871-JTKJF,CELL_234A,2024-12-01,2024-12-07,-86.7,16.1,0,38.8,0.38
4872-JCVCA,CELL_411A,2024-12-01,2024-12-07,-103.0,4.4,6,78.8,2.76
4872-VXRIL,CELL_134C,2024-12-01,2024-12-07,-95.4,17.4,0,42.3,0.36
4873-ILOLJ,CELL_101A,2024-12-01,2024-12-07,-91.6,15.7,1,52.5,0.32
4877-EVATK,CELL_502B,2024-12-01,2024-12-07,-91.0,13.9,1,39.7,0.35
4877-TSOFF,CELL_134C,2024-12-01,2024-12-07,-112.0,4.9,13,88.9,4.85
4878-BUNFV,CELL_778C,2024-12-01,2024-12-07,-90.6,11.8,1,46.8,0.4
4879-GZLFH,CELL_889D,2024-12-01,2024-12-07,-99.3,8.4,3,71.9,2.05
4881-GQJTW,CELL_411A,2024-12-01,2024-12-07,-115.9,2.7,9,86.2,5.49
4881-JVQOD,CELL_301C,2024-12-01,2024-12-07,-88.1,11.7,0,58.2,0.43
4883-KCPZJ,CELL_301C,2024-12-01,2024-12-07,-85.5,11.1,0,45.0,0.4
4883-QICIH,CELL_502B,2024-12-01,2024-12-07,-90.6,16.7,1,30.4,0.41
4884-LEVMQ,CELL_134C,2024-12-01,2024-12-07,-89.1,14.2,1,54.1,0.37
4884-TVUQF,CELL_778C,2024-12-01,2024-12-07,-105.4,3.0,9,91.4,3.57
4884-ZTHVF,CELL_245B,2024-12-01,2024-12-07,-86.1,13.2,1,36.0,0.59
4890-VMUAV,CELL_889D,2024-12-01,2024-12-07,-87.3,17.2,0,36.4,0.44
4891-NLUBA,CELL_301C,2024-12-01,2024-12-07,-113.1,5.8,11,94.1,4.9
4892-VLANZ,CELL_134C,2024-12-01,2024-12-07,-89.2,14.3,1,46.2,0.33
4893-GYUJU,CELL_301C,2024-12-01,2024-12-07,-113.6,0.4,13,88.6,3.68
4895-TMWIR,CELL_112B,2024-12-01,2024-12-07,-88.4,17.3,1,52.3,0.34
4896-CPRPF,CELL_134C,2024-12-01,2024-12-07,-92.5,14.2,0,59.0,0.46
4897-QSUYC,CELL_245B,2024-12-01,2024-12-07,-91.9,13.8,0,54.7,0.16
4900-MSOMT,CELL_778C,2024-12-01,2024-12-07,-88.7,17.1,0,40.8,0.34
4902-OHLSK,CELL_502B,2024-12-01,2024-12-07,-87.2,16.6,1,47.9,0.17
4903-CNOZC,CELL_134C,2024-12-01,2024-12-07,-92.3,16.4,1,44.3,0.49
4903-UYAVB,CELL_245B,2024-12-01,2024-12-07,-87.7,13.4,1,31.2,0.35
4905-JEFDW,CELL_301C,2024-12-01,2024-12-07,-100.2,5.6,3,75.7,2.46
4906-ZHGPK,CELL_112B,2024-12-01,2024-12-07,-86.9,16.6,0,50.6,0.37
4908-XAXAY,CELL_778C,2024-12-01,2024-12-07,-103.0,8.0,4,77.3,1.67
4909-JOUPP,CELL_502B,2024-12-01,2024-12-07,-94.9,14.6,0,41.4,0.29
4910-AQFFX,CELL_101A,2024-12-01,2024-12-07,-93.4,15.3,0,45.9,0.3
4910-GMJOT,CELL_234A,2024-12-01,2024-12-07,-83.3,16.2,1,34.1,0.13
4911-BANWH,CELL_245B,2024-12-01,2024-12-07,-98.5,9.2,4,70.3,1.72
4912-PIGUY,CELL_778C,2024-12-01,2024-12-07,-98.5,7.6,4,74.2,2.79
4913-EHYUI,CELL_245B,2024-12-01,2024-12-07,-97.5,9.5,6,76.6,2.9
4915-BFSXL,CELL_112B,2024-12-01,2024-12-07,-92.4,8.7,4,77.2,2.22
4918-FYJNT,CELL_778C,2024-12-01,2024-12-07,-86.8,13.6,1,45.4,0.26
4918-QLLIW,CELL_112B,2024-12-01,2024-12-07,-107.1,3.9,12,91.9,4.25
4919-IKATY,CELL_134C,2024-12-01,2024-12-07,-89.4,17.8,0,58.4,0.3
4919-MOAVT,CELL_301C,2024-12-01,2024-12-07,-108.5,3.0,11,91.5,4.08
4922-CVPDX,CELL_245B,2024-12-01,2024-12-07,-103.4,10.9,3,70.3,2.98
4923-ADWXJ,CELL_134C,2024-12-01,2024-12-07,-86.2,13.8,1,39.4,0.54
4925-LMHOK,CELL_889D,2024-12-01,2024-12-07,-104.5,8.1,6,75.4,2.83
4926-UMJZD,CELL_134C,2024-12-01,2024-12-07,-92.5,15.9,0,48.5,0.54
4927-WWOOZ,CELL_234A,2024-12-01,2024-12-07,-96.3,15.0,0,39.0,0.33
4929-BSTRX,CELL_502B,2024-12-01,2024-12-07,-86.4,15.2,1,41.6,0.14
4929-ROART,CELL_502B,2024-12-01,2024-12-07,-88.9,17.6,0,44.4,0.57
4929-XIHVW,CELL_889D,2024-12-01,2024-12-07,-92.4,13.2,1,54.4,0.19
4931-TRZWN,CELL_502B,2024-12-01,2024-12-07,-85.3,18.5,0,50.8,0.19
4933-BSAIP,CELL_778C,2024-12-01,2024-12-07,-92.2,14.7,0,38.4,0.41
4933-IKULF,CELL_134C,2024-12-01,2024-12-07,-93.9,10.8,0,58.0,0.34
4936-YPJNK,CELL_301C,2024-12-01,2024-12-07,-91.8,10.6,4,75.0,2.54
4937-QPZPO,CELL_411A,2024-12-01,2024-12-07,-109.8,4.8,10,96.8,5.65
4939-KYYPY,CELL_502B,2024-12-01,2024-12-07,-83.3,15.3,0,37.1,0.42
4940-KHCWD,CELL_234A,2024-12-01,2024-12-07,-93.4,18.5,1,34.2,0.53
4942-VZZOM,CELL_411A,2024-12-01,2024-12-07,-90.4,16.0,1,48.1,0.17
4945-RVMTE,CELL_502B,2024-12-01,2024-12-07,-92.5,15.3,1,51.4,0.5
4946-EDSEW,CELL_778C,2024-12-01,2024-12-07,-95.4,8.0,3,75.5,2.51
4947-DSMXK,CELL_889D,2024-12-01,2024-12-07,-96.9,16.1,0,57.6,0.23
4948-WBBKL,CELL_245B,2024-12-01,2024-12-07,-104.0,7.2,6,78.1,2.29
4950-BDEUX,CELL_245B,2024-12-01,2024-12-07,-87.7,15.9,1,32.7,0.46
4950-HKQTE,CELL_245B,2024-12-01,2024-12-07,-85.0,17.1,0,54.2,0.44
4951-UKAAQ,CELL_245B,2024-12-01,2024-12-07,-89.6,13.9,0,43.8,0.49
4952-YSOGZ,CELL_411A,2024-12-01,2024-12-07,-99.5,7.5,6,73.5,2.76
4955-VCWBI,CELL_112B,2024-12-01,2024-12-07,-98.2,9.4,3,74.0,2.48
4957-SREEC,CELL_502B,2024-12-01,2024-12-07,-96.1,16.7,1,56.2,0.23
4957-TIALW,CELL_502B,2024-12-01,2024-12-07,-108.0,5.7,12,95.2,5.12
4957-TREIR,CELL_502B,2024-12-01,2024-12-07,-90.3,14.8,1,54.4,0.52
4958-GZWIY,CELL_301C,2024-12-01,2024-12-07,-97.9,6.3,3,77.6,1.53
4958-XCBDQ,CELL_245B,2024-12-01,2024-12-07,-102.8,7.6,5,84.8,2.37
4959-JOSRX,CELL_502B,2024-12-01,2024-12-07,-105.6,10.8,5,81.3,2.05
4962-CHQPW,CELL_301C,2024-12-01,2024-12-07,-110.6,6.1,13,88.1,3.66
4967-WPNCF,CELL_234A,2024-12-01,2024-12-07,-95.2,8.8,3,79.1,2.92
4971-PUYQO,CELL_134C,2024-12-01,2024-12-07,-90.0,15.6,1,51.0,0.58
4973-MGTON,CELL_301C,2024-12-01,2024-12-07,-91.4,18.5,1,52.4,0.35
4973-RLZVI,CELL_502B,2024-12-01,2024-12-07,-83.6,13.8,0,33.9,0.33
4976-LNFVV,CELL_778C,2024-12-01,2024-12-07,-91.1,15.9,0,45.7,0.27
4979-HPRFL,CELL_778C,2024-12-01,2024-12-07,-92.7,17.6,0,54.2,0.24
4980-URKXC,CELL_134C,2024-12-01,2024-12-07,-92.1,15.9,0,35.8,0.45
4981-FLTMF,CELL_234A,2024-12-01,2024-12-07,-98.9,14.0,0,55.7,0.19
4983-CCWMC,CELL_134C,2024-12-01,2024-12-07,-89.6,17.2,0,45.9,0.36
4983-CLMLV,CELL_245B,2024-12-01,2024-12-07,-91.0,15.1,0,54.3,0.42
4986-MXSFP,CELL_112B,2024-12-01,2024-12-07,-101.2,9.8,3,80.2,1.63
4987-GQWPO,CELL_889D,2024-12-01,2024-12-07,-94.3,16.6,1,44.2,0.23
4988-IQIGL,CELL_112B,2024-12-01,2024-12-07,-87.6,14.4,0,59.1,0.18
4989-LIXVT,CELL_134C,2024-12-01,2024-12-07,-98.2,9.6,6,71.8,1.59
4990-ALDGW,CELL_101A,2024-12-01,2024-12-07,-107.1,6.0,14,97.4,4.97
4992-LTJNE,CELL_134C,2024-12-01,2024-12-07,-93.6,14.8,1,33.4,0.29
4993-JCRGJ,CELL_112B,2024-12-01,2024-12-07,-101.7,10.9,6,72.3,2.37
4994-OBRSZ,CELL_101A,2024-12-01,2024-12-07,-93.8,15.8,1,34.2,0.47
4998-IKFSE,CELL_301C,2024-12-01,2024-12-07,-99.6,10.2,4,76.5,1.94
4999-IEZLT,CELL_112B,2024-12-01,2024-12-07,-88.8,15.6,1,48.3,0.55
5002-GCQFH,CELL_134C,2024-12-01,2024-12-07,-103.8,6.8,5,72.0,2.01
5003-OKNNK,CELL_112B,2024-12-01,2024-12-07,-86.5,15.1,0,46.2,0.41
5003-XZWWO,CELL_502B,2024-12-01,2024-12-07,-82.6,14.0,0,52.7,0.3
5006-MXVRN,CELL_112B,2024-12-01,2024-12-07,-89.6,10.7,1,43.5,0.27
5010-IPEAQ,CELL_411A,2024-12-01,2024-12-07,-92.3,11.7,1,50.9,0.2
5012-YSPJJ,CELL_778C,2024-12-01,2024-12-07,-92.9,16.9,1,52.2,0.25
5013-SBUIH,CELL_502B,2024-12-01,2024-12-07,-95.5,18.2,0,44.5,0.3
5014-GSOUQ,CELL_889D,2024-12-01,2024-12-07,-94.3,5.1,5,72.4,2.46
5014-WUQMG,CELL_134C,2024-12-01,2024-12-07,-91.6,17.2,1,47.0,0.49
5016-ETTFF,CELL_234A,2024-12-01,2024-12-07,-88.1,15.0,0,42.0,0.51
5016-IBERQ,CELL_411A,2024-12-01,2024-12-07,-105.5,4.8,10,93.0,3.69
5016-LIPDW,CELL_301C,2024-12-01,2024-12-07,-86.0,15.5,1,30.4,0.28
5018-GWURO,CELL_301C,2024-12-01,2024-12-07,-90.8,15.3,0,40.5,0.6
5018-HEKFO,CELL_301C,2024-12-01,2024-12-07,-86.2,15.5,1,33.4,0.42
5018-LXQQG,CELL_502B,2024-12-01,2024-12-07,-110.4,2.6,13,96.1,3.59
5019-GQVCR,CELL_778C,2024-12-01,2024-12-07,-101.5,7.2,3,79.2,1.98
5020-ZSTTY,CELL_778C,2024-12-01,2024-12-07,-94.3,14.6,1,34.8,0.44
5022-JNQEQ,CELL_301C,2024-12-01,2024-12-07,-95.2,13.1,0,44.1,0.41
5022-KVDQT,CELL_112B,2024-12-01,2024-12-07,-91.3,16.1,0,45.4,0.43
5025-GOOKI,CELL_112B,2024-12-01,2024-12-07,-95.1,15.8,0,51.4,0.21
5027-QPKTE,CELL_778C,2024-12-01,2024-12-07,-91.4,12.8,0,41.3,0.47
5027-XWQHA,CELL_112B,2024-12-01,2024-12-07,-101.9,7.9,4,76.4,1.85
5027-YOCXN,CELL_301C,2024-12-01,2024-12-07,-90.3,13.7,0,36.2,0.37
5028-GZLDO,CELL_112B,2024-12-01,2024-12-07,-86.1,11.2,1,40.2,0.6
5028-HTLJB,CELL_301C,2024-12-01,2024-12-07,-90.6,11.7,1,48.8,0.54
5032-MIYKT,CELL_245B,2024-12-01,2024-12-07,-93.9,16.2,1,48.4,0.33
5032-USPKF,CELL_245B,2024-12-01,2024-12-07,-84.5,15.9,1,32.7,0.57
5035-BVCXS,CELL_112B,2024-12-01,2024-12-07,-87.1,15.8,0,34.6,0.5
5035-PGZXH,CELL_411A,2024-12-01,2024-12-07,-89.6,11.2,0,50.2,0.3
5038-ETMLM,CELL_778C,2024-12-01,2024-12-07,-92.9,14.9,1,51.9,0.39
5039-LZRQT,CELL_234A,2024-12-01,2024-12-07,-92.4,13.3,0,34.7,0.49
5043-TRZWM,CELL_134C,2024-12-01,2024-12-07,-87.8,16.3,0,49.6,0.19
5044-LRQAQ,CELL_778C,2024-12-01,2024-12-07,-95.9,15.7,1,53.3,0.26
5044-XDPYX,CELL_502B,2024-12-01,2024-12-07,-89.4,13.5,1,58.2,0.41
5046-NUHWD,CELL_112B,2024-12-01,2024-12-07,-88.7,13.3,1,41.8,0.42
5047-LHVLY,CELL_502B,2024-12-01,2024-12-07,-99.2,9.8,6,75.7,2.85
5049-GLYVG,CELL_502B,2024-12-01,2024-12-07,-90.1,14.2,0,41.9,0.55
5049-MUBWG,CELL_101A,2024-12-01,2024-12-07,-111.0,2.8,12,86.4,3.63
5052-PNLOS,CELL_778C,2024-12-01,2024-12-07,-86.5,14.0,1,57.5,0.16
5054-IEXZT,CELL_245B,2024-12-01,2024-12-07,-103.0,9.7,3,81.7,1.75
5055-BRMNE,CELL_889D,2024-12-01,2024-12-07,-90.4,13.9,0,34.0,0.51
5055-MGMGF,CELL_134C,2024-12-01,2024-12-07,-106.4,0.5,13,95.9,5.36
5056-FIMPT,CELL_112B,2024-12-01,2024-12-07,-109.4,7.1,13,96.4,4.93
5057-LCOUI,CELL_889D,2024-12-01,2024-12-07,-85.8,12.0,1,52.7,0.54
5057-RKGLH,CELL_502B,2024-12-01,2024-12-07,-87.4,16.2,0,42.8,0.23
5060-TQUQN,CELL_234A,2024-12-01,2024-12-07,-89.4,18.2,1,49.5,0.39
5061-PBXFW,CELL_301C,2024-12-01,2024-12-07,-93.1,17.3,1,58.1,0.14
5062-CJJKH,CELL_301C,2024-12-01,2024-12-07,-108.1,3.7,8,91.4,4.41
5063-IUOKK,CELL_502B,2024-12-01,2024-12-07,-90.5,14.4,1,42.9,0.17
5066-GFJMM,CELL_889D,2024-12-01,2024-12-07,-89.6,14.1,1,51.0,0.28
5067-DGXLL,CELL_245B,2024-12-01,2024-12-07,-93.6,14.7,0,35.5,0.32
5067-WJEUN,CELL_502B,2024-12-01,2024-12-07,-108.5,6.1,10,94.4,3.56
5067-XJQFU,CELL_234A,2024-12-01,2024-12-07,-90.4,18.4,0,30.1,0.26
5071-FBJFS,CELL_112B,2024-12-01,2024-12-07,-90.6,13.4,0,56.1,0.11
5073-RZGBK,CELL_234A,2024-12-01,2024-12-07,-84.8,15.7,0,58.1,0.22
5073-WXOYN,CELL_112B,2024-12-01,2024-12-07,-106.7,2.2,11,93.4,4.21
5074-FBGHB,CELL_411A,2024-12-01,2024-12-07,-84.6,14.5,0,40.0,0.58
5075-JSDKI,CELL_502B,2024-12-01,2024-12-07,-92.8,14.3,0,35.4,0.43
5076-YVXCM,CELL_112B,2024-12-01,2024-12-07,-103.2,9.3,3,74.7,2.98
5077-DXTCG,CELL_101A,2024-12-01,2024-12-07,-88.2,14.4,0,44.3,0.23
5081-NWSUP,CELL_134C,2024-12-01,2024-12-07,-87.9,15.7,0,55.0,0.39
5084-OOVCJ,CELL_301C,2024-12-01,2024-12-07,-86.8,18.0,1,48.8,0.45
5087-SUURX,CELL_101A,2024-12-01,2024-12-07,-87.7,13.8,1,44.5,0.53
5088-QZLRL,CELL_112B,2024-12-01,2024-12-07,-81.1,14.1,1,46.4,0.54
5089-IFSDP,CELL_502B,2024-12-01,2024-12-07,-92.1,14.8,1,57.5,0.14
5090-EMGTC,CELL_112B,2024-12-01,2024-12-07,-88.7,14.7,1,58.0,0.17
5091-HFAZW,CELL_778C,2024-12-01,2024-12-07,-98.1,8.9,5,82.6,2.62
5092-STPKP,CELL_245B,2024-12-01,2024-12-07,-84.4,16.2,0,32.5,0.55
5093-FEGLU,CELL_101A,2024-12-01,2024-12-07,-85.5,16.0,1,53.8,0.28
5095-AESKG,CELL_101A,2024-12-01,2024-12-07,-102.8,11.4,5,83.0,1.6
5095-ETBRJ,CELL_112B,2024-12-01,2024-12-07,-98.7,10.2,3,84.2,2.23
5099-BAILX,CELL_112B,2024-12-01,2024-12-07,-94.3,13.3,0,50.5,0.56
5103-MHMHY,CELL_234A,2024-12-01,2024-12-07,-108.6,5.9,10,89.5,5.3
5108-ADXWO,CELL_889D,2024-12-01,2024-12-07,-86.3,14.1,0,47.2,0.16
5110-CHOPY,CELL_778C,2024-12-01,2024-12-07,-106.0,0.9,8,85.5,5.85
5115-GZDEL,CELL_301C,2024-12-01,2024-12-07,-107.6,2.9,14,92.0,5.69
5115-SQAAU,CELL_778C,2024-12-01,2024-12-07,-91.7,17.0,1,39.4,0.31
5117-IFGPS,CELL_502B,2024-12-01,2024-12-07,-107.9,2.1,14,86.8,5.67
5117-ZSMHQ,CELL_411A,2024-12-01,2024-12-07,-90.2,16.7,0,42.7,0.56
5118-MUEYH,CELL_778C,2024-12-01,2024-12-07,-87.5,16.2,1,47.5,0.42
5119-KEPFY,CELL_889D,2024-12-01,2024-12-07,-88.6,9.9,0,59.8,0.33
5119-NZPTV,CELL_301C,2024-12-01,2024-12-07,-100.2,11.6,5,81.0,1.86
5120-ZBLAI,CELL_245B,2024-12-01,2024-12-07,-93.4,14.6,0,56.2,0.54
5122-CYFXA,CELL_778C,2024-12-01,2024-12-07,-89.0,14.5,1,40.1,0.16
5124-EOGYE,CELL_889D,2024-12-01,2024-12-07,-90.0,17.5,0,41.2,0.46
5125-CNDSP,CELL_778C,2024-12-01,2024-12-07,-104.7,1.8,10,85.2,4.34
5126-RCXYW,CELL_134C,2024-12-01,2024-12-07,-90.8,16.1,1,39.6,0.32
5127-BZENZ,CELL_301C,2024-12-01,2024-12-07,-86.8,13.6,1,52.6,0.47
5129-HHMZC,CELL_502B,2024-12-01,2024-12-07,-107.7,3.7,11,90.7,5.95
5129-JLPIS,CELL_234A,2024-12-01,2024-12-07,-105.5,8.6,6,72.1,1.6
5130-IEKQT,CELL_245B,2024-12-01,2024-12-07,-84.6,13.7,1,56.4,0.56
5130-YPIRV,CELL_112B,2024-12-01,2024-12-07,-103.2,5.1,4,71.2,2.69
5131-PONJI,CELL_234A,2024-12-01,2024-12-07,-89.6,15.0,0,33.4,0.13
5133-POWUA,CELL_301C,2024-12-01,2024-12-07,-92.0,16.0,0,33.8,0.33
5133-VRSAB,CELL_889D,2024-12-01,2024-12-07,-88.5,13.5,0,47.2,0.38
5134-IKDAY,CELL_502B,2024-12-01,2024-12-07,-87.7,16.6,1,59.1,0.16
5135-GRQJV,CELL_245B,2024-12-01,2024-12-07,-90.3,13.0,1,54.6,0.12
5135-RDDQL,CELL_101A,2024-12-01,2024-12-07,-87.8,11.4,1,35.8,0.28
5136-GFPMB,CELL_301C,2024-12-01,2024-12-07,-99.6,5.0,6,70.8,2.36
5136-KCKGI,CELL_245B,2024-12-01,2024-12-07,-93.3,17.4,0,36.8,0.11
5136-RGMZO,CELL_889D,2024-12-01,2024-12-07,-92.8,14.2,0,50.1,0.52
5138-WVKYJ,CELL_301C,2024-12-01,2024-12-07,-108.8,4.4,10,93.8,4.09
5140-FOMCQ,CELL_778C,2024-12-01,2024-12-07,-101.6,6.1,3,72.9,2.39
5141-ZUVBH,CELL_889D,2024-12-01,2024-12-07,-110.6,5.7,11,88.4,3.2
5143-EGQFK,CELL_301C,2024-12-01,2024-12-07,-112.0,3.6,12,86.3,3.87
5143-WMWOG,CELL_245B,2024-12-01,2024-12-07,-92.1,15.6,0,31.9,0.2
5144-PQCDZ,CELL_502B,2024-12-01,2024-12-07,-88.3,14.9,0,50.1,0.33
5144-TVGLP,CELL_502B,2024-12-01,2024-12-07,-91.3,13.4,0,51.6,0.38
5146-CBVOE,CELL_778C,2024-12-01,2024-12-07,-90.0,15.2,0,58.2,0.37
5146-YYFRZ,CELL_778C,2024-12-01,2024-12-07,-88.1,17.3,1,58.5,0.53
5148-HKFIR,CELL_889D,2024-12-01,2024-12-07,-90.9,14.3,1,48.9,0.49
5148-ORICT,CELL_245B,2024-12-01,2024-12-07,-86.6,17.4,0,50.7,0.22
5149-CUZUJ,CELL_502B,2024-12-01,2024-12-07,-107.9,2.3,13,91.2,5.57
5149-QYTTU,CELL_245B,2024-12-01,2024-12-07,-102.4,8.1,5,78.7,1.83
5149-TGWDZ,CELL_502B,2024-12-01,2024-12-07,-89.8,13.9,0,41.2,0.33
5150-ITWWB,CELL_234A,2024-12-01,2024-12-07,-106.6,5.5,14,93.7,3.04
5150-LJNSR,CELL_101A,2024-12-01,2024-12-07,-96.7,12.2,4,72.8,1.76
5151-HQRDG,CELL_234A,2024-12-01,2024-12-07,-90.7,17.1,0,46.0,0.54
5153-LXKDT,CELL_112B,2024-12-01,2024-12-07,-102.9,4.2,9,89.7,5.58
5153-RTHKF,CELL_112B,2024-12-01,2024-12-07,-105.9,7.7,6,81.5,2.09
5154-VEKBL,CELL_502B,2024-12-01,2024-12-07,-86.3,16.4,0,34.8,0.22
5155-AZQPB,CELL_245B,2024-12-01,2024-12-07,-86.9,16.4,0,36.0,0.47
5156-UMKOW,CELL_234A,2024-12-01,2024-12-07,-108.8,4.6,9,86.4,5.04
5158-RIVOP,CELL_245B,2024-12-01,2024-12-07,-100.0,11.1,3,81.2,2.11
5159-YFPKQ,CELL_301C,2024-12-01,2024-12-07,-107.1,3.3,14,89.5,5.79
5160-UXJED,CELL_411A,2024-12-01,2024-12-07,-87.1,13.7,1,38.0,0.23
5161-UBZXI,CELL_502B,2024-12-01,2024-12-07,-89.2,15.7,0,43.8,0.44
5161-XEUVX,CELL_502B,2024-12-01,2024-12-07,-88.6,15.3,0,34.7,0.16
5167-GBFRE,CELL_101A,2024-12-01,2024-12-07,-92.4,14.4,1,31.2,0.16
5167-ZFFMM,CELL_778C,2024-12-01,2024-12-07,-87.5,16.9,1,55.2,0.42
5168-MQQCA,CELL_101A,2024-12-01,2024-12-07,-87.3,17.8,1,44.2,0.25
5168-MSWXT,CELL_502B,2024-12-01,2024-12-07,-107.6,6.6,14,85.8,3.65
5170-PTRKA,CELL_112B,2024-12-01,2024-12-07,-99.8,9.1,3,70.2,1.81
5171-EPLKN,CELL_411A,2024-12-01,2024-12-07,-110.2,5.4,14,94.5,3.5
5172-MIGPM,CELL_889D,2024-12-01,2024-12-07,-104.0,7.8,5,73.9,1.96
5172-RKOCB,CELL_234A,2024-12-01,2024-12-07,-97.4,11.6,6,82.0,2.36
5173-WXOQV,CELL_778C,2024-12-01,2024-12-07,-89.9,15.4,0,46.9,0.42
5173-ZXXXL,CELL_778C,2024-12-01,2024-12-07,-103.9,5.1,5,79.3,2.23
5174-ITUMV,CELL_502B,2024-12-01,2024-12-07,-100.3,8.2,4,72.6,1.82
5174-RNGBH,CELL_889D,2024-12-01,2024-12-07,-96.9,10.0,3,79.0,2.53
5175-AOBHI,CELL_411A,2024-12-01,2024-12-07,-91.5,12.3,0,43.0,0.15
5175-WLYXL,CELL_112B,2024-12-01,2024-12-07,-92.7,17.5,1,52.5,0.1
5176-LDKUH,CELL_134C,2024-12-01,2024-12-07,-87.7,16.7,0,40.9,0.14
5176-LMJXE,CELL_101A,2024-12-01,2024-12-07,-86.4,14.8,1,42.8,0.18
5176-OLSKT,CELL_245B,2024-12-01,2024-12-07,-92.2,15.9,0,45.2,0.26
5177-RVZNU,CELL_234A,2024-12-01,2024-12-07,-89.8,14.3,0,31.9,0.54
5178-LMXOP,CELL_411A,2024-12-01,2024-12-07,-91.7,13.7,0,58.5,0.26
5180-UCIIQ,CELL_112B,2024-12-01,2024-12-07,-96.8,8.9,6,79.3,1.7
5181-OABFK,CELL_411A,2024-12-01,2024-12-07,-86.5,14.0,1,59.1,0.24
5183-KLYEM,CELL_778C,2024-12-01,2024-12-07,-106.8,3.2,10,92.8,4.9
5183-SNMJQ,CELL_101A,2024-12-01,2024-12-07,-102.4,8.9,3,78.5,1.89
5186-EJEGL,CELL_101A,2024-12-01,2024-12-07,-104.0,6.8,10,94.1,5.98
5186-PEIZU,CELL_134C,2024-12-01,2024-12-07,-104.7,4.9,13,91.0,3.55
5186-SAMNZ,CELL_889D,2024-12-01,2024-12-07,-95.9,6.5,4,80.2,3.0
5188-HGMLP,CELL_502B,2024-12-01,2024-12-07,-93.6,16.7,1,45.5,0.54
5192-EBGOV,CELL_411A,2024-12-01,2024-12-07,-93.1,18.0,1,52.3,0.53
5193-QLVZB,CELL_234A,2024-12-01,2024-12-07,-91.4,12.3,1,46.2,0.14
5195-KPUNQ,CELL_101A,2024-12-01,2024-12-07,-104.5,0.6,8,95.4,4.47
5196-SGOAK,CELL_411A,2024-12-01,2024-12-07,-91.0,17.7,1,51.5,0.3
5196-WPYOW,CELL_778C,2024-12-01,2024-12-07,-92.1,12.6,0,55.4,0.33
5197-LQXXH,CELL_301C,2024-12-01,2024-12-07,-86.6,15.6,1,57.1,0.21
5197-PYEPU,CELL_502B,2024-12-01,2024-12-07,-99.7,5.2,4,70.6,2.97
5197-YPYBZ,CELL_778C,2024-12-01,2024-12-07,-90.9,12.9,0,51.4,0.36
5198-EFNBM,CELL_245B,2024-12-01,2024-12-07,-86.9,13.2,1,57.1,0.22
5198-HQAEN,CELL_889D,2024-12-01,2024-12-07,-84.6,15.8,1,50.3,0.33
5199-FPUSP,CELL_112B,2024-12-01,2024-12-07,-95.5,7.6,5,72.9,1.87
5201-CBWYG,CELL_778C,2024-12-01,2024-12-07,-91.3,15.5,1,40.9,0.6
5201-FRKKS,CELL_411A,2024-12-01,2024-12-07,-89.4,13.2,0,37.3,0.55
5201-USSQZ,CELL_134C,2024-12-01,2024-12-07,-96.2,9.8,6,75.6,1.71
5202-IVJNU,CELL_411A,2024-12-01,2024-12-07,-89.0,16.0,1,42.0,0.54
5203-XEHAX,CELL_411A,2024-12-01,2024-12-07,-95.6,8.1,4,72.1,2.59
5204-HMGYF,CELL_234A,2024-12-01,2024-12-07,-88.5,13.3,0,47.6,0.42
5204-QZXPU,CELL_134C,2024-12-01,2024-12-07,-105.2,5.9,10,94.1,3.34
5206-HPJKM,CELL_502B,2024-12-01,2024-12-07,-88.4,16.3,1,38.0,0.29
5206-XZZQI,CELL_889D,2024-12-01,2024-12-07,-91.6,14.7,0,34.7,0.22
5207-PLSTK,CELL_234A,2024-12-01,2024-12-07,-104.4,3.2,10,89.2,3.27
5208-FVQKB,CELL_234A,2024-12-01,2024-12-07,-88.0,13.7,1,38.4,0.27
5208-HFSBT,CELL_778C,2024-12-01,2024-12-07,-110.8,4.2,11,90.0,4.49
5213-TWWJU,CELL_502B,2024-12-01,2024-12-07,-108.7,4.0,14,97.1,4.59
5214-CHIWJ,CELL_245B,2024-12-01,2024-12-07,-94.6,18.3,1,43.9,0.47
5214-NLTIT,CELL_411A,2024-12-01,2024-12-07,-95.6,15.8,1,48.7,0.32
5215-LNLDJ,CELL_411A,2024-12-01,2024-12-07,-88.3,15.0,0,55.1,0.5
5216-WASFJ,CELL_134C,2024-12-01,2024-12-07,-109.2,2.5,9,96.9,3.91
5219-YIPTK,CELL_502B,2024-12-01,2024-12-07,-96.5,10.0,4,74.7,2.62
5220-AGAAX,CELL_234A,2024-12-01,2024-12-07,-89.6,18.3,0,55.0,0.53
5222-IMUKT,CELL_234A,2024-12-01,2024-12-07,-90.2,17.8,1,52.5,0.56
5222-JCXZT,CELL_778C,2024-12-01,2024-12-07,-90.2,14.4,1,34.3,0.45
5223-UZAVK,CELL_134C,2024-12-01,2024-12-07,-104.9,6.3,3,81.0,1.77
5226-NOZFC,CELL_411A,2024-12-01,2024-12-07,-92.0,5.8,6,81.4,2.4
5227-JSCFE,CELL_112B,2024-12-01,2024-12-07,-100.5,9.2,4,70.4,2.41
5228-EXCET,CELL_889D,2024-12-01,2024-12-07,-87.7,11.3,1,59.3,0.58
5229-DTFYB,CELL_245B,2024-12-01,2024-12-07,-95.3,7.7,3,81.4,1.68
5229-PRWKT,CELL_112B,2024-12-01,2024-12-07,-109.1,6.3,14,95.4,3.53
5231-FIQPA,CELL_778C,2024-12-01,2024-12-07,-87.7,17.9,0,59.0,0.48
5232-NXPAY,CELL_411A,2024-12-01,2024-12-07,-96.2,6.2,6,78.3,2.56
5233-AOZUF,CELL_778C,2024-12-01,2024-12-07,-89.5,19.0,1,53.0,0.27
5233-GEEAX,CELL_889D,2024-12-01,2024-12-07,-105.6,2.7,9,96.0,3.98
5236-PERKL,CELL_234A,2024-12-01,2024-12-07,-90.4,15.1,0,53.1,0.23
5236-XMZJY,CELL_778C,2024-12-01,2024-12-07,-108.5,3.2,12,86.0,5.14
5240-CAOYT,CELL_301C,2024-12-01,2024-12-07,-101.4,8.1,4,75.1,2.64
5240-IJOQT,CELL_245B,2024-12-01,2024-12-07,-103.6,3.6,12,95.5,3.03
5242-UOWHD,CELL_889D,2024-12-01,2024-12-07,-90.4,14.6,1,30.1,0.56
5243-SAOTC,CELL_101A,2024-12-01,2024-12-07,-110.8,7.1,8,91.5,5.67
5244-IRFIH,CELL_778C,2024-12-01,2024-12-07,-95.2,14.3,0,53.3,0.33
5245-VDBUR,CELL_234A,2024-12-01,2024-12-07,-99.5,8.2,3,84.9,1.54
5248-KWLAR,CELL_101A,2024-12-01,2024-12-07,-104.3,7.1,3,71.8,1.59
5248-RPYWW,CELL_778C,2024-12-01,2024-12-07,-89.6,16.0,1,53.2,0.21
5248-YGIJN,CELL_411A,2024-12-01,2024-12-07,-102.9,6.2,5,83.6,2.39
5249-QYHEX,CELL_778C,2024-12-01,2024-12-07,-93.4,13.2,1,53.6,0.41
5256-SKJGO,CELL_101A,2024-12-01,2024-12-07,-104.2,2.5,10,89.4,5.38
5260-UMPWX,CELL_234A,2024-12-01,2024-12-07,-90.6,17.5,0,54.1,0.51
5261-QSHQM,CELL_234A,2024-12-01,2024-12-07,-94.2,14.8,0,30.9,0.16
5266-PFRQK,CELL_245B,2024-12-01,2024-12-07,-94.8,7.6,6,84.0,2.98
5268-DSMNQ,CELL_411A,2024-12-01,2024-12-07,-92.1,5.2,5,71.4,2.31
5269-NRGDP,CELL_502B,2024-12-01,2024-12-07,-100.3,6.2,4,80.4,2.84
5271-DBYSJ,CELL_112B,2024-12-01,2024-12-07,-86.1,15.1,1,32.4,0.19
5271-YNWVR,CELL_411A,2024-12-01,2024-12-07,-107.0,5.4,10,88.3,3.17
5274-XHAKY,CELL_889D,2024-12-01,2024-12-07,-106.7,5.8,12,92.5,5.69
5275-PMFUT,CELL_411A,2024-12-01,2024-12-07,-100.8,10.0,6,73.9,1.69
5275-SQEIZ,CELL_411A,2024-12-01,2024-12-07,-109.0,3.7,8,88.6,4.33
5276-KQWHG,CELL_234A,2024-12-01,2024-12-07,-107.1,5.0,12,91.0,4.11
5277-ZLOOR,CELL_234A,2024-12-01,2024-12-07,-100.8,7.8,3,83.4,2.3
5278-PNYOX,CELL_889D,2024-12-01,2024-12-07,-88.2,14.3,1,50.1,0.23
5281-BUZGT,CELL_411A,2024-12-01,2024-12-07,-101.8,6.8,5,84.3,2.82
5285-MVEHD,CELL_134C,2024-12-01,2024-12-07,-102.1,5.3,9,94.9,4.68
5286-YHCVC,CELL_889D,2024-12-01,2024-12-07,-105.2,2.6,14,86.8,4.35
5287-QWLKY,CELL_889D,2024-12-01,2024-12-07,-86.1,13.9,0,51.5,0.23
5288-AHOUP,CELL_778C,2024-12-01,2024-12-07,-89.8,16.3,0,47.4,0.13
5293-WXJAK,CELL_502B,2024-12-01,2024-12-07,-88.6,13.7,1,47.3,0.4
5294-CDGWY,CELL_301C,2024-12-01,2024-12-07,-96.5,17.3,0,51.0,0.15
5294-DMSFH,CELL_502B,2024-12-01,2024-12-07,-91.5,14.5,1,47.9,0.55
5294-IMHHT,CELL_778C,2024-12-01,2024-12-07,-104.7,6.8,6,80.7,2.03
5295-PCJOO,CELL_112B,2024-12-01,2024-12-07,-89.8,15.1,1,42.3,0.13
5296-BFCYD,CELL_245B,2024-12-01,2024-12-07,-99.8,10.2,3,74.5,2.5
5296-PSYVW,CELL_889D,2024-12-01,2024-12-07,-105.0,6.8,14,95.7,5.02
5297-MDOIR,CELL_301C,2024-12-01,2024-12-07,-85.5,14.9,0,44.4,0.11
5298-GSTLM,CELL_502B,2024-12-01,2024-12-07,-86.2,14.5,1,54.5,0.22
5299-RULOA,CELL_112B,2024-12-01,2024-12-07,-84.3,13.3,0,60.0,0.42
5299-SJCZT,CELL_301C,2024-12-01,2024-12-07,-90.3,18.9,0,33.2,0.32
5301-GAUUY,CELL_101A,2024-12-01,2024-12-07,-90.8,13.9,1,32.0,0.44
5302-BDJNT,CELL_889D,2024-12-01,2024-12-07,-94.8,6.4,5,72.1,2.73
5304-EFJLP,CELL_112B,2024-12-01,2024-12-07,-90.3,15.0,0,45.0,0.45
5306-BVTKJ,CELL_134C,2024-12-01,2024-12-07,-97.2,6.5,4,81.4,2.77
5307-DZCVC,CELL_301C,2024-12-01,2024-12-07,-100.5,6.0,3,84.1,2.15
5307-UVGNB,CELL_245B,2024-12-01,2024-12-07,-88.2,18.3,0,37.2,0.33
5309-TAIKL,CELL_889D,2024-12-01,2024-12-07,-107.0,2.1,11,88.4,5.71
5310-NOOVA,CELL_112B,2024-12-01,2024-12-07,-86.1,14.4,1,56.4,0.27
5311-IHLEI,CELL_778C,2024-12-01,2024-12-07,-98.2,9.6,3,72.9,2.12
5312-IRCFR,CELL_301C,2024-12-01,2024-12-07,-89.4,12.1,1,59.7,0.48
5312-TSZVC,CELL_502B,2024-12-01,2024-12-07,-89.3,13.8,0,40.7,0.54
5312-UXESG,CELL_301C,2024-12-01,2024-12-07,-85.9,16.8,1,50.1,0.24
5313-FPXWG,CELL_301C,2024-12-01,2024-12-07,-108.6,8.7,4,75.6,2.49
5315-CKEQK,CELL_778C,2024-12-01,2024-12-07,-96.3,8.8,4,84.5,1.69
5317-FLPJF,CELL_101A,2024-12-01,2024-12-07,-92.6,14.9,0,56.9,0.36
5318-IXUZF,CELL_112B,2024-12-01,2024-12-07,-92.2,13.3,1,55.4,0.3
5318-YKDPV,CELL_234A,2024-12-01,2024-12-07,-94.0,8.6,3,71.2,2.64
5320-BRKGK,CELL_245B,2024-12-01,2024-12-07,-84.9,14.2,0,39.8,0.14
5321-NTRKC,CELL_778C,2024-12-01,2024-12-07,-94.2,10.6,4,70.2,1.93
5322-TEUJK,CELL_101A,2024-12-01,2024-12-07,-93.0,14.6,1,52.1,0.56
5322-ZSMZY,CELL_778C,2024-12-01,2024-12-07,-90.3,14.8,1,50.3,0.2
5324-KTGCG,CELL_112B,2024-12-01,2024-12-07,-92.9,15.6,1,49.9,0.57
5325-UWTWJ,CELL_502B,2024-12-01,2024-12-07,-85.2,14.4,0,39.8,0.3
5327-CNLUQ,CELL_502B,2024-12-01,2024-12-07,-88.3,18.5,1,36.7,0.57
5327-XOKKY,CELL_134C,2024-12-01,2024-12-07,-87.9,14.0,1,34.1,0.2
5329-KRDTM,CELL_301C,2024-12-01,2024-12-07,-94.9,11.7,1,30.2,0.47
5331-RGMTT,CELL_112B,2024-12-01,2024-12-07,-96.3,5.9,4,77.3,2.99
5334-AFQJB,CELL_889D,2024-12-01,2024-12-07,-91.5,15.4,1,36.8,0.13
5334-JLAXU,CELL_502B,2024-12-01,2024-12-07,-89.2,13.6,0,43.4,0.12
5336-UFNZP,CELL_245B,2024-12-01,2024-12-07,-91.1,12.5,0,40.9,0.45
5337-IIWKZ,CELL_301C,2024-12-01,2024-12-07,-102.5,8.6,6,76.4,2.47
5338-YHWYT,CELL_245B,2024-12-01,2024-12-07,-85.2,15.1,1,43.9,0.3
5339-PXDVH,CELL_112B,2024-12-01,2024-12-07,-89.8,16.7,1,56.9,0.5
5339-TJFEK,CELL_245B,2024-12-01,2024-12-07,-91.2,15.6,1,39.2,0.24
5343-SGUBI,CELL_134C,2024-12-01,2024-12-07,-86.8,12.5,0,33.2,0.43
5345-BMKWB,CELL_889D,2024-12-01,2024-12-07,-106.8,10.1,5,75.2,2.96
5346-BZCHP,CELL_134C,2024-12-01,2024-12-07,-105.9,7.2,5,79.4,2.25
5348-CAGXB,CELL_411A,2024-12-01,2024-12-07,-87.7,10.5,0,46.4,0.26
5349-AZPEW,CELL_134C,2024-12-01,2024-12-07,-96.5,9.7,3,78.3,2.76
5349-IECLD,CELL_112B,2024-12-01,2024-12-07,-89.0,17.4,0,34.5,0.29
5351-QESIO,CELL_889D,2024-12-01,2024-12-07,-113.6,3.5,10,93.3,4.13
5353-WILCI,CELL_245B,2024-12-01,2024-12-07,-105.9,9.9,5,77.8,2.4
5356-CSVSQ,CELL_778C,2024-12-01,2024-12-07,-92.2,12.1,1,59.1,0.46
5356-KZCKT,CELL_301C,2024-12-01,2024-12-07,-97.6,11.7,4,84.7,2.24
5356-RHIPP,CELL_245B,2024-12-01,2024-12-07,-89.8,16.4,1,57.7,0.36
5357-TZHPP,CELL_411A,2024-12-01,2024-12-07,-91.8,15.7,0,50.2,0.52
5360-LJCNJ,CELL_112B,2024-12-01,2024-12-07,-88.7,12.6,0,33.9,0.22
5360-XGYAZ,CELL_301C,2024-12-01,2024-12-07,-92.0,19.2,0,36.6,0.25
5364-EVNIB,CELL_245B,2024-12-01,2024-12-07,-91.1,13.9,1,41.5,0.13
5364-XYIRR,CELL_889D,2024-12-01,2024-12-07,-88.0,16.7,1,51.0,0.23
5365-LLFYV,CELL_502B,2024-12-01,2024-12-07,-87.2,17.0,0,45.7,0.13
5366-IJEQJ,CELL_889D,2024-12-01,2024-12-07,-88.9,18.6,0,56.9,0.29
5366-OBVMR,CELL_778C,2024-12-01,2024-12-07,-85.0,12.0,1,53.3,0.51
5370-IIVVL,CELL_234A,2024-12-01,2024-12-07,-93.9,15.6,1,45.7,0.38
5371-VYLSX,CELL_889D,2024-12-01,2024-12-07,-87.7,16.1,0,50.5,0.59
5372-FBKBN,CELL_101A,2024-12-01,2024-12-07,-102.1,6.0,4,76.9,2.35
5373-SFODM,CELL_101A,2024-12-01,2024-12-07,-90.2,15.1,1,31.3,0.31
5375-XLDOF,CELL_778C,2024-12-01,2024-12-07,-100.2,8.5,5,80.8,1.68
5376-DEQCP,CELL_889D,2024-12-01,2024-12-07,-91.4,18.7,1,45.2,0.16
5376-PCKNB,CELL_101A,2024-12-01,2024-12-07,-109.0,5.3,8,87.1,3.62
5377-NDTOU,CELL_502B,2024-12-01,2024-12-07,-108.0,2.1,11,97.4,4.79
5378-IKEEG,CELL_411A,2024-12-01,2024-12-07,-87.5,17.0,1,40.0,0.38
5380-AFSSK,CELL_234A,2024-12-01,2024-12-07,-100.6,11.5,5,75.7,2.76
5380-WJKOV,CELL_234A,2024-12-01,2024-12-07,-87.5,16.3,0,30.5,0.37
5380-XPJNZ,CELL_502B,2024-12-01,2024-12-07,-104.3,4.7,14,86.9,3.42
5382-SOYZL,CELL_411A,2024-12-01,2024-12-07,-109.6,6.5,14,96.1,3.11
5382-TEMLV,CELL_234A,2024-12-01,2024-12-07,-90.8,14.5,1,31.3,0.28
5383-MMTWC,CELL_889D,2024-12-01,2024-12-07,-90.5,14.7,0,53.0,0.35
5384-ZTTWP,CELL_301C,2024-12-01,2024-12-07,-91.6,12.2,1,42.6,0.32
5385-SUIRI,CELL_411A,2024-12-01,2024-12-07,-95.3,13.3,1,42.5,0.58
5386-THSLQ,CELL_502B,2024-12-01,2024-12-07,-84.9,17.5,1,40.3,0.31
5387-ASZNZ,CELL_502B,2024-12-01,2024-12-07,-102.6,9.4,3,84.9,2.7
5389-FFVKB,CELL_301C,2024-12-01,2024-12-07,-100.0,5.6,5,82.9,1.89
5392-AKEMH,CELL_234A,2024-12-01,2024-12-07,-92.5,18.2,0,59.9,0.23
5393-HJZSM,CELL_101A,2024-12-01,2024-12-07,-98.5,11.3,5,84.4,2.9
5393-RXQSZ,CELL_112B,2024-12-01,2024-12-07,-85.0,14.1,0,40.1,0.29
5394-MEITZ,CELL_234A,2024-12-01,2024-12-07,-90.0,15.3,1,33.9,0.29
5394-SVGJV,CELL_301C,2024-12-01,2024-12-07,-99.1,6.6,3,70.2,2.32
5396-IZEPB,CELL_245B,2024-12-01,2024-12-07,-90.6,14.2,1,38.3,0.44
5397-NSKQG,CELL_101A,2024-12-01,2024-12-07,-110.6,5.2,8,97.6,4.53
5397-TUPSH,CELL_411A,2024-12-01,2024-12-07,-86.9,18.8,0,48.0,0.1
5399-ZIMKF,CELL_101A,2024-12-01,2024-12-07,-86.5,11.8,0,35.7,0.43
5402-HTOTQ,CELL_234A,2024-12-01,2024-12-07,-98.5,5.4,4,73.2,2.39
5404-GGUKR,CELL_301C,2024-12-01,2024-12-07,-88.3,13.7,1,55.3,0.47
5405-ZMYXQ,CELL_234A,2024-12-01,2024-12-07,-101.2,9.4,5,71.0,1.94
5406-KGRMX,CELL_411A,2024-12-01,2024-12-07,-87.0,15.4,1,40.2,0.29
5414-OFQCB,CELL_101A,2024-12-01,2024-12-07,-92.2,17.1,1,34.5,0.17
5419-CONWX,CELL_301C,2024-12-01,2024-12-07,-94.9,14.5,1,46.0,0.49
5419-JKZNQ,CELL_778C,2024-12-01,2024-12-07,-106.6,9.3,6,82.0,2.34
5419-JPRRN,CELL_112B,2024-12-01,2024-12-07,-99.6,8.4,6,76.2,2.17
5419-KLXBN,CELL_889D,2024-12-01,2024-12-07,-89.5,15.5,0,54.3,0.51
5423-BHIXO,CELL_889D,2024-12-01,2024-12-07,-109.3,4.1,11,95.0,4.05
5424-RLQLC,CELL_411A,2024-12-01,2024-12-07,-85.8,13.4,1,49.5,0.22
5429-LWCMV,CELL_889D,2024-12-01,2024-12-07,-105.9,2.5,5,72.2,1.94
5433-KYGHE,CELL_134C,2024-12-01,2024-12-07,-96.4,15.2,1,35.2,0.11
5438-QMDDL,CELL_502B,2024-12-01,2024-12-07,-100.0,9.2,6,78.1,2.81
5439-WIKXB,CELL_112B,2024-12-01,2024-12-07,-100.1,5.9,4,81.8,2.75
5440-FLBQG,CELL_778C,2024-12-01,2024-12-07,-90.8,11.5,0,58.1,0.14
5440-VHLUL,CELL_234A,2024-12-01,2024-12-07,-91.9,11.2,0,37.8,0.28
5442-BHQNG,CELL_234A,2024-12-01,2024-12-07,-90.3,15.2,0,56.5,0.36
5442-BXVND,CELL_234A,2024-12-01,2024-12-07,-104.7,8.6,6,75.8,1.78
5442-PPTJY,CELL_889D,2024-12-01,2024-12-07,-88.0,13.8,0,35.8,0.23
5442-UTCVD,CELL_502B,2024-12-01,2024-12-07,-85.5,12.1,0,31.2,0.28
5442-XSDCW,CELL_134C,2024-12-01,2024-12-07,-87.8,18.6,0,30.7,0.23
5443-SCMKX,CELL_778C,2024-12-01,2024-12-07,-90.8,13.7,1,50.5,0.41
5445-GLVOT,CELL_502B,2024-12-01,2024-12-07,-104.5,4.0,8,96.5,4.2
5445-PZWGX,CELL_301C,2024-12-01,2024-12-07,-106.3,4.7,5,84.5,2.06
5445-UTODQ,CELL_889D,2024-12-01,2024-12-07,-90.2,14.0,0,32.2,0.18
5446-DKWYW,CELL_889D,2024-12-01,2024-12-07,-101.5,9.7,5,80.1,3.0
5447-VYTKW,CELL_245B,2024-12-01,2024-12-07,-90.9,14.3,0,59.2,0.19
5447-WZAFP,CELL_245B,2024-12-01,2024-12-07,-112.8,4.1,14,90.6,4.68
5448-VWNAM,CELL_112B,2024-12-01,2024-12-07,-89.6,16.7,1,37.3,0.55
5449-FIBXJ,CELL_245B,2024-12-01,2024-12-07,-100.6,9.6,5,85.0,2.48
5451-MHQOF,CELL_245B,2024-12-01,2024-12-07,-112.4,2.3,13,89.6,3.0
5451-YHYPW,CELL_134C,2024-12-01,2024-12-07,-99.3,8.3,5,74.7,1.68
5453-AXEPF,CELL_411A,2024-12-01,2024-12-07,-91.9,11.4,1,47.7,0.44
5453-YBTWV,CELL_889D,2024-12-01,2024-12-07,-96.5,8.9,5,72.8,2.92
5456-ITGIC,CELL_234A,2024-12-01,2024-12-07,-91.1,14.9,0,42.4,0.28
5457-COLHT,CELL_889D,2024-12-01,2024-12-07,-87.3,16.8,0,45.6,0.48
5458-CQJTA,CELL_778C,2024-12-01,2024-12-07,-91.6,15.6,0,52.5,0.24
5461-QKNTN,CELL_502B,2024-12-01,2024-12-07,-92.8,15.3,0,33.4,0.29
5465-BUBFA,CELL_234A,2024-12-01,2024-12-07,-91.2,12.0,0,47.9,0.11
5468-BPMMO,CELL_502B,2024-12-01,2024-12-07,-90.4,17.0,1,31.3,0.32
5469-CTCWN,CELL_301C,2024-12-01,2024-12-07,-100.5,9.1,3,71.8,1.72
5469-NUJUR,CELL_245B,2024-12-01,2024-12-07,-91.7,13.0,1,34.1,0.34
5472-CVMDX,CELL_134C,2024-12-01,2024-12-07,-101.3,8.8,6,82.7,2.18
5473-KHBPS,CELL_889D,2024-12-01,2024-12-07,-92.0,16.2,1,37.0,0.15
5474-LAMUQ,CELL_301C,2024-12-01,2024-12-07,-88.7,14.4,1,52.1,0.52
5478-JJVZK,CELL_502B,2024-12-01,2024-12-07,-89.5,16.8,1,52.2,0.23
5480-HPRRX,CELL_778C,2024-12-01,2024-12-07,-89.6,16.9,0,39.6,0.34
5480-TBGPH,CELL_502B,2024-12-01,2024-12-07,-87.2,17.2,0,53.4,0.57
5480-XTFFL,CELL_134C,2024-12-01,2024-12-07,-99.7,12.2,3,75.4,2.84
5481-NTDOH,CELL_502B,2024-12-01,2024-12-07,-85.4,13.1,0,33.1,0.23
5482-NUPNA,CELL_778C,2024-12-01,2024-12-07,-97.5,8.2,4,81.2,1.76
5482-PLVPE,CELL_889D,2024-12-01,2024-12-07,-94.6,16.6,1,36.7,0.18
5482-VXSXJ,CELL_234A,2024-12-01,2024-12-07,-94.4,7.6,4,82.1,1.78
5485-ITNPC,CELL_134C,2024-12-01,2024-12-07,-92.6,13.8,1,57.7,0.38
5485-WUYWF,CELL_889D,2024-12-01,2024-12-07,-87.6,17.7,0,57.3,0.35
5493-SDRDQ,CELL_502B,2024-12-01,2024-12-07,-85.2,11.6,0,38.3,0.59
5494-HECPR,CELL_112B,2024-12-01,2024-12-07,-109.2,5.2,13,96.6,4.59
5494-WOZRZ,CELL_245B,2024-12-01,2024-12-07,-84.1,14.7,0,57.0,0.3
5495-GPSRW,CELL_778C,2024-12-01,2024-12-07,-90.9,17.7,0,38.9,0.34
5498-IBWPI,CELL_234A,2024-12-01,2024-12-07,-93.2,16.6,1,41.0,0.23
5498-TXHLF,CELL_411A,2024-12-01,2024-12-07,-104.6,3.3,12,86.0,3.01
5499-ECUTN,CELL_502B,2024-12-01,2024-12-07,-94.4,4.7,3,78.9,1.86
5501-TVMGM,CELL_889D,2024-12-01,2024-12-07,-93.0,13.7,1,49.9,0.4
5502-RLUYV,CELL_245B,2024-12-01,2024-12-07,-109.0,2.0,13,85.6,3.93
5504-WSIUR,CELL_101A,2024-12-01,2024-12-07,-101.5,7.4,6,73.9,2.42
5505-OVWQW,CELL_411A,2024-12-01,2024-12-07,-99.3,15.4,0,54.7,0.41
5510-BOIUJ,CELL_301C,2024-12-01,2024-12-07,-108.5,4.8,8,93.4,5.06
5512-IDZEI,CELL_234A,2024-12-01,2024-12-07,-88.2,12.0,1,47.3,0.25
5514-YQENT,CELL_778C,2024-12-01,2024-12-07,-98.1,12.0,6,76.4,2.09
5515-AKOAJ,CELL_134C,2024-12-01,2024-12-07,-103.2,7.9,6,79.2,2.27
5515-IDEJJ,CELL_245B,2024-12-01,2024-12-07,-92.6,10.5,0,42.1,0.15
5515-RUGKN,CELL_411A,2024-12-01,2024-12-07,-113.3,4.5,13,90.3,5.59
5519-NPHVG,CELL_234A,2024-12-01,2024-12-07,-99.2,7.9,5,70.8,2.65
5519-TEEUH,CELL_134C,2024-12-01,2024-12-07,-108.1,7.2,8,87.3,3.71
5519-YLDGW,CELL_889D,2024-12-01,2024-12-07,-95.1,16.3,0,45.9,0.45
5520-FVEWJ,CELL_502B,2024-12-01,2024-12-07,-92.5,17.9,0,42.0,0.14
5522-JBWMO,CELL_101A,2024-12-01,2024-12-07,-86.3,15.2,1,50.9,0.55
5522-NYKPB,CELL_411A,2024-12-01,2024-12-07,-106.9,4.2,8,89.3,3.27
5524-KHNJP,CELL_101A,2024-12-01,2024-12-07,-84.9,18.4,0,36.4,0.36
5527-ACHSO,CELL_112B,2024-12-01,2024-12-07,-94.0,17.2,1,40.3,0.44
5529-GIBVH,CELL_134C,2024-12-01,2024-12-07,-103.9,5.3,5,75.6,2.09
5533-NHFRF,CELL_889D,2024-12-01,2024-12-07,-89.3,14.3,0,57.3,0.26
5533-RJFTJ,CELL_112B,2024-12-01,2024-12-07,-86.3,14.4,0,51.3,0.36
5536-RTPWK,CELL_112B,2024-12-01,2024-12-07,-106.8,0.4,12,96.8,4.82
5536-SLHPM,CELL_778C,2024-12-01,2024-12-07,-91.1,5.1,4,70.3,2.33
5537-UXXVS,CELL_301C,2024-12-01,2024-12-07,-95.1,18.6,1,57.0,0.33
5539-HIVAK,CELL_301C,2024-12-01,2024-12-07,-91.8,16.0,1,44.9,0.13
5539-TMZLF,CELL_411A,2024-12-01,2024-12-07,-95.1,8.9,5,74.4,2.43
5542-DHSXL,CELL_234A,2024-12-01,2024-12-07,-91.7,13.8,1,32.2,0.34
5542-NKVRU,CELL_502B,2024-12-01,2024-12-07,-94.4,16.1,1,40.6,0.52
5542-TBBWB,CELL_245B,2024-12-01,2024-12-07,-91.5,15.1,0,35.9,0.6
5543-QDCRY,CELL_101A,2024-12-01,2024-12-07,-108.9,4.9,9,93.8,3.38
5546-BYZSM,CELL_889D,2024-12-01,2024-12-07,-101.7,9.2,4,82.1,2.25
5546-QUERU,CELL_112B,2024-12-01,2024-12-07,-88.1,14.7,0,50.4,0.29
5549-ZGHFB,CELL_134C,2024-12-01,2024-12-07,-88.5,15.4,1,58.0,0.44
5550-VFRLC,CELL_245B,2024-12-01,2024-12-07,-91.6,16.6,1,54.0,0.57
5552-ZNFSJ,CELL_112B,2024-12-01,2024-12-07,-103.0,4.8,5,83.3,2.99
5553-AOINX,CELL_245B,2024-12-01,2024-12-07,-85.6,15.7,1,36.8,0.21
5555-RNPGT,CELL_778C,2024-12-01,2024-12-07,-94.3,19.0,1,30.3,0.25
5561-NWEVX,CELL_411A,2024-12-01,2024-12-07,-94.2,13.8,0,32.5,0.2
5562-BETPV,CELL_502B,2024-12-01,2024-12-07,-91.3,13.3,0,55.3,0.58
5562-YJQGT,CELL_301C,2024-12-01,2024-12-07,-87.0,16.8,1,42.3,0.55
5564-NEMQO,CELL_101A,2024-12-01,2024-12-07,-89.6,15.4,1,40.8,0.37
5565-FILXA,CELL_234A,2024-12-01,2024-12-07,-86.4,18.1,0,43.5,0.52
5566-SOEZD,CELL_101A,2024-12-01,2024-12-07,-111.4,4.7,14,87.2,3.42
5567-GZKQY,CELL_889D,2024-12-01,2024-12-07,-90.3,10.4,0,51.4,0.15
5567-WSELE,CELL_234A,2024-12-01,2024-12-07,-90.0,12.5,1,48.1,0.36
5568-DMXZS,CELL_112B,2024-12-01,2024-12-07,-86.6,15.5,0,49.8,0.12
5569-IDSEY,CELL_502B,2024-12-01,2024-12-07,-98.0,8.9,6,81.2,1.91
5569-KGJHX,CELL_889D,2024-12-01,2024-12-07,-97.2,8.4,6,79.1,2.27
5569-OUICF,CELL_101A,2024-12-01,2024-12-07,-88.7,13.7,1,32.6,0.32
5570-PTWEH,CELL_301C,2024-12-01,2024-12-07,-86.5,13.0,0,35.4,0.26
5572-ZDXHY,CELL_234A,2024-12-01,2024-12-07,-91.1,14.6,1,55.3,0.27
5574-NXZIU,CELL_245B,2024-12-01,2024-12-07,-98.3,7.4,6,72.6,2.44
5575-GNVDE,CELL_889D,2024-12-01,2024-12-07,-91.7,14.7,1,31.9,0.4
5575-TPIZQ,CELL_245B,2024-12-01,2024-12-07,-96.4,6.4,3,71.8,1.91
5577-OTWWW,CELL_301C,2024-12-01,2024-12-07,-102.7,8.6,4,72.5,1.64
5578-NKCXI,CELL_889D,2024-12-01,2024-12-07,-88.9,15.1,1,36.3,0.16
5583-EJXRD,CELL_101A,2024-12-01,2024-12-07,-103.5,2.6,11,91.3,4.39
5583-SXDAG,CELL_101A,2024-12-01,2024-12-07,-88.1,15.1,0,34.1,0.4
5590-BYNII,CELL_889D,2024-12-01,2024-12-07,-88.8,17.6,0,56.3,0.31
5590-YRFJT,CELL_101A,2024-12-01,2024-12-07,-97.5,4.5,9,86.0,3.13
5590-ZSKRV,CELL_502B,2024-12-01,2024-12-07,-106.7,8.8,6,79.4,2.54
5593-SUAOO,CELL_234A,2024-12-01,2024-12-07,-96.0,6.9,5,79.1,1.75
5597-GLBUC,CELL_778C,2024-12-01,2024-12-07,-105.8,3.8,9,88.2,3.27
5598-IKHQQ,CELL_245B,2024-12-01,2024-12-07,-96.1,7.7,6,81.2,1.94
5599-HVLTW,CELL_134C,2024-12-01,2024-12-07,-105.7,5.7,13,90.5,5.37
5600-KTXFM,CELL_101A,2024-12-01,2024-12-07,-85.5,15.9,0,55.4,0.13
5600-PDUJF,CELL_101A,2024-12-01,2024-12-07,-99.9,8.8,5,72.6,2.59
5602-BVFMK,CELL_101A,2024-12-01,2024-12-07,-109.6,2.4,10,91.3,5.22
5605-IYGFG,CELL_245B,2024-12-01,2024-12-07,-92.9,16.5,1,49.8,0.3
5605-XNWEN,CELL_411A,2024-12-01,2024-12-07,-107.4,4.2,10,97.6,4.8
5606-AMZBO,CELL_101A,2024-12-01,2024-12-07,-92.3,12.7,0,58.7,0.53
5609-CEBID,CELL_301C,2024-12-01,2024-12-07,-92.3,14.4,1,34.5,0.11
5609-IMCGG,CELL_134C,2024-12-01,2024-12-07,-90.9,14.6,0,45.3,0.25
5614-DNZCE,CELL_411A,2024-12-01,2024-12-07,-93.1,15.4,0,54.4,0.39
5616-PRTNT,CELL_245B,2024-12-01,2024-12-07,-88.9,14.5,1,31.8,0.24
5619-PTMIK,CELL_134C,2024-12-01,2024-12-07,-95.2,8.0,3,74.7,1.79
5619-XZZKR,CELL_411A,2024-12-01,2024-12-07,-105.3,4.1,12,94.6,5.37
5622-UEJFI,CELL_778C,2024-12-01,2024-12-07,-87.8,15.6,0,34.3,0.56
5624-BQSSA,CELL_234A,2024-12-01,2024-12-07,-102.8,11.8,5,71.1,1.98
5624-RYAMH,CELL_245B,2024-12-01,2024-12-07,-95.0,6.1,3,76.2,2.39
5626-MGTUK,CELL_411A,2024-12-01,2024-12-07,-93.4,14.5,1,32.1,0.25
5627-TVBPP,CELL_112B,2024-12-01,2024-12-07,-102.5,6.7,3,76.2,2.54
5628-FCGYG,CELL_301C,2024-12-01,2024-12-07,-94.9,15.1,0,40.0,0.34
5628-RKIFK,CELL_301C,2024-12-01,2024-12-07,-92.7,12.2,0,51.2,0.47
5630-AHZIL,CELL_411A,2024-12-01,2024-12-07,-102.5,11.1,4,70.6,2.47
5630-IXDXV,CELL_134C,2024-12-01,2024-12-07,-88.2,17.5,1,38.6,0.41
5639-NTUPK,CELL_234A,2024-12-01,2024-12-07,-98.1,10.1,4,84.8,1.95
5640-CAXOA,CELL_245B,2024-12-01,2024-12-07,-89.0,13.8,1,47.0,0.39
5641-DMBFJ,CELL_301C,2024-12-01,2024-12-07,-109.4,1.0,10,91.5,4.23
5642-MHDQT,CELL_112B,2024-12-01,2024-12-07,-90.7,16.8,0,50.9,0.14
5644-PDMZC,CELL_101A,2024-12-01,2024-12-07,-87.1,12.6,0,54.9,0.2
5647-FXOTP,CELL_234A,2024-12-01,2024-12-07,-90.5,10.8,0,32.2,0.23
5647-URDKA,CELL_134C,2024-12-01,2024-12-07,-88.4,13.8,0,56.3,0.6
5649-ANRML,CELL_245B,2024-12-01,2024-12-07,-88.7,16.9,0,49.6,0.4
5649-RXQTV,CELL_301C,2024-12-01,2024-12-07,-95.9,8.0,3,73.7,2.08
5649-TJHOV,CELL_101A,2024-12-01,2024-12-07,-85.7,13.1,1,39.0,0.41
5649-VUKMC,CELL_101A,2024-12-01,2024-12-07,-89.5,15.8,0,41.8,0.36
5650-VDUDS,CELL_101A,2024-12-01,2024-12-07,-96.4,17.2,0,43.7,0.52
5650-YLIBA,CELL_502B,2024-12-01,2024-12-07,-92.9,14.4,0,31.1,0.21
5651-CPDND,CELL_245B,2024-12-01,2024-12-07,-89.7,16.8,1,50.1,0.56
5651-CRHKQ,CELL_101A,2024-12-01,2024-12-07,-90.0,16.0,1,39.3,0.37
5651-WYIPH,CELL_778C,2024-12-01,2024-12-07,-89.2,14.4,0,31.5,0.4
5651-YLPRD,CELL_301C,2024-12-01,2024-12-07,-85.9,17.4,1,42.4,0.53
5652-MSDEY,CELL_101A,2024-12-01,2024-12-07,-92.2,16.6,0,58.6,0.13
5655-JSMZM,CELL_502B,2024-12-01,2024-12-07,-108.8,0.3,10,93.3,4.61
5656-JAMLX,CELL_411A,2024-12-01,2024-12-07,-92.5,16.5,1,47.9,0.2
5656-MJEFC,CELL_134C,2024-12-01,2024-12-07,-92.2,12.6,1,53.3,0.24
5663-QBGIS,CELL_134C,2024-12-01,2024-12-07,-89.0,12.5,1,59.3,0.22
5666-CYCYZ,CELL_502B,2024-12-01,2024-12-07,-98.7,10.0,4,83.5,2.1
5666-MBJPT,CELL_889D,2024-12-01,2024-12-07,-104.3,9.0,4,78.0,2.99
5668-MEISB,CELL_112B,2024-12-01,2024-12-07,-110.6,5.8,14,96.2,4.12
5669-SRAIP,CELL_134C,2024-12-01,2024-12-07,-86.9,13.5,1,56.3,0.52
5671-RQRLP,CELL_411A,2024-12-01,2024-12-07,-93.1,13.0,1,35.4,0.43
5671-UUNXD,CELL_301C,2024-12-01,2024-12-07,-104.5,7.4,5,77.9,1.85
5673-FSSMF,CELL_889D,2024-12-01,2024-12-07,-109.3,5.8,8,89.0,3.66
5673-TIYIB,CELL_301C,2024-12-01,2024-12-07,-96.8,8.9,6,79.2,1.61
5676-CFLYY,CELL_411A,2024-12-01,2024-12-07,-89.7,16.2,0,48.1,0.45
5678-VFNEQ,CELL_234A,2024-12-01,2024-12-07,-87.7,15.3,0,31.9,0.16
5680-LQOGP,CELL_245B,2024-12-01,2024-12-07,-106.8,10.3,4,71.3,1.85
5681-LLOEI,CELL_411A,2024-12-01,2024-12-07,-87.9,17.4,0,59.9,0.49
5684-FJVYR,CELL_411A,2024-12-01,2024-12-07,-92.8,13.2,0,49.6,0.4
5685-IIXLY,CELL_301C,2024-12-01,2024-12-07,-113.3,3.7,9,93.3,3.68
5686-CMAWK,CELL_234A,2024-12-01,2024-12-07,-98.1,7.3,5,72.2,1.65
5687-DKDTV,CELL_245B,2024-12-01,2024-12-07,-89.6,15.3,0,54.4,0.36
5688-KZTSN,CELL_234A,2024-12-01,2024-12-07,-90.8,16.2,0,57.4,0.32
5692-FPTAH,CELL_101A,2024-12-01,2024-12-07,-93.2,13.2,0,55.3,0.25
5692-ICXLW,CELL_234A,2024-12-01,2024-12-07,-91.0,15.2,1,48.6,0.34
5693-PIPCS,CELL_411A,2024-12-01,2024-12-07,-90.1,15.5,0,55.0,0.26
5696-CEIQJ,CELL_889D,2024-12-01,2024-12-07,-103.4,6.1,6,72.0,2.04
5696-EXCYS,CELL_234A,2024-12-01,2024-12-07,-98.8,8.9,5,71.9,2.98
5696-JVVQY,CELL_112B,2024-12-01,2024-12-07,-99.9,13.0,4,80.5,2.2
5696-QURRL,CELL_301C,2024-12-01,2024-12-07,-99.6,5.2,6,81.4,2.39
5697-GOMBF,CELL_234A,2024-12-01,2024-12-07,-94.0,16.0,0,52.0,0.43
5698-BQJOH,CELL_778C,2024-12-01,2024-12-07,-100.4,8.0,3,81.4,1.55
5699-BNCAS,CELL_234A,2024-12-01,2024-12-07,-106.6,4.1,9,96.9,5.77
5701-GUXDC,CELL_234A,2024-12-01,2024-12-07,-88.6,13.6,0,47.1,0.29
5701-SVCWR,CELL_101A,2024-12-01,2024-12-07,-95.4,15.5,1,32.3,0.4
5701-YVSVF,CELL_245B,2024-12-01,2024-12-07,-103.1,6.3,3,76.9,2.74
5701-ZIKJE,CELL_245B,2024-12-01,2024-12-07,-106.2,7.0,4,76.8,2.91
5702-KVQRD,CELL_301C,2024-12-01,2024-12-07,-91.3,15.7,0,52.8,0.57
5702-SKUOB,CELL_245B,2024-12-01,2024-12-07,-100.6,8.0,5,75.2,2.51
5707-ORNDZ,CELL_301C,2024-12-01,2024-12-07,-91.7,11.0,0,47.5,0.53
5707-ZMDJP,CELL_889D,2024-12-01,2024-12-07,-87.2,13.9,1,58.4,0.28
5708-EVONK,CELL_502B,2024-12-01,2024-12-07,-92.3,13.9,0,47.2,0.56
5709-LVOEQ,CELL_101A,2024-12-01,2024-12-07,-100.5,7.2,4,76.0,1.6
5712-AHQNN,CELL_112B,2024-12-01,2024-12-07,-88.8,14.4,1,33.5,0.31
5712-PTIWW,CELL_301C,2024-12-01,2024-12-07,-88.8,17.2,0,52.8,0.21
5712-VBOXD,CELL_112B,2024-12-01,2024-12-07,-89.2,12.3,1,47.3,0.45
5716-EZXZN,CELL_112B,2024-12-01,2024-12-07,-94.3,14.1,1,37.3,0.46
5716-LIBJC,CELL_112B,2024-12-01,2024-12-07,-95.2,6.8,6,81.9,2.92
5724-BIDBU,CELL_502B,2024-12-01,2024-12-07,-91.0,16.4,1,43.3,0.59
5726-CVNYA,CELL_234A,2024-12-01,2024-12-07,-106.2,3.0,10,92.0,4.54
5727-MYATE,CELL_778C,2024-12-01,2024-12-07,-110.5,0.4,13,90.0,4.71
5729-KLZAR,CELL_411A,2024-12-01,2024-12-07,-109.4,7.2,3,72.5,1.58
5730-DBDSI,CELL_778C,2024-12-01,2024-12-07,-91.8,13.4,1,53.2,0.5
5730-RIITO,CELL_112B,2024-12-01,2024-12-07,-92.1,13.3,1,34.4,0.35
5732-IKGQH,CELL_134C,2024-12-01,2024-12-07,-89.8,15.5,1,57.6,0.53
5734-EJKXG,CELL_245B,2024-12-01,2024-12-07,-90.7,18.0,0,41.6,0.32
5736-YEJAX,CELL_134C,2024-12-01,2024-12-07,-93.3,15.1,0,56.4,0.55
5740-YHGTW,CELL_778C,2024-12-01,2024-12-07,-104.3,5.3,8,96.6,4.45
5743-KHMNA,CELL_301C,2024-12-01,2024-12-07,-90.9,13.0,1,57.8,0.22
5747-PMBSQ,CELL_778C,2024-12-01,2024-12-07,-88.7,16.9,0,47.6,0.4
5748-RNCJT,CELL_101A,2024-12-01,2024-12-07,-91.7,12.8,0,53.6,0.33
5751-USDBL,CELL_889D,2024-12-01,2024-12-07,-90.8,13.2,1,39.5,0.27
5753-QQWPW,CELL_411A,2024-12-01,2024-12-07,-87.6,16.4,0,57.8,0.53
5756-JYOJT,CELL_889D,2024-12-01,2024-12-07,-97.4,9.3,5,76.1,1.54
5756-OZRIO,CELL_245B,2024-12-01,2024-12-07,-94.7,16.5,1,58.5,0.15
5759-RCVCB,CELL_245B,2024-12-01,2024-12-07,-90.6,13.6,0,35.6,0.2
5760-FXFVO,CELL_502B,2024-12-01,2024-12-07,-110.2,3.2,13,91.1,3.92
5760-IFJOZ,CELL_112B,2024-12-01,2024-12-07,-98.6,9.1,3,74.7,2.87
5760-WRAHC,CELL_778C,2024-12-01,2024-12-07,-100.0,9.0,6,72.6,2.99
5762-TJXGK,CELL_234A,2024-12-01,2024-12-07,-86.3,15.2,1,33.7,0.59
5766-FTRTS,CELL_778C,2024-12-01,2024-12-07,-94.9,14.9,0,40.6,0.45
5766-XQXMQ,CELL_112B,2024-12-01,2024-12-07,-92.5,10.5,1,30.5,0.47
5766-ZJYBB,CELL_112B,2024-12-01,2024-12-07,-91.7,15.4,1,41.0,0.1
5774-QPLTF,CELL_101A,2024-12-01,2024-12-07,-86.2,15.6,0,31.0,0.55
5774-XZTQC,CELL_411A,2024-12-01,2024-12-07,-89.6,16.6,1,49.8,0.58
5777-KJIRB,CELL_778C,2024-12-01,2024-12-07,-110.5,2.8,11,90.3,5.05
5777-ZPQNC,CELL_245B,2024-12-01,2024-12-07,-94.3,8.4,5,83.6,2.16
5778-BVOFB,CELL_234A,2024-12-01,2024-12-07,-87.9,11.7,1,39.4,0.46
5780-INQIK,CELL_234A,2024-12-01,2024-12-07,-88.2,15.3,0,31.3,0.33
5781-BKHOP,CELL_889D,2024-12-01,2024-12-07,-94.9,10.4,1,54.7,0.21
5781-RFZRP,CELL_301C,2024-12-01,2024-12-07,-111.4,3.0,10,96.5,4.04
5787-KXGIY,CELL_112B,2024-12-01,2024-12-07,-87.1,14.3,0,52.3,0.2
5788-YPOEG,CELL_778C,2024-12-01,2024-12-07,-91.8,16.0,0,32.6,0.19
5789-LDFXO,CELL_245B,2024-12-01,2024-12-07,-90.4,9.9,1,37.0,0.53
5791-KAJFD,CELL_889D,2024-12-01,2024-12-07,-98.4,5.9,4,80.3,2.09
5792-JALQC,CELL_301C,2024-12-01,2024-12-07,-89.3,14.5,1,53.9,0.28
5793-YOLJN,CELL_301C,2024-12-01,2024-12-07,-90.8,16.1,0,38.8,0.59
5795-BKOYE,CELL_889D,2024-12-01,2024-12-07,-93.5,9.9,1,32.8,0.24
5795-KTGUD,CELL_245B,2024-12-01,2024-12-07,-88.2,13.8,0,30.9,0.57
5797-APWZC,CELL_101A,2024-12-01,2024-12-07,-87.4,15.9,0,52.7,0.24
5799-JRCZO,CELL_245B,2024-12-01,2024-12-07,-92.7,12.9,1,56.0,0.15
5802-ADBRC,CELL_889D,2024-12-01,2024-12-07,-93.6,12.3,0,32.9,0.31
5803-NQJZO,CELL_301C,2024-12-01,2024-12-07,-90.5,15.2,0,39.0,0.11
5804-HYIEZ,CELL_889D,2024-12-01,2024-12-07,-96.3,11.0,4,82.2,2.65
5804-JMYIO,CELL_889D,2024-12-01,2024-12-07,-100.8,10.9,3,72.1,2.23
5804-LEPIM,CELL_778C,2024-12-01,2024-12-07,-110.0,3.2,8,87.5,3.37
5808-TOTXO,CELL_502B,2024-12-01,2024-12-07,-108.8,3.5,13,96.0,5.64
5811-IWXYM,CELL_778C,2024-12-01,2024-12-07,-83.4,13.6,1,32.2,0.51
5813-UECBU,CELL_112B,2024-12-01,2024-12-07,-93.1,15.9,0,55.4,0.18
5815-HGGHV,CELL_301C,2024-12-01,2024-12-07,-92.7,14.4,1,37.3,0.22
5816-JMLGY,CELL_301C,2024-12-01,2024-12-07,-93.0,20.1,1,46.3,0.24
5816-QVHRX,CELL_889D,2024-12-01,2024-12-07,-86.2,21.5,0,49.0,0.18
5816-SCGFC,CELL_301C,2024-12-01,2024-12-07,-95.5,6.2,6,82.7,2.97
5820-PTRYM,CELL_245B,2024-12-01,2024-12-07,-92.8,18.0,1,47.0,0.56
5821-MMEIL,CELL_134C,2024-12-01,2024-12-07,-92.3,14.0,0,39.9,0.3
5825-XJOCM,CELL_411A,2024-12-01,2024-12-07,-99.2,8.7,3,76.5,2.95
5827-MWCZK,CELL_134C,2024-12-01,2024-12-07,-84.6,11.6,0,43.1,0.36
5828-AVIPD,CELL_245B,2024-12-01,2024-12-07,-99.0,7.2,5,77.2,2.27
5828-DWPIL,CELL_112B,2024-12-01,2024-12-07,-93.3,19.3,1,37.0,0.59
5829-NVSQN,CELL_411A,2024-12-01,2024-12-07,-106.1,4.0,9,88.5,5.81
5832-EXGTT,CELL_502B,2024-12-01,2024-12-07,-88.7,10.3,0,37.8,0.21
5832-TRLPB,CELL_778C,2024-12-01,2024-12-07,-89.2,17.0,1,49.6,0.54
5832-XKAES,CELL_234A,2024-12-01,2024-12-07,-107.6,5.4,13,87.4,4.21
5834-ASPWA,CELL_411A,2024-12-01,2024-12-07,-96.2,7.9,5,78.1,2.86
5835-BEQEU,CELL_134C,2024-12-01,2024-12-07,-91.5,12.8,0,47.3,0.56
5837-LXSDN,CELL_112B,2024-12-01,2024-12-07,-98.8,10.3,4,83.0,2.03
5839-SUYVZ,CELL_411A,2024-12-01,2024-12-07,-96.4,13.1,1,37.1,0.57
5840-NVDCG,CELL_301C,2024-12-01,2024-12-07,-88.6,17.2,1,49.5,0.26
5842-POCOP,CELL_778C,2024-12-01,2024-12-07,-90.4,13.9,1,55.3,0.6
5843-TTHGI,CELL_301C,2024-12-01,2024-12-07,-92.2,10.8,0,47.6,0.25
5844-QVTAT,CELL_502B,2024-12-01,2024-12-07,-100.8,9.7,4,81.3,2.53
5845-BZZIB,CELL_245B,2024-12-01,2024-12-07,-90.0,12.8,1,53.2,0.15
5846-ABOBJ,CELL_245B,2024-12-01,2024-12-07,-101.1,8.9,3,79.2,1.97
5846-NEQVZ,CELL_411A,2024-12-01,2024-12-07,-96.4,9.4,4,71.6,2.87
5846-QFDFI,CELL_502B,2024-12-01,2024-12-07,-97.9,11.9,5,83.4,1.5
5847-MXBEO,CELL_889D,2024-12-01,2024-12-07,-98.8,4.4,3,77.4,2.23
5848-FHRFC,CELL_134C,2024-12-01,2024-12-07,-95.4,6.8,5,76.8,2.34
5849-ASHZJ,CELL_245B,2024-12-01,2024-12-07,-88.7,13.4,1,32.5,0.47
5850-BDWCY,CELL_245B,2024-12-01,2024-12-07,-93.6,16.9,1,31.6,0.53
5854-KSRBJ,CELL_301C,2024-12-01,2024-12-07,-82.9,15.5,1,57.6,0.49
5855-EIBDE,CELL_234A,2024-12-01,2024-12-07,-87.7,14.0,1,56.4,0.37
5857-TYBCJ,CELL_889D,2024-12-01,2024-12-07,-101.7,5.3,5,74.8,1.99
5857-XRECV,CELL_134C,2024-12-01,2024-12-07,-101.7,4.7,11,96.4,3.89
5858-EAFCZ,CELL_301C,2024-12-01,2024-12-07,-99.3,5.0,3,84.4,2.5
5859-HZYLF,CELL_502B,2024-12-01,2024-12-07,-84.9,13.4,1,57.6,0.29
5862-BRIXZ,CELL_112B,2024-12-01,2024-12-07,-111.7,10.7,3,83.9,2.0
5863-OOKCL,CELL_889D,2024-12-01,2024-12-07,-85.9,17.2,1,32.7,0.54
5868-CZJDR,CELL_101A,2024-12-01,2024-12-07,-83.6,15.3,1,38.5,0.31
5868-YTYKS,CELL_234A,2024-12-01,2024-12-07,-92.3,17.7,0,58.2,0.23
5868-YWPDW,CELL_234A,2024-12-01,2024-12-07,-95.9,5.1,4,83.1,1.6
5871-DGTXZ,CELL_411A,2024-12-01,2024-12-07,-98.5,7.8,6,72.9,2.83
5872-OEQNH,CELL_301C,2024-12-01,2024-12-07,-86.5,14.3,1,32.1,0.19
5875-YPQFJ,CELL_101A,2024-12-01,2024-12-07,-89.7,14.6,1,36.7,0.35
5876-HZVZM,CELL_301C,2024-12-01,2024-12-07,-90.8,15.5,0,34.0,0.25
5876-QMYLD,CELL_411A,2024-12-01,2024-12-07,-89.1,15.5,1,49.6,0.32
5879-HMFFH,CELL_101A,2024-12-01,2024-12-07,-89.0,13.8,0,45.2,0.15
5879-SESNB,CELL_234A,2024-12-01,2024-12-07,-96.1,15.8,1,46.7,0.21
5882-CMAZQ,CELL_245B,2024-12-01,2024-12-07,-89.6,15.7,1,49.4,0.11
5883-GTGVD,CELL_112B,2024-12-01,2024-12-07,-93.1,11.8,0,31.1,0.12
5884-FBCTL,CELL_112B,2024-12-01,2024-12-07,-96.6,5.2,3,80.0,2.26
5884-GCYMI,CELL_889D,2024-12-01,2024-12-07,-106.9,4.5,10,87.1,3.08
5886-VLQVU,CELL_234A,2024-12-01,2024-12-07,-89.6,15.0,1,50.0,0.47
5887-IKKYO,CELL_234A,2024-12-01,2024-12-07,-91.6,13.8,0,55.1,0.51
5889-JTMUL,CELL_411A,2024-12-01,2024-12-07,-93.7,16.6,1,50.9,0.57
5889-LFOLL,CELL_134C,2024-12-01,2024-12-07,-93.4,12.5,1,32.6,0.59
5893-KCLGT,CELL_101A,2024-12-01,2024-12-07,-87.5,14.6,1,40.1,0.46
5893-PYOLZ,CELL_112B,2024-12-01,2024-12-07,-90.7,7.4,6,71.4,2.82
5895-QSXOD,CELL_245B,2024-12-01,2024-12-07,-110.5,6.7,13,86.3,5.7
5896-NPFWW,CELL_502B,2024-12-01,2024-12-07,-93.0,13.2,0,32.0,0.26
5897-ZYEKH,CELL_134C,2024-12-01,2024-12-07,-96.9,10.8,3,77.4,2.55
5898-IGSLP,CELL_502B,2024-12-01,2024-12-07,-100.2,7.0,5,75.8,2.02
5899-MQZZL,CELL_101A,2024-12-01,2024-12-07,-95.7,8.6,5,81.6,2.22
5899-OUVKV,CELL_889D,2024-12-01,2024-12-07,-99.1,5.3,3,72.5,2.01
5902-WBLSE,CELL_112B,2024-12-01,2024-12-07,-105.6,4.3,9,90.2,5.48
5906-BFOZT,CELL_301C,2024-12-01,2024-12-07,-96.3,5.1,4,81.7,2.89
5906-CVLHP,CELL_502B,2024-12-01,2024-12-07,-90.9,13.4,0,37.7,0.44
5906-DVAPM,CELL_112B,2024-12-01,2024-12-07,-87.4,14.1,0,53.9,0.49
5908-QMGOE,CELL_112B,2024-12-01,2024-12-07,-86.2,12.5,0,36.1,0.48
5909-ECHUI,CELL_245B,2024-12-01,2024-12-07,-96.8,6.0,4,70.0,2.96
5913-INRQV,CELL_134C,2024-12-01,2024-12-07,-94.2,12.6,1,41.6,0.48
5914-DVBWJ,CELL_502B,2024-12-01,2024-12-07,-94.5,15.4,1,48.6,0.41
5914-GXMDA,CELL_301C,2024-12-01,2024-12-07,-89.4,17.1,0,46.6,0.52
5914-XRFQB,CELL_778C,2024-12-01,2024-12-07,-102.6,4.3,4,84.6,2.56
5915-ANOEI,CELL_778C,2024-12-01,2024-12-07,-88.7,14.8,0,39.5,0.41
5915-DGNVC,CELL_234A,2024-12-01,2024-12-07,-109.2,3.1,12,85.9,3.73
5916-QEWPT,CELL_134C,2024-12-01,2024-12-07,-91.5,15.4,0,48.8,0.5
5917-HBSDW,CELL_301C,2024-12-01,2024-12-07,-107.6,4.9,8,89.3,3.22
5917-RYRMG,CELL_134C,2024-12-01,2024-12-07,-101.9,3.4,12,92.5,3.44
5918-VUKWP,CELL_245B,2024-12-01,2024-12-07,-87.8,16.6,1,31.7,0.34
5919-TMRGD,CELL_778C,2024-12-01,2024-12-07,-85.8,17.1,0,56.9,0.33
5919-VCZYM,CELL_134C,2024-12-01,2024-12-07,-98.4,8.2,3,80.0,2.28
5921-NGYRH,CELL_889D,2024-12-01,2024-12-07,-99.5,5.5,5,80.9,1.82
5922-ABDVO,CELL_889D,2024-12-01,2024-12-07,-93.8,15.6,1,54.1,0.24
5923-GXUOC,CELL_245B,2024-12-01,2024-12-07,-93.8,18.5,0,51.5,0.25
5924-IFQTT,CELL_101A,2024-12-01,2024-12-07,-100.1,6.6,5,75.1,2.69
5924-SNGKP,CELL_411A,2024-12-01,2024-12-07,-87.9,13.3,0,58.9,0.23
5928-QLDHB,CELL_411A,2024-12-01,2024-12-07,-93.7,12.6,0,35.3,0.59
5930-GBIWP,CELL_301C,2024-12-01,2024-12-07,-111.3,4.6,13,96.6,3.56
5931-FLJJF,CELL_101A,2024-12-01,2024-12-07,-89.9,12.2,0,41.8,0.49
5934-RMPOV,CELL_778C,2024-12-01,2024-12-07,-106.8,4.3,14,85.5,4.28
5934-TSSAU,CELL_411A,2024-12-01,2024-12-07,-88.3,17.0,1,51.0,0.6
5935-FCCNB,CELL_245B,2024-12-01,2024-12-07,-89.5,14.4,0,47.5,0.29
5937-EORGB,CELL_411A,2024-12-01,2024-12-07,-90.1,12.7,0,56.0,0.39
5939-SXWHM,CELL_301C,2024-12-01,2024-12-07,-89.7,16.3,0,40.4,0.31
5939-XAIXZ,CELL_112B,2024-12-01,2024-12-07,-108.6,4.6,9,94.1,4.24
5940-AHUHD,CELL_411A,2024-12-01,2024-12-07,-92.5,14.1,0,45.6,0.52
5940-NFXKV,CELL_112B,2024-12-01,2024-12-07,-88.9,14.5,0,45.2,0.11
5944-UGLLK,CELL_245B,2024-12-01,2024-12-07,-106.8,3.7,14,88.6,5.92
5945-AZYHT,CELL_245B,2024-12-01,2024-12-07,-97.5,10.9,5,72.9,2.81
5947-SGKCL,CELL_245B,2024-12-01,2024-12-07,-96.8,9.9,5,80.0,1.86
5948-UJZLF,CELL_101A,2024-12-01,2024-12-07,-90.7,13.1,0,36.4,0.15
5949-EBSQK,CELL_101A,2024-12-01,2024-12-07,-86.8,16.9,1,56.2,0.15
5949-HGVJL,CELL_411A,2024-12-01,2024-12-07,-113.1,4.3,12,95.5,4.83
5949-XIKAE,CELL_301C,2024-12-01,2024-12-07,-89.0,13.6,0,58.8,0.33
5950-AAAGJ,CELL_778C,2024-12-01,2024-12-07,-94.4,19.4,1,55.5,0.44
5951-AOFIH,CELL_245B,2024-12-01,2024-12-07,-93.2,14.7,0,49.8,0.26
5954-BDFSG,CELL_134C,2024-12-01,2024-12-07,-100.3,7.9,5,82.0,2.59
5955-EPOAZ,CELL_889D,2024-12-01,2024-12-07,-88.1,13.0,0,37.3,0.19
5955-ERIHD,CELL_245B,2024-12-01,2024-12-07,-98.1,9.1,3,70.2,2.03
5956-VKDTT,CELL_778C,2024-12-01,2024-12-07,-88.0,15.0,0,36.7,0.33
5956-YHHRX,CELL_234A,2024-12-01,2024-12-07,-87.4,11.3,0,46.1,0.22
5959-BELXA,CELL_234A,2024-12-01,2024-12-07,-90.8,13.5,1,52.5,0.5
5960-MVTUK,CELL_245B,2024-12-01,2024-12-07,-101.1,3.7,10,90.1,5.1
5960-WPXQM,CELL_502B,2024-12-01,2024-12-07,-89.2,14.0,0,33.6,0.45
5961-VUSRV,CELL_502B,2024-12-01,2024-12-07,-88.7,18.6,0,47.7,0.43
5965-GGPRW,CELL_301C,2024-12-01,2024-12-07,-89.9,14.1,1,30.1,0.23
5966-EMAZU,CELL_112B,2024-12-01,2024-12-07,-97.4,9.4,4,81.2,2.09
5968-HYJRZ,CELL_112B,2024-12-01,2024-12-07,-101.0,7.2,5,75.1,1.75
5968-VXZLG,CELL_112B,2024-12-01,2024-12-07,-87.2,11.5,0,38.3,0.27
5968-XQIVE,CELL_101A,2024-12-01,2024-12-07,-106.1,4.1,5,74.8,1.93
5970-GHJAW,CELL_234A,2024-12-01,2024-12-07,-88.9,13.9,1,33.0,0.5
5973-EJGDP,CELL_301C,2024-12-01,2024-12-07,-86.9,15.3,1,44.6,0.5
5975-BAICR,CELL_112B,2024-12-01,2024-12-07,-87.2,16.3,1,35.0,0.48
5976-JCJRH,CELL_245B,2024-12-01,2024-12-07,-92.7,14.2,1,59.1,0.39
5977-CKHON,CELL_134C,2024-12-01,2024-12-07,-101.8,3.2,14,90.1,3.1
5980-BDHPY,CELL_245B,2024-12-01,2024-12-07,-111.5,4.7,9,93.6,4.5
5980-NOPLP,CELL_245B,2024-12-01,2024-12-07,-86.1,17.2,0,38.5,0.25
5981-ITEMU,CELL_245B,2024-12-01,2024-12-07,-88.0,13.7,1,46.6,0.39
5981-ZVXOT,CELL_134C,2024-12-01,2024-12-07,-87.0,12.2,1,31.9,0.12
5982-FPVQN,CELL_778C,2024-12-01,2024-12-07,-87.1,15.3,1,50.4,0.57
5982-PSMKW,CELL_301C,2024-12-01,2024-12-07,-92.1,13.4,1,34.5,0.19
5982-XMDEX,CELL_502B,2024-12-01,2024-12-07,-92.7,13.7,1,46.7,0.27
5985-BEHZK,CELL_112B,2024-12-01,2024-12-07,-93.9,13.1,1,56.6,0.44
5985-TBABQ,CELL_101A,2024-12-01,2024-12-07,-91.7,11.8,1,32.3,0.38
5986-WWXDV,CELL_245B,2024-12-01,2024-12-07,-93.6,16.2,0,37.9,0.18
5989-AXPUC,CELL_234A,2024-12-01,2024-12-07,-88.7,17.9,0,46.6,0.29
5989-OMNJE,CELL_502B,2024-12-01,2024-12-07,-94.5,15.2,1,42.9,0.15
5989-PGKJB,CELL_134C,2024-12-01,2024-12-07,-99.9,9.2,3,72.3,2.45
5993-BQHEA,CELL_245B,2024-12-01,2024-12-07,-99.0,11.5,6,73.7,2.92
5993-JSUWV,CELL_234A,2024-12-01,2024-12-07,-89.2,15.2,0,55.7,0.47
5995-LFTLE,CELL_234A,2024-12-01,2024-12-07,-108.6,4.8,10,88.2,4.72
5995-OIGLP,CELL_411A,2024-12-01,2024-12-07,-106.1,5.1,13,89.7,3.06
5995-SNNEW,CELL_101A,2024-12-01,2024-12-07,-85.7,15.4,1,42.7,0.14
5995-WWKKG,CELL_245B,2024-12-01,2024-12-07,-91.5,14.2,1,39.0,0.21
5996-DAOQL,CELL_245B,2024-12-01,2024-12-07,-96.2,17.7,0,48.0,0.52
5996-EBTKM,CELL_778C,2024-12-01,2024-12-07,-107.2,5.5,14,88.5,4.63
5996-NRVXR,CELL_112B,2024-12-01,2024-12-07,-91.8,17.0,1,54.7,0.18
5997-OPVFA,CELL_134C,2024-12-01,2024-12-07,-96.4,8.3,3,77.4,1.95
5998-DZLYR,CELL_889D,2024-12-01,2024-12-07,-90.9,16.9,0,46.1,0.2
5998-VVEJY,CELL_101A,2024-12-01,2024-12-07,-109.7,3.5,11,85.4,3.4
5999-LCXAO,CELL_234A,2024-12-01,2024-12-07,-85.7,17.4,1,57.7,0.25
6000-APYLU,CELL_301C,2024-12-01,2024-12-07,-100.0,10.0,3,73.9,2.87
6000-UKLWI,CELL_778C,2024-12-01,2024-12-07,-108.0,4.0,11,94.7,4.03
6005-OBZPH,CELL_889D,2024-12-01,2024-12-07,-98.5,8.4,6,84.5,2.33
6007-TCTST,CELL_778C,2024-12-01,2024-12-07,-96.0,15.1,1,31.4,0.39
6008-NAIXK,CELL_301C,2024-12-01,2024-12-07,-99.3,5.8,3,83.4,2.91
6010-DDPPW,CELL_245B,2024-12-01,2024-12-07,-91.6,15.3,0,58.6,0.47
6013-BHCAW,CELL_778C,2024-12-01,2024-12-07,-86.7,16.6,1,58.6,0.47
6015-VVHHE,CELL_112B,2024-12-01,2024-12-07,-104.3,9.8,4,70.3,2.12
6016-LVTJQ,CELL_411A,2024-12-01,2024-12-07,-103.3,6.7,3,82.4,1.5
6016-NXBNJ,CELL_245B,2024-12-01,2024-12-07,-91.6,16.5,0,34.3,0.5
6017-PPLPX,CELL_112B,2024-12-01,2024-12-07,-94.8,6.7,5,82.5,1.76
6022-KOUQO,CELL_502B,2024-12-01,2024-12-07,-86.1,11.7,0,33.3,0.15
6022-UGGSO,CELL_112B,2024-12-01,2024-12-07,-99.3,9.0,3,70.5,2.97
6023-GSSXW,CELL_411A,2024-12-01,2024-12-07,-90.6,14.7,0,48.7,0.37
6023-YEBUP,CELL_112B,2024-12-01,2024-12-07,-88.3,12.6,0,54.0,0.3
6024-RUGGH,CELL_112B,2024-12-01,2024-12-07,-91.0,14.3,0,48.6,0.46
6029-CSMJE,CELL_502B,2024-12-01,2024-12-07,-89.8,10.5,0,43.9,0.51
6029-WTIPC,CELL_134C,2024-12-01,2024-12-07,-90.3,18.6,1,54.6,0.53
6030-REHUX,CELL_245B,2024-12-01,2024-12-07,-107.4,4.3,13,91.6,5.34
6032-IGALN,CELL_245B,2024-12-01,2024-12-07,-110.3,1.9,12,95.0,5.91
6032-KRXXO,CELL_778C,2024-12-01,2024-12-07,-110.9,5.1,9,87.3,4.27
6034-YMTOB,CELL_134C,2024-12-01,2024-12-07,-85.7,18.2,0,48.7,0.22
6034-ZRYCV,CELL_134C,2024-12-01,2024-12-07,-95.7,6.0,4,79.8,1.58
6035-BXTTY,CELL_101A,2024-12-01,2024-12-07,-107.8,4.4,11,94.6,5.34
6035-RIIOM,CELL_889D,2024-12-01,2024-12-07,-86.8,14.7,1,49.5,0.39
6036-TTFYU,CELL_411A,2024-12-01,2024-12-07,-88.8,12.6,0,32.9,0.55
6038-GCYEC,CELL_134C,2024-12-01,2024-12-07,-84.5,16.8,0,55.5,0.59
6040-CGACY,CELL_134C,2024-12-01,2024-12-07,-91.0,15.4,1,46.9,0.56
6047-SUHPR,CELL_411A,2024-12-01,2024-12-07,-91.9,17.9,0,41.9,0.45
6047-YHPVI,CELL_889D,2024-12-01,2024-12-07,-89.0,15.8,1,30.4,0.55
6048-NJXHX,CELL_134C,2024-12-01,2024-12-07,-111.6,4.1,13,96.0,4.71
6048-QBXKL,CELL_245B,2024-12-01,2024-12-07,-104.6,9.0,3,80.1,1.51
6048-UWKAL,CELL_112B,2024-12-01,2024-12-07,-95.3,9.0,6,81.0,2.6
6050-FFXES,CELL_101A,2024-12-01,2024-12-07,-101.2,7.0,6,84.5,1.77
6050-IJRHS,CELL_234A,2024-12-01,2024-12-07,-104.7,8.9,6,84.6,2.4
6051-PTVNS,CELL_134C,2024-12-01,2024-12-07,-108.1,1.6,12,89.2,4.17
6060-DRTNL,CELL_112B,2024-12-01,2024-12-07,-88.9,12.9,0,51.6,0.14
6060-QBMGV,CELL_245B,2024-12-01,2024-12-07,-86.5,17.7,0,41.2,0.54
6061-GWWAV,CELL_245B,2024-12-01,2024-12-07,-104.3,9.2,5,84.5,2.63
6061-PQHMK,CELL_502B,2024-12-01,2024-12-07,-101.8,6.1,3,78.3,1.92
6064-PUPMC,CELL_411A,2024-12-01,2024-12-07,-107.6,5.8,11,92.9,5.01
6064-ZATLR,CELL_101A,2024-12-01,2024-12-07,-108.1,9.5,5,73.5,1.66
6067-NGCEU,CELL_101A,2024-12-01,2024-12-07,-107.2,1.4,12,94.2,5.46
6072-NUQCB,CELL_234A,2024-12-01,2024-12-07,-109.5,2.4,14,93.3,3.35
6075-QMNRR,CELL_778C,2024-12-01,2024-12-07,-92.3,16.1,0,52.2,0.24
6075-SLNIL,CELL_301C,2024-12-01,2024-12-07,-104.9,7.0,4,81.5,2.07
6077-BDPXA,CELL_245B,2024-12-01,2024-12-07,-101.4,6.1,6,83.7,2.04
6078-VESFR,CELL_778C,2024-12-01,2024-12-07,-105.8,5.2,12,87.8,4.45
6080-LNESI,CELL_778C,2024-12-01,2024-12-07,-93.1,7.3,4,75.9,2.77
6080-TCMYC,CELL_234A,2024-12-01,2024-12-07,-92.0,13.2,1,51.7,0.57
6082-GLJIX,CELL_134C,2024-12-01,2024-12-07,-84.2,14.1,0,42.0,0.35
6082-OQFBA,CELL_301C,2024-12-01,2024-12-07,-87.9,15.5,0,43.1,0.59
6086-ESGRL,CELL_134C,2024-12-01,2024-12-07,-92.3,17.2,0,59.1,0.37
6087-MVHJH,CELL_301C,2024-12-01,2024-12-07,-114.0,3.3,11,91.1,5.07
6087-YPWHO,CELL_301C,2024-12-01,2024-12-07,-91.0,14.9,0,41.9,0.38
6088-BXMRG,CELL_112B,2024-12-01,2024-12-07,-91.5,11.5,0,38.8,0.34
6092-QZVPP,CELL_502B,2024-12-01,2024-12-07,-89.9,15.3,0,35.9,0.28
6094-ZIVKX,CELL_112B,2024-12-01,2024-12-07,-98.3,7.7,4,81.7,1.57
6096-EGVTU,CELL_234A,2024-12-01,2024-12-07,-99.8,11.9,4,85.0,2.66
6097-EQISJ,CELL_889D,2024-12-01,2024-12-07,-90.4,9.9,1,41.0,0.4
6100-FJZDG,CELL_411A,2024-12-01,2024-12-07,-97.7,5.5,3,77.8,2.98
6100-QQHEB,CELL_889D,2024-12-01,2024-12-07,-94.0,15.2,1,46.2,0.36
6101-IMRMM,CELL_301C,2024-12-01,2024-12-07,-112.4,3.4,8,94.5,4.67
6103-BOCOU,CELL_245B,2024-12-01,2024-12-07,-105.0,7.5,10,88.8,5.42
6103-LIANB,CELL_778C,2024-12-01,2024-12-07,-89.1,14.2,1,55.1,0.55
6103-QCKFX,CELL_778C,2024-12-01,2024-12-07,-109.5,4.1,9,92.6,4.87
6108-OQZDQ,CELL_101A,2024-12-01,2024-12-07,-103.4,6.4,3,77.0,2.83
6110-OHIHY,CELL_234A,2024-12-01,2024-12-07,-101.6,7.0,6,80.8,2.06
6112-KTHFQ,CELL_112B,2024-12-01,2024-12-07,-85.1,17.4,1,47.1,0.15
6114-TCFID,CELL_889D,2024-12-01,2024-12-07,-91.7,17.3,1,39.3,0.34
6115-ZTBFQ,CELL_301C,2024-12-01,2024-12-07,-91.6,11.9,1,39.7,0.25
6116-RFVHN,CELL_234A,2024-12-01,2024-12-07,-92.4,18.3,1,54.8,0.21
6119-SPUDB,CELL_134C,2024-12-01,2024-12-07,-88.3,13.8,1,38.9,0.49
6120-RJKLU,CELL_411A,2024-12-01,2024-12-07,-90.7,17.2,0,37.8,0.57
6121-TNHBO,CELL_101A,2024-12-01,2024-12-07,-93.0,14.9,0,48.4,0.25
6121-VZNQB,CELL_889D,2024-12-01,2024-12-07,-88.6,15.6,0,49.2,0.24
6122-EFVKN,CELL_134C,2024-12-01,2024-12-07,-88.5,12.3,0,57.8,0.36
6122-LJADA,CELL_245B,2024-12-01,2024-12-07,-90.0,15.6,1,40.9,0.3
6124-ACRHJ,CELL_101A,2024-12-01,2024-12-07,-87.4,12.9,1,44.1,0.15
6127-ISGTU,CELL_245B,2024-12-01,2024-12-07,-92.5,14.9,1,58.7,0.31
6127-IYJOZ,CELL_245B,2024-12-01,2024-12-07,-86.5,7.4,3,76.5,2.48
6128-AQBMT,CELL_778C,2024-12-01,2024-12-07,-87.7,15.8,0,45.4,0.12
6128-CZOMY,CELL_778C,2024-12-01,2024-12-07,-89.9,8.9,6,79.9,2.6
6128-DAFVY,CELL_234A,2024-12-01,2024-12-07,-105.9,8.5,4,73.6,2.17
6131-FOYAS,CELL_889D,2024-12-01,2024-12-07,-91.7,13.6,1,53.9,0.39
6131-IUNXN,CELL_889D,2024-12-01,2024-12-07,-87.8,13.9,0,41.7,0.12
6131-JLWZM,CELL_778C,2024-12-01,2024-12-07,-111.2,4.0,8,94.8,4.33
6133-OZILE,CELL_234A,2024-12-01,2024-12-07,-88.9,14.2,1,33.0,0.57
6134-KWTBV,CELL_234A,2024-12-01,2024-12-07,-88.1,16.3,1,57.1,0.34
6135-OZQVA,CELL_778C,2024-12-01,2024-12-07,-87.1,13.0,0,40.9,0.56
6137-MFAJN,CELL_411A,2024-12-01,2024-12-07,-87.5,14.9,0,44.7,0.14
6137-NICCO,CELL_301C,2024-12-01,2024-12-07,-88.0,15.9,0,40.4,0.21
6139-ZZRBQ,CELL_101A,2024-12-01,2024-12-07,-87.2,12.6,1,30.0,0.57
6140-QNRQQ,CELL_411A,2024-12-01,2024-12-07,-91.4,9.8,3,75.7,1.59
6141-OOXUQ,CELL_245B,2024-12-01,2024-12-07,-84.7,13.3,1,47.5,0.19
6142-VSJQO,CELL_112B,2024-12-01,2024-12-07,-89.2,16.2,1,34.9,0.37
6143-JQKEA,CELL_134C,2024-12-01,2024-12-07,-89.1,15.2,1,48.9,0.5
6145-NNPNO,CELL_889D,2024-12-01,2024-12-07,-100.2,9.0,6,79.4,1.71
6147-CBCRA,CELL_234A,2024-12-01,2024-12-07,-93.5,18.8,0,58.6,0.17
6152-ONASV,CELL_502B,2024-12-01,2024-12-07,-91.0,12.4,0,47.0,0.23
6156-UZDLF,CELL_889D,2024-12-01,2024-12-07,-85.0,15.2,0,41.8,0.32
6158-DWPZT,CELL_101A,2024-12-01,2024-12-07,-87.0,17.5,1,53.1,0.24
6158-HDPXZ,CELL_301C,2024-12-01,2024-12-07,-88.1,14.0,1,50.6,0.47
6161-ERDGD,CELL_101A,2024-12-01,2024-12-07,-109.7,5.9,13,96.7,3.26
6161-UUUTA,CELL_101A,2024-12-01,2024-12-07,-88.3,15.9,0,44.2,0.42
6164-HAQTX,CELL_502B,2024-12-01,2024-12-07,-107.6,5.3,14,91.5,4.0
6164-HXUGH,CELL_889D,2024-12-01,2024-12-07,-90.2,14.1,0,41.2,0.38
6166-ILMNY,CELL_889D,2024-12-01,2024-12-07,-90.9,17.8,0,45.6,0.58
6166-YIPFO,CELL_245B,2024-12-01,2024-12-07,-105.1,2.8,13,95.4,3.89
6168-WFVVF,CELL_889D,2024-12-01,2024-12-07,-89.9,13.2,1,41.2,0.21
6168-YBYNP,CELL_245B,2024-12-01,2024-12-07,-90.3,17.5,1,50.4,0.59
6169-PGNCD,CELL_889D,2024-12-01,2024-12-07,-89.6,15.5,0,38.2,0.53
6169-PPETC,CELL_502B,2024-12-01,2024-12-07,-110.0,3.7,12,93.3,5.14
6171-ZTVYB,CELL_778C,2024-12-01,2024-12-07,-85.1,14.0,1,54.1,0.28
6172-FECYY,CELL_889D,2024-12-01,2024-12-07,-90.5,19.3,1,54.0,0.22
6173-GOLSU,CELL_778C,2024-12-01,2024-12-07,-87.5,14.9,1,51.6,0.33
6173-ITPWD,CELL_778C,2024-12-01,2024-12-07,-83.7,12.7,0,47.6,0.33
6174-NRBTZ,CELL_245B,2024-12-01,2024-12-07,-93.9,13.9,1,35.0,0.56
6175-IRFIT,CELL_889D,2024-12-01,2024-12-07,-84.8,14.3,1,57.6,0.18
6176-YJWAS,CELL_301C,2024-12-01,2024-12-07,-87.7,14.1,0,58.2,0.46
6177-PEVRA,CELL_889D,2024-12-01,2024-12-07,-108.5,3.1,12,90.8,5.54
6178-KFNHS,CELL_245B,2024-12-01,2024-12-07,-87.8,14.4,1,42.7,0.15
6179-GJPSO,CELL_502B,2024-12-01,2024-12-07,-104.0,7.1,3,76.7,2.87
6180-YBIQI,CELL_112B,2024-12-01,2024-12-07,-87.7,3.6,5,85.0,1.88
6181-AXXYF,CELL_778C,2024-12-01,2024-12-07,-90.2,15.3,1,47.9,0.4
6184-DYUOB,CELL_889D,2024-12-01,2024-12-07,-85.5,16.5,1,37.1,0.38
6185-TASNN,CELL_301C,2024-12-01,2024-12-07,-92.4,10.5,0,32.5,0.29
6188-UXBBR,CELL_778C,2024-12-01,2024-12-07,-99.9,6.5,3,77.5,2.57
6194-HBGQN,CELL_778C,2024-12-01,2024-12-07,-99.3,8.1,6,82.0,2.89
6195-MELTI,CELL_301C,2024-12-01,2024-12-07,-89.6,14.9,1,47.6,0.49
6196-HBOBZ,CELL_778C,2024-12-01,2024-12-07,-112.3,3.7,14,95.0,3.24
6198-PNNSZ,CELL_889D,2024-12-01,2024-12-07,-110.1,8.0,5,72.0,2.92
6198-RTPMF,CELL_134C,2024-12-01,2024-12-07,-91.1,13.2,1,39.2,0.21
6198-ZFIOJ,CELL_502B,2024-12-01,2024-12-07,-88.6,12.9,1,51.7,0.46
6199-IPCAO,CELL_234A,2024-12-01,2024-12-07,-93.0,14.6,0,59.1,0.27
6199-IWKGC,CELL_301C,2024-12-01,2024-12-07,-96.9,4.9,4,74.1,2.43
6202-DYYFX,CELL_301C,2024-12-01,2024-12-07,-87.9,15.5,0,35.0,0.6
6202-JVYEU,CELL_301C,2024-12-01,2024-12-07,-85.5,13.5,0,38.6,0.13
6203-HBZPA,CELL_134C,2024-12-01,2024-12-07,-89.7,15.8,0,44.7,0.36
6204-IEUXJ,CELL_101A,2024-12-01,2024-12-07,-91.4,12.2,1,47.0,0.36
6207-WIOLX,CELL_234A,2024-12-01,2024-12-07,-90.1,12.2,1,49.2,0.27
6210-KBBPI,CELL_301C,2024-12-01,2024-12-07,-114.3,3.6,10,94.2,5.71
6211-WHMYA,CELL_889D,2024-12-01,2024-12-07,-89.7,14.9,0,57.7,0.45
6211-WWLTF,CELL_112B,2024-12-01,2024-12-07,-92.2,13.8,0,41.7,0.29
6212-ATMLK,CELL_245B,2024-12-01,2024-12-07,-110.1,3.0,14,90.0,4.88
6214-EDAKZ,CELL_234A,2024-12-01,2024-12-07,-91.0,14.7,0,30.6,0.36
6215-NQCPY,CELL_411A,2024-12-01,2024-12-07,-94.2,10.6,0,47.3,0.36
6217-KDYWC,CELL_234A,2024-12-01,2024-12-07,-107.9,7.6,3,74.8,2.15
6217-TOWGS,CELL_245B,2024-12-01,2024-12-07,-96.8,7.9,3,81.1,2.59
6218-KNUBD,CELL_234A,2024-12-01,2024-12-07,-94.3,17.5,0,30.4,0.55
6221-AVQYL,CELL_778C,2024-12-01,2024-12-07,-112.3,3.3,14,90.4,4.08
6223-DHJGV,CELL_301C,2024-12-01,2024-12-07,-88.9,13.0,1,36.1,0.5
6227-FBDXH,CELL_245B,2024-12-01,2024-12-07,-96.6,6.7,4,74.1,2.88
6227-HWPWX,CELL_112B,2024-12-01,2024-12-07,-96.2,9.4,4,80.7,2.23
6229-LSCKB,CELL_112B,2024-12-01,2024-12-07,-104.1,6.3,8,97.2,3.13
6229-UOLQL,CELL_101A,2024-12-01,2024-12-07,-85.4,16.8,1,32.8,0.36
6230-BSUXY,CELL_234A,2024-12-01,2024-12-07,-108.2,3.8,8,94.9,5.55
6231-WFGFH,CELL_889D,2024-12-01,2024-12-07,-93.5,15.6,0,46.1,0.51
6233-HXJMX,CELL_889D,2024-12-01,2024-12-07,-87.7,13.4,0,43.0,0.16
6234-PFPXL,CELL_301C,2024-12-01,2024-12-07,-99.7,9.4,6,80.7,2.05
6234-RAAPL,CELL_502B,2024-12-01,2024-12-07,-91.9,17.1,0,59.9,0.44
6235-VDHOM,CELL_411A,2024-12-01,2024-12-07,-104.0,0.9,10,90.9,3.94
6240-EURKS,CELL_245B,2024-12-01,2024-12-07,-107.4,5.7,13,95.7,5.17
6242-FEGFD,CELL_778C,2024-12-01,2024-12-07,-101.3,10.1,6,70.2,1.88
6242-MBHPK,CELL_778C,2024-12-01,2024-12-07,-89.2,16.1,1,34.8,0.48
6242-SGYTS,CELL_245B,2024-12-01,2024-12-07,-92.8,16.3,0,59.1,0.28
6243-OZGFH,CELL_889D,2024-12-01,2024-12-07,-104.5,5.1,6,75.7,2.02
6244-BESBM,CELL_101A,2024-12-01,2024-12-07,-99.8,8.3,3,81.4,1.85
6248-BSHKG,CELL_778C,2024-12-01,2024-12-07,-89.7,15.7,0,37.1,0.46
6248-TKCQV,CELL_134C,2024-12-01,2024-12-07,-84.2,13.4,0,39.9,0.14
6250-CGGUN,CELL_101A,2024-12-01,2024-12-07,-96.0,6.0,6,78.6,2.35
6252-DFGTK,CELL_234A,2024-12-01,2024-12-07,-89.9,19.8,0,55.0,0.11
6253-GNHWH,CELL_411A,2024-12-01,2024-12-07,-92.4,11.4,1,53.1,0.59
6253-WRFHY,CELL_134C,2024-12-01,2024-12-07,-90.9,16.8,1,38.5,0.4
6257-DTAYD,CELL_101A,2024-12-01,2024-12-07,-86.2,13.6,1,34.2,0.32
6257-RJOHI,CELL_134C,2024-12-01,2024-12-07,-87.2,13.4,1,56.1,0.15
6258-NGCNG,CELL_778C,2024-12-01,2024-12-07,-101.0,8.9,4,71.6,2.16
6258-PVZWJ,CELL_301C,2024-12-01,2024-12-07,-87.3,11.5,1,58.8,0.19
6259-WJQLC,CELL_245B,2024-12-01,2024-12-07,-88.5,13.4,1,48.2,0.15
6260-ONULR,CELL_778C,2024-12-01,2024-12-07,-89.7,17.0,0,38.5,0.24
6260-XLACS,CELL_889D,2024-12-01,2024-12-07,-102.2,7.2,5,82.2,1.59
6261-LHRTG,CELL_411A,2024-12-01,2024-12-07,-97.9,7.3,3,70.5,2.96
6261-RCVNS,CELL_134C,2024-12-01,2024-12-07,-93.7,14.1,0,58.2,0.11
6265-FRMTQ,CELL_502B,2024-12-01,2024-12-07,-90.0,14.6,1,44.8,0.53
6265-SXWBU,CELL_234A,2024-12-01,2024-12-07,-109.8,2.9,8,85.1,5.93
6266-QHOJZ,CELL_889D,2024-12-01,2024-12-07,-104.1,8.7,6,82.2,2.87
6267-DCFFZ,CELL_889D,2024-12-01,2024-12-07,-104.0,7.5,3,79.8,2.33
6270-OMFIW,CELL_134C,2024-12-01,2024-12-07,-89.8,13.4,0,52.5,0.35
6275-YDUVO,CELL_411A,2024-12-01,2024-12-07,-89.5,16.8,0,34.4,0.6
6278-FEPBZ,CELL_889D,2024-12-01,2024-12-07,-87.3,18.9,0,43.0,0.21
6281-FKEWS,CELL_411A,2024-12-01,2024-12-07,-99.3,7.9,4,70.3,1.58
6283-GITPX,CELL_778C,2024-12-01,2024-12-07,-85.4,18.0,1,49.8,0.34
6284-AHOOQ,CELL_112B,2024-12-01,2024-12-07,-93.2,12.2,1,38.5,0.13
6284-KMNUF,CELL_234A,2024-12-01,2024-12-07,-89.1,16.0,1,59.1,0.31
6285-FTQBF,CELL_502B,2024-12-01,2024-12-07,-84.7,16.1,0,36.7,0.47
6286-SUUWT,CELL_234A,2024-12-01,2024-12-07,-90.6,15.6,0,38.2,0.41
6286-ZHAOK,CELL_234A,2024-12-01,2024-12-07,-97.3,6.6,4,76.3,2.08
6288-CHQJB,CELL_889D,2024-12-01,2024-12-07,-98.3,9.1,6,80.5,1.64
6288-LBEAR,CELL_889D,2024-12-01,2024-12-07,-104.6,8.4,5,82.2,2.01
6289-CPNLD,CELL_778C,2024-12-01,2024-12-07,-95.1,5.3,3,73.3,2.94
6292-TOSSS,CELL_134C,2024-12-01,2024-12-07,-90.2,17.4,1,42.9,0.44
6295-OSINB,CELL_112B,2024-12-01,2024-12-07,-106.3,2.5,14,86.7,5.14
6296-DDOOR,CELL_134C,2024-12-01,2024-12-07,-86.4,16.0,1,53.9,0.55
6297-NOOPG,CELL_301C,2024-12-01,2024-12-07,-93.6,17.0,1,37.6,0.45
6298-QDFNH,CELL_134C,2024-12-01,2024-12-07,-90.8,15.8,0,59.3,0.58
6300-BWMJX,CELL_502B,2024-12-01,2024-12-07,-103.2,4.4,5,73.8,2.67
6302-JGYRJ,CELL_245B,2024-12-01,2024-12-07,-92.6,16.7,0,50.0,0.49
6303-KFWSL,CELL_234A,2024-12-01,2024-12-07,-102.3,6.2,6,72.0,1.98
6304-IJFSQ,CELL_101A,2024-12-01,2024-12-07,-88.6,12.6,0,56.4,0.27
6305-YLBMM,CELL_502B,2024-12-01,2024-12-07,-102.7,9.4,5,72.9,2.57
6308-CQRBU,CELL_778C,2024-12-01,2024-12-07,-86.3,16.0,0,52.5,0.14
6311-UEUME,CELL_234A,2024-12-01,2024-12-07,-86.2,16.9,0,46.9,0.4
6313-GIDIT,CELL_502B,2024-12-01,2024-12-07,-108.8,5.7,10,92.9,4.83
6317-YPKDH,CELL_411A,2024-12-01,2024-12-07,-110.6,5.8,8,97.9,4.27
6319-IEJWJ,CELL_301C,2024-12-01,2024-12-07,-91.0,19.5,0,43.7,0.53
6319-QSUSR,CELL_101A,2024-12-01,2024-12-07,-90.2,16.4,0,42.8,0.16
6322-HRPFA,CELL_889D,2024-12-01,2024-12-07,-100.1,8.2,3,77.5,2.72
6322-PJJDJ,CELL_889D,2024-12-01,2024-12-07,-103.9,12.0,4,76.9,2.92
6323-AYBRX,CELL_101A,2024-12-01,2024-12-07,-90.1,17.4,1,32.5,0.32
6326-MTTXK,CELL_301C,2024-12-01,2024-12-07,-91.9,9.1,3,73.1,2.92
6328-ZPBGN,CELL_301C,2024-12-01,2024-12-07,-89.4,16.0,1,53.1,0.15
6330-JKLPC,CELL_245B,2024-12-01,2024-12-07,-89.0,17.9,1,42.7,0.44
6331-EWIEB,CELL_778C,2024-12-01,2024-12-07,-104.8,5.0,13,91.4,3.66
6331-LWDTQ,CELL_411A,2024-12-01,2024-12-07,-102.3,8.0,4,71.6,2.95
6332-FBZRI,CELL_245B,2024-12-01,2024-12-07,-110.1,3.0,9,98.0,3.83
6333-YDVLT,CELL_101A,2024-12-01,2024-12-07,-98.4,10.8,6,75.7,2.24
6338-AVWCY,CELL_112B,2024-12-01,2024-12-07,-88.9,11.7,1,53.2,0.1
6339-DKLMK,CELL_134C,2024-12-01,2024-12-07,-94.8,15.1,1,43.8,0.25
6339-RZCBJ,CELL_301C,2024-12-01,2024-12-07,-85.6,17.0,1,58.2,0.22
6339-TBELP,CELL_112B,2024-12-01,2024-12-07,-83.3,15.1,0,36.9,0.24
6339-YPSAH,CELL_301C,2024-12-01,2024-12-07,-100.1,12.4,6,75.3,2.1
6340-DACFT,CELL_411A,2024-12-01,2024-12-07,-102.4,8.8,3,84.5,1.85
6341-AEVKX,CELL_411A,2024-12-01,2024-12-07,-93.3,17.1,0,30.8,0.46
6341-JVQGF,CELL_234A,2024-12-01,2024-12-07,-97.3,5.7,3,84.1,2.93
6344-SFJVH,CELL_134C,2024-12-01,2024-12-07,-91.0,16.1,1,52.0,0.14
6345-FZOQH,CELL_502B,2024-12-01,2024-12-07,-92.0,13.0,0,36.0,0.21
6345-HOVES,CELL_778C,2024-12-01,2024-12-07,-97.1,5.4,5,80.2,2.77
6345-ULYRW,CELL_101A,2024-12-01,2024-12-07,-87.9,13.4,1,57.4,0.49
6347-DCUIK,CELL_889D,2024-12-01,2024-12-07,-90.1,18.5,0,42.1,0.34
6348-SNFUS,CELL_134C,2024-12-01,2024-12-07,-94.0,13.2,0,40.6,0.39
6349-JDHQP,CELL_778C,2024-12-01,2024-12-07,-94.6,13.2,0,37.6,0.31
6350-XFYGW,CELL_234A,2024-12-01,2024-12-07,-108.3,5.4,10,95.5,5.05
6351-SCJKT,CELL_502B,2024-12-01,2024-12-07,-88.2,15.1,0,53.6,0.54
6352-GIGGQ,CELL_101A,2024-12-01,2024-12-07,-106.7,4.4,14,85.6,4.23
6352-TWCAU,CELL_889D,2024-12-01,2024-12-07,-103.3,7.2,3,80.7,2.6
6353-BRMMA,CELL_411A,2024-12-01,2024-12-07,-87.0,10.8,1,33.5,0.21
6356-ELRKD,CELL_502B,2024-12-01,2024-12-07,-108.0,6.1,10,96.8,5.74
6357-JJPQT,CELL_112B,2024-12-01,2024-12-07,-110.4,2.7,13,91.7,3.19
6358-LYNGM,CELL_778C,2024-12-01,2024-12-07,-91.3,13.4,1,54.8,0.27
6360-SVNWV,CELL_502B,2024-12-01,2024-12-07,-108.7,3.2,13,91.1,3.47
6362-QHAFM,CELL_245B,2024-12-01,2024-12-07,-94.5,14.6,0,47.3,0.42
6365-HITVU,CELL_245B,2024-12-01,2024-12-07,-112.0,4.1,14,96.3,5.01
6365-MTGZX,CELL_101A,2024-12-01,2024-12-07,-89.1,13.6,1,40.1,0.13
6366-XIVKZ,CELL_889D,2024-12-01,2024-12-07,-93.4,14.4,1,41.9,0.26
6366-ZGQGL,CELL_502B,2024-12-01,2024-12-07,-89.6,15.2,0,57.0,0.17
6368-NWMCE,CELL_134C,2024-12-01,2024-12-07,-83.3,15.2,0,59.5,0.1
6368-TZZDT,CELL_101A,2024-12-01,2024-12-07,-94.6,9.5,6,82.8,2.12
6369-MCAKO,CELL_502B,2024-12-01,2024-12-07,-95.8,10.3,6,70.1,1.52
6370-ZVHDV,CELL_101A,2024-12-01,2024-12-07,-96.7,18.1,1,55.0,0.15
6371-NZYEG,CELL_234A,2024-12-01,2024-12-07,-90.0,14.1,1,57.1,0.35
6372-RFVNS,CELL_301C,2024-12-01,2024-12-07,-103.3,3.5,10,88.2,5.75
6374-AFWOX,CELL_778C,2024-12-01,2024-12-07,-97.4,13.5,0,38.8,0.23
6374-NTQLP,CELL_502B,2024-12-01,2024-12-07,-106.7,4.2,8,94.7,3.61
6376-GAHQE,CELL_134C,2024-12-01,2024-12-07,-88.1,13.1,1,39.7,0.52
6377-KSLXC,CELL_411A,2024-12-01,2024-12-07,-90.3,16.8,1,43.4,0.15
6377-WHAOX,CELL_301C,2024-12-01,2024-12-07,-99.5,7.6,6,77.8,2.53
6379-RXJRQ,CELL_301C,2024-12-01,2024-12-07,-107.7,5.3,12,92.1,3.17
6380-ARCEH,CELL_245B,2024-12-01,2024-12-07,-92.9,14.2,0,32.8,0.34
6383-ZTSIW,CELL_301C,2024-12-01,2024-12-07,-83.7,14.0,0,47.9,0.12
6384-VMJHP,CELL_301C,2024-12-01,2024-12-07,-89.9,5.6,4,80.3,2.39
6386-SZZKH,CELL_234A,2024-12-01,2024-12-07,-91.9,15.9,0,59.8,0.15
6388-TABGU,CELL_411A,2024-12-01,2024-12-07,-85.8,20.0,0,53.4,0.3
6390-DSAZX,CELL_889D,2024-12-01,2024-12-07,-93.8,5.7,4,82.4,1.66
6393-WRYZE,CELL_134C,2024-12-01,2024-12-07,-94.2,14.7,0,32.9,0.59
6394-HHHZM,CELL_889D,2024-12-01,2024-12-07,-89.0,16.9,0,54.0,0.37
6394-MFYNG,CELL_245B,2024-12-01,2024-12-07,-90.3,12.6,1,42.4,0.38
6397-JNZZG,CELL_101A,2024-12-01,2024-12-07,-96.8,4.9,3,72.6,1.66
6400-BWQKW,CELL_411A,2024-12-01,2024-12-07,-88.8,9.5,5,79.4,2.18
6402-EJMWF,CELL_301C,2024-12-01,2024-12-07,-91.5,13.1,0,31.1,0.43
6402-SSEJG,CELL_778C,2024-12-01,2024-12-07,-85.8,12.7,0,43.1,0.4
6402-ZFPPI,CELL_134C,2024-12-01,2024-12-07,-86.4,17.1,1,42.5,0.27
6407-GSJNL,CELL_134C,2024-12-01,2024-12-07,-90.0,7.3,4,80.3,2.27
6407-UTSLV,CELL_112B,2024-12-01,2024-12-07,-106.4,6.0,10,91.3,3.33
6408-OTUBZ,CELL_778C,2024-12-01,2024-12-07,-106.9,5.0,12,93.5,3.89
6408-WHTEF,CELL_301C,2024-12-01,2024-12-07,-92.3,16.6,1,30.1,0.16
6410-LEFEN,CELL_889D,2024-12-01,2024-12-07,-106.2,4.1,8,93.6,5.78
6413-XKKPU,CELL_411A,2024-12-01,2024-12-07,-102.1,10.2,6,77.0,2.59
6416-JNVRK,CELL_101A,2024-12-01,2024-12-07,-109.3,5.2,11,95.2,4.23
6416-TVAIH,CELL_778C,2024-12-01,2024-12-07,-105.3,6.4,11,87.9,3.76
6416-YJTTB,CELL_134C,2024-12-01,2024-12-07,-89.2,13.0,0,57.0,0.13
6418-HNFED,CELL_245B,2024-12-01,2024-12-07,-104.3,5.7,6,77.7,1.91
6418-PIQSP,CELL_245B,2024-12-01,2024-12-07,-91.3,15.9,1,50.0,0.13
6419-ZTTLE,CELL_778C,2024-12-01,2024-12-07,-105.3,4.4,14,94.2,3.75
6421-SZVEM,CELL_301C,2024-12-01,2024-12-07,-91.7,16.6,1,47.6,0.25
6424-ELEYH,CELL_411A,2024-12-01,2024-12-07,-94.1,17.8,0,36.8,0.53
6425-JWTDV,CELL_134C,2024-12-01,2024-12-07,-104.3,5.5,4,75.8,2.3
6425-YQLLO,CELL_889D,2024-12-01,2024-12-07,-94.0,17.6,1,57.0,0.22
6427-FEFIG,CELL_301C,2024-12-01,2024-12-07,-91.2,16.2,0,39.1,0.26
6429-SHBCB,CELL_502B,2024-12-01,2024-12-07,-89.7,16.0,0,36.2,0.49
6432-TWQLB,CELL_234A,2024-12-01,2024-12-07,-91.6,16.3,0,46.2,0.52
6434-TTGJP,CELL_234A,2024-12-01,2024-12-07,-89.6,13.7,1,38.7,0.3
6435-SRWBJ,CELL_301C,2024-12-01,2024-12-07,-90.6,17.4,1,52.9,0.46
6435-VWCCY,CELL_889D,2024-12-01,2024-12-07,-110.0,5.2,10,93.4,3.24
6437-UDQJM,CELL_889D,2024-12-01,2024-12-07,-106.5,3.7,10,85.0,3.33
6437-UKHMV,CELL_112B,2024-12-01,2024-12-07,-92.0,14.5,1,57.4,0.48
6439-GTPCA,CELL_112B,2024-12-01,2024-12-07,-90.7,14.4,0,35.5,0.24
6439-LAJXL,CELL_234A,2024-12-01,2024-12-07,-93.1,8.2,6,83.2,2.49
6439-PKTRR,CELL_112B,2024-12-01,2024-12-07,-88.9,13.9,0,59.7,0.36
6440-DKQGE,CELL_411A,2024-12-01,2024-12-07,-87.2,13.6,0,59.0,0.53
6445-TNRXS,CELL_112B,2024-12-01,2024-12-07,-106.1,3.0,10,93.5,5.2
6447-EGDIV,CELL_889D,2024-12-01,2024-12-07,-101.5,6.7,5,75.5,1.86
6447-GORXK,CELL_778C,2024-12-01,2024-12-07,-88.6,14.7,0,30.2,0.17
6457-GIRWB,CELL_101A,2024-12-01,2024-12-07,-102.9,6.2,5,81.1,1.62
6457-USBER,CELL_889D,2024-12-01,2024-12-07,-93.2,12.4,1,47.2,0.14
6458-CYIDZ,CELL_112B,2024-12-01,2024-12-07,-106.1,2.6,8,86.6,3.21
6461-PPAXN,CELL_502B,2024-12-01,2024-12-07,-108.5,5.9,14,90.2,5.79
6461-SZMCV,CELL_889D,2024-12-01,2024-12-07,-103.4,9.6,6,74.4,1.7
6463-HHXJR,CELL_134C,2024-12-01,2024-12-07,-94.3,7.9,5,78.5,1.83
6463-MVYRY,CELL_778C,2024-12-01,2024-12-07,-89.8,12.9,0,42.1,0.54
6464-KEXXH,CELL_411A,2024-12-01,2024-12-07,-89.9,14.0,0,46.4,0.13
6465-GSRCL,CELL_112B,2024-12-01,2024-12-07,-104.0,11.2,3,72.4,2.55
6467-CHFZW,CELL_245B,2024-12-01,2024-12-07,-107.0,5.3,13,92.7,5.28
6469-MRVET,CELL_234A,2024-12-01,2024-12-07,-85.3,17.9,0,43.6,0.15
6469-QJKZW,CELL_134C,2024-12-01,2024-12-07,-87.4,12.2,1,40.8,0.31
6473-ULUHT,CELL_245B,2024-12-01,2024-12-07,-99.8,10.5,3,79.6,1.57
6474-FVJLC,CELL_411A,2024-12-01,2024-12-07,-92.0,16.4,1,30.9,0.32
6475-VHUIZ,CELL_112B,2024-12-01,2024-12-07,-101.6,11.6,4,72.5,2.76
6476-EPYZR,CELL_502B,2024-12-01,2024-12-07,-89.7,17.1,0,41.9,0.43
6476-YHMGA,CELL_245B,2024-12-01,2024-12-07,-88.6,16.1,1,44.1,0.47
6478-HRRCZ,CELL_411A,2024-12-01,2024-12-07,-91.9,14.9,1,55.7,0.58
6479-OAUSD,CELL_889D,2024-12-01,2024-12-07,-89.8,13.4,1,44.4,0.37
6479-SZPLM,CELL_134C,2024-12-01,2024-12-07,-113.3,4.6,9,87.3,3.61
6479-VDGRK,CELL_301C,2024-12-01,2024-12-07,-101.1,6.8,5,74.0,2.05
6480-YAGIY,CELL_778C,2024-12-01,2024-12-07,-99.4,7.2,3,72.9,2.96
6481-ESCNL,CELL_301C,2024-12-01,2024-12-07,-93.9,15.4,0,51.2,0.57
6481-LXPWL,CELL_411A,2024-12-01,2024-12-07,-88.0,13.1,0,45.1,0.55
6481-OGDOO,CELL_411A,2024-12-01,2024-12-07,-89.4,17.1,0,31.5,0.26
6483-OATDN,CELL_112B,2024-12-01,2024-12-07,-94.3,13.8,1,43.5,0.37
6484-LATFU,CELL_778C,2024-12-01,2024-12-07,-93.1,6.8,3,84.1,1.56
6485-QXWWE,CELL_101A,2024-12-01,2024-12-07,-100.4,11.2,4,84.1,1.97
6486-LHTMA,CELL_245B,2024-12-01,2024-12-07,-106.1,5.3,12,89.5,4.57
6490-FGZAT,CELL_301C,2024-12-01,2024-12-07,-91.2,15.3,0,38.1,0.47
6496-JDSSB,CELL_234A,2024-12-01,2024-12-07,-88.3,16.0,0,49.8,0.56
6496-SLWHQ,CELL_234A,2024-12-01,2024-12-07,-93.1,6.9,6,79.0,2.12
6497-TILVL,CELL_101A,2024-12-01,2024-12-07,-109.1,3.4,9,91.5,5.43
6500-JVEGC,CELL_245B,2024-12-01,2024-12-07,-101.0,12.1,5,76.9,2.61
6502-HCJTI,CELL_502B,2024-12-01,2024-12-07,-91.5,13.5,0,36.5,0.56
6502-KUGLL,CELL_234A,2024-12-01,2024-12-07,-107.5,1.7,9,92.9,3.24
6502-MJQAE,CELL_411A,2024-12-01,2024-12-07,-109.1,7.3,10,86.4,3.43
6504-VBLFL,CELL_101A,2024-12-01,2024-12-07,-86.2,15.6,1,50.4,0.17
6505-OZNPG,CELL_134C,2024-12-01,2024-12-07,-88.4,11.9,0,33.9,0.21
6506-EYCNH,CELL_502B,2024-12-01,2024-12-07,-101.3,7.0,4,70.1,2.47
6507-DTJZV,CELL_411A,2024-12-01,2024-12-07,-95.5,13.2,1,35.7,0.19
6507-ZJSUR,CELL_245B,2024-12-01,2024-12-07,-91.8,15.2,0,31.3,0.17
6508-NJYRO,CELL_245B,2024-12-01,2024-12-07,-89.5,13.5,1,47.8,0.48
6509-TSGWN,CELL_301C,2024-12-01,2024-12-07,-88.9,14.6,1,43.7,0.46
6510-UPNKS,CELL_112B,2024-12-01,2024-12-07,-85.8,14.4,1,58.4,0.58
6513-EECDB,CELL_301C,2024-12-01,2024-12-07,-91.1,14.1,1,43.4,0.14
6516-NKQBO,CELL_234A,2024-12-01,2024-12-07,-91.0,16.0,1,38.8,0.18
6518-KZXCB,CELL_234A,2024-12-01,2024-12-07,-108.2,2.2,9,91.0,3.54
6518-LGAOV,CELL_101A,2024-12-01,2024-12-07,-102.1,8.7,6,78.4,2.62
6518-PPLMZ,CELL_134C,2024-12-01,2024-12-07,-97.9,8.2,3,70.9,2.35
6519-CFDBX,CELL_134C,2024-12-01,2024-12-07,-109.1,4.4,11,87.4,5.24
6519-ZHPXP,CELL_502B,2024-12-01,2024-12-07,-86.9,19.6,0,49.2,0.59
6521-YYTYI,CELL_301C,2024-12-01,2024-12-07,-99.1,5.5,4,77.0,2.92
6522-OIQSX,CELL_889D,2024-12-01,2024-12-07,-86.8,14.5,0,53.7,0.14
6522-YRBXD,CELL_301C,2024-12-01,2024-12-07,-92.6,8.9,4,73.8,1.92
6527-PZFPV,CELL_778C,2024-12-01,2024-12-07,-90.8,14.0,1,50.6,0.5
6532-YLWSI,CELL_502B,2024-12-01,2024-12-07,-86.9,14.7,1,34.6,0.34
6537-OTKMY,CELL_112B,2024-12-01,2024-12-07,-91.5,15.3,1,51.3,0.21
6537-QLGEX,CELL_411A,2024-12-01,2024-12-07,-98.7,11.3,4,80.2,2.48
6538-POCHL,CELL_778C,2024-12-01,2024-12-07,-95.3,16.0,1,44.7,0.37
6542-LWGXJ,CELL_889D,2024-12-01,2024-12-07,-98.6,4.5,6,72.9,2.73
6543-CPZMK,CELL_245B,2024-12-01,2024-12-07,-95.2,10.9,6,78.4,2.71
6543-JXSOO,CELL_889D,2024-12-01,2024-12-07,-88.5,16.1,0,42.4,0.51
6543-XRMYR,CELL_245B,2024-12-01,2024-12-07,-87.6,21.0,0,43.2,0.38
6546-OPBBH,CELL_301C,2024-12-01,2024-12-07,-87.3,16.5,0,34.8,0.28
6549-BTYPG,CELL_245B,2024-12-01,2024-12-07,-103.0,5.8,5,84.6,2.46
6549-NNDYT,CELL_411A,2024-12-01,2024-12-07,-91.4,13.6,0,32.9,0.55
6549-YMFAW,CELL_112B,2024-12-01,2024-12-07,-98.9,10.7,3,74.1,2.09
6551-GNYDG,CELL_301C,2024-12-01,2024-12-07,-103.3,7.8,5,84.9,1.78
6551-VLJMV,CELL_889D,2024-12-01,2024-12-07,-103.1,9.0,3,83.3,2.98
6551-ZCOTS,CELL_134C,2024-12-01,2024-12-07,-90.2,14.5,0,55.5,0.37
6556-DBKZF,CELL_889D,2024-12-01,2024-12-07,-94.8,14.8,0,59.1,0.57
6557-BZXLQ,CELL_411A,2024-12-01,2024-12-07,-85.9,14.2,0,38.2,0.3
6559-ILWKJ,CELL_134C,2024-12-01,2024-12-07,-90.8,9.7,1,55.9,0.18
6559-PDZLR,CELL_301C,2024-12-01,2024-12-07,-117.1,1.5,8,91.7,3.69
6559-RAKOZ,CELL_245B,2024-12-01,2024-12-07,-86.7,16.2,0,43.7,0.43
6563-VNPMN,CELL_889D,2024-12-01,2024-12-07,-91.6,17.0,0,58.8,0.34
6563-VRERX,CELL_778C,2024-12-01,2024-12-07,-96.1,18.0,0,31.5,0.33
6567-HOOPW,CELL_502B,2024-12-01,2024-12-07,-106.8,3.4,14,85.7,4.58
6568-POCUI,CELL_411A,2024-12-01,2024-12-07,-90.4,14.6,1,49.7,0.6
6569-KTMDU,CELL_778C,2024-12-01,2024-12-07,-108.7,5.5,10,93.8,3.4
6572-ADKRS,CELL_502B,2024-12-01,2024-12-07,-91.4,14.6,0,30.6,0.56
6574-MCOEH,CELL_134C,2024-12-01,2024-12-07,-102.1,10.7,5,82.8,2.37
6575-SUVOI,CELL_101A,2024-12-01,2024-12-07,-97.6,16.0,1,33.0,0.23
6576-FBXOJ,CELL_411A,2024-12-01,2024-12-07,-95.1,14.4,0,59.3,0.46
6578-KRMAW,CELL_889D,2024-12-01,2024-12-07,-95.1,5.9,6,75.8,2.54
6579-JPICP,CELL_502B,2024-12-01,2024-12-07,-99.5,5.8,6,70.6,1.81
6581-NQCBA,CELL_502B,2024-12-01,2024-12-07,-110.3,6.2,11,85.9,5.61
6582-OIVSP,CELL_889D,2024-12-01,2024-12-07,-95.7,10.5,1,45.7,0.29
6582-PLFUU,CELL_889D,2024-12-01,2024-12-07,-91.2,16.6,1,45.4,0.37
6583-KQJLK,CELL_234A,2024-12-01,2024-12-07,-91.2,16.5,1,47.8,0.56
6583-QGCSI,CELL_889D,2024-12-01,2024-12-07,-104.0,6.1,5,83.6,1.75
6583-SZVGP,CELL_778C,2024-12-01,2024-12-07,-87.0,16.8,0,54.6,0.56
6584-VQMYT,CELL_778C,2024-12-01,2024-12-07,-98.9,7.9,6,75.9,3.0
6585-WCEWR,CELL_411A,2024-12-01,2024-12-07,-87.3,13.9,0,53.5,0.57
6586-MYGKD,CELL_101A,2024-12-01,2024-12-07,-96.5,9.5,6,81.4,2.64
6586-PSJOX,CELL_234A,2024-12-01,2024-12-07,-85.0,14.0,0,41.0,0.12
6591-QGOYB,CELL_778C,2024-12-01,2024-12-07,-108.1,0.5,12,96.9,5.27
6595-COKXZ,CELL_134C,2024-12-01,2024-12-07,-95.0,13.0,0,47.6,0.55
6595-YGXIT,CELL_502B,2024-12-01,2024-12-07,-95.4,7.8,5,77.9,2.47
6598-KELSS,CELL_101A,2024-12-01,2024-12-07,-83.8,16.0,1,42.8,0.26
6598-RFFVI,CELL_234A,2024-12-01,2024-12-07,-103.1,6.5,5,78.1,2.69
6599-CEBNN,CELL_234A,2024-12-01,2024-12-07,-88.2,14.8,1,56.8,0.32
6599-GZWCM,CELL_245B,2024-12-01,2024-12-07,-88.6,15.1,1,42.0,0.13
6599-RCLCJ,CELL_101A,2024-12-01,2024-12-07,-98.2,8.2,6,72.5,1.81
6599-SFQVE,CELL_112B,2024-12-01,2024-12-07,-99.4,12.3,3,73.0,1.95
6603-QWSPR,CELL_101A,2024-12-01,2024-12-07,-108.8,2.7,14,90.0,5.74
6603-YRDCJ,CELL_502B,2024-12-01,2024-12-07,-86.1,12.6,1,39.8,0.31
6608-QQLVK,CELL_134C,2024-12-01,2024-12-07,-96.9,4.5,6,78.6,2.97
6609-MXJHJ,CELL_112B,2024-12-01,2024-12-07,-105.9,3.9,10,88.3,3.84
6614-FHDBO,CELL_112B,2024-12-01,2024-12-07,-86.9,15.6,0,52.6,0.32
6614-VBEGU,CELL_112B,2024-12-01,2024-12-07,-92.3,15.4,0,49.0,0.6
6614-YOLAC,CELL_234A,2024-12-01,2024-12-07,-99.3,5.1,11,94.1,4.02
6614-YWYSC,CELL_502B,2024-12-01,2024-12-07,-100.0,6.5,4,78.2,1.94
6615-NGGZJ,CELL_889D,2024-12-01,2024-12-07,-94.5,14.9,1,46.2,0.25
6615-ZGEDR,CELL_134C,2024-12-01,2024-12-07,-88.0,14.2,1,43.6,0.29
6616-AALSR,CELL_245B,2024-12-01,2024-12-07,-93.3,16.8,0,42.9,0.11
6617-WLBQC,CELL_112B,2024-12-01,2024-12-07,-94.8,10.9,6,77.1,2.6
6618-RYATB,CELL_234A,2024-12-01,2024-12-07,-93.1,13.8,0,43.8,0.51
6619-RPLQZ,CELL_778C,2024-12-01,2024-12-07,-106.4,5.0,13,97.1,4.22
6620-HVDUJ,CELL_778C,2024-12-01,2024-12-07,-89.4,12.4,0,59.0,0.33
6620-JDYNW,CELL_234A,2024-12-01,2024-12-07,-97.4,12.4,5,84.0,2.94
6621-NRZAK,CELL_502B,2024-12-01,2024-12-07,-90.8,15.1,1,59.4,0.37
6621-YOBKI,CELL_234A,2024-12-01,2024-12-07,-102.9,6.8,3,83.0,2.74
6624-JDRDS,CELL_778C,2024-12-01,2024-12-07,-94.5,8.9,3,80.1,2.64
6625-FLENO,CELL_301C,2024-12-01,2024-12-07,-90.2,12.9,0,39.6,0.51
6625-IUTTT,CELL_411A,2024-12-01,2024-12-07,-88.6,15.4,0,45.4,0.52
6625-UTXEW,CELL_301C,2024-12-01,2024-12-07,-91.8,12.4,0,50.1,0.15
6627-CFOSN,CELL_301C,2024-12-01,2024-12-07,-90.5,16.9,0,59.2,0.41
6629-CZTTH,CELL_301C,2024-12-01,2024-12-07,-89.8,17.3,1,54.0,0.31
6629-LADHQ,CELL_101A,2024-12-01,2024-12-07,-85.9,13.6,1,45.3,0.31
6630-UJZMY,CELL_502B,2024-12-01,2024-12-07,-90.6,11.3,1,48.9,0.39
6631-HMANX,CELL_301C,2024-12-01,2024-12-07,-86.2,15.4,0,39.9,0.21
6633-MPWBS,CELL_101A,2024-12-01,2024-12-07,-92.1,14.9,1,52.0,0.35
6633-SYEUS,CELL_778C,2024-12-01,2024-12-07,-86.5,12.0,0,50.9,0.35
6635-CPNUN,CELL_112B,2024-12-01,2024-12-07,-97.1,9.7,4,78.4,1.71
6635-MYYYZ,CELL_889D,2024-12-01,2024-12-07,-90.2,16.7,1,38.4,0.56
6637-KYRCV,CELL_245B,2024-12-01,2024-12-07,-90.9,12.1,0,59.2,0.46
6641-XRPSU,CELL_245B,2024-12-01,2024-12-07,-93.4,14.5,0,39.1,0.15
6645-MXQJT,CELL_889D,2024-12-01,2024-12-07,-93.3,16.0,0,39.2,0.1
6646-JPPHA,CELL_112B,2024-12-01,2024-12-07,-110.5,3.5,8,87.6,5.47
6646-QVXLR,CELL_245B,2024-12-01,2024-12-07,-93.6,19.7,0,52.8,0.5
6646-VRFOL,CELL_778C,2024-12-01,2024-12-07,-95.1,7.3,6,76.2,2.22
6647-ZEDXT,CELL_778C,2024-12-01,2024-12-07,-95.9,9.0,6,72.8,1.59
6648-INWPS,CELL_889D,2024-12-01,2024-12-07,-86.5,15.6,0,39.7,0.21
6650-BWFRT,CELL_502B,2024-12-01,2024-12-07,-89.3,14.1,0,39.3,0.12
6650-VJONK,CELL_234A,2024-12-01,2024-12-07,-101.5,7.7,6,83.7,1.54
6651-AZVTJ,CELL_502B,2024-12-01,2024-12-07,-91.4,17.5,1,50.6,0.53
6651-RLGGM,CELL_234A,2024-12-01,2024-12-07,-96.2,7.4,4,73.3,2.61
6652-YFFJO,CELL_134C,2024-12-01,2024-12-07,-97.9,11.7,4,80.5,2.02
6653-CBBOM,CELL_411A,2024-12-01,2024-12-07,-91.2,4.6,6,82.4,2.04
6654-QGBZZ,CELL_234A,2024-12-01,2024-12-07,-97.6,8.9,3,84.6,2.5
6655-LHBYW,CELL_301C,2024-12-01,2024-12-07,-93.6,14.7,1,43.6,0.18
6656-GULJQ,CELL_245B,2024-12-01,2024-12-07,-93.0,13.7,0,35.8,0.51
6656-JWRQX,CELL_245B,2024-12-01,2024-12-07,-91.8,11.2,1,59.4,0.6
6661-EIPZC,CELL_245B,2024-12-01,2024-12-07,-86.6,10.1,1,51.8,0.39
6661-HBGWL,CELL_112B,2024-12-01,2024-12-07,-91.3,13.4,0,45.7,0.4
6663-JOCQO,CELL_301C,2024-12-01,2024-12-07,-92.5,17.5,1,35.7,0.57
6664-FPDAC,CELL_234A,2024-12-01,2024-12-07,-105.2,6.0,4,70.6,2.65
6668-CNMFP,CELL_134C,2024-12-01,2024-12-07,-92.9,14.4,0,53.0,0.12
6670-MFRPK,CELL_778C,2024-12-01,2024-12-07,-88.5,16.2,1,34.1,0.26
6671-NGWON,CELL_112B,2024-12-01,2024-12-07,-105.9,6.0,5,76.9,1.57
6674-KVJHG,CELL_234A,2024-12-01,2024-12-07,-97.2,4.7,6,73.4,2.53
6680-NENYN,CELL_411A,2024-12-01,2024-12-07,-104.3,4.6,4,71.2,2.76
6680-WKXRZ,CELL_112B,2024-12-01,2024-12-07,-91.5,16.9,0,52.0,0.2
6681-ZSEXG,CELL_301C,2024-12-01,2024-12-07,-102.8,6.4,9,92.7,3.42
6682-QJDGB,CELL_134C,2024-12-01,2024-12-07,-99.8,8.0,4,77.8,2.51
6682-VCIXC,CELL_112B,2024-12-01,2024-12-07,-89.6,13.5,0,36.4,0.11
6683-VLCTZ,CELL_112B,2024-12-01,2024-12-07,-87.4,17.7,0,47.0,0.5
6685-GBWJZ,CELL_889D,2024-12-01,2024-12-07,-89.6,13.8,0,32.7,0.23
6685-XSHHU,CELL_245B,2024-12-01,2024-12-07,-87.0,14.3,0,41.6,0.25
6686-YPGHK,CELL_234A,2024-12-01,2024-12-07,-93.8,14.1,1,48.6,0.41
6688-UZPWD,CELL_245B,2024-12-01,2024-12-07,-92.9,18.1,0,40.7,0.23
6689-KXGBO,CELL_234A,2024-12-01,2024-12-07,-104.5,10.2,6,79.0,2.06
6689-TCZHQ,CELL_411A,2024-12-01,2024-12-07,-108.8,5.9,10,87.7,5.97
6689-VRRTK,CELL_778C,2024-12-01,2024-12-07,-90.9,16.1,1,49.7,0.39
6691-CCIHA,CELL_301C,2024-12-01,2024-12-07,-90.5,14.2,0,59.4,0.14
6692-UDPJC,CELL_245B,2024-12-01,2024-12-07,-92.4,16.1,1,59.1,0.54
6692-YQHXC,CELL_778C,2024-12-01,2024-12-07,-91.0,13.4,1,35.8,0.12
6693-DJWTY,CELL_245B,2024-12-01,2024-12-07,-83.4,6.4,4,70.3,2.09
6693-FRIRW,CELL_134C,2024-12-01,2024-12-07,-99.8,10.0,3,80.5,2.57
6695-AMZUF,CELL_301C,2024-12-01,2024-12-07,-97.4,9.0,5,71.3,1.94
6695-FRVEC,CELL_101A,2024-12-01,2024-12-07,-108.1,3.9,12,90.3,3.85
6696-YDAYZ,CELL_411A,2024-12-01,2024-12-07,-87.4,13.7,0,31.3,0.46
6698-OXETB,CELL_502B,2024-12-01,2024-12-07,-98.9,9.6,5,78.3,2.68
6701-DHKWQ,CELL_101A,2024-12-01,2024-12-07,-88.3,15.5,0,52.5,0.58
6701-YVNQG,CELL_134C,2024-12-01,2024-12-07,-95.8,13.0,1,45.1,0.41
6702-OHFWR,CELL_101A,2024-12-01,2024-12-07,-88.4,12.9,0,49.5,0.32
6704-UTUKK,CELL_234A,2024-12-01,2024-12-07,-89.8,15.3,1,56.3,0.34
6705-LNMDD,CELL_101A,2024-12-01,2024-12-07,-111.2,5.0,9,91.8,4.66
6705-LXORM,CELL_301C,2024-12-01,2024-12-07,-95.9,13.6,1,55.3,0.14
6710-HSJRD,CELL_245B,2024-12-01,2024-12-07,-86.2,13.4,1,30.4,0.32
6711-FLDFB,CELL_234A,2024-12-01,2024-12-07,-99.6,7.1,5,75.2,1.96
6711-VTNRE,CELL_502B,2024-12-01,2024-12-07,-91.2,12.3,1,44.2,0.13
6712-OAWRH,CELL_112B,2024-12-01,2024-12-07,-89.9,14.9,1,41.3,0.22
6713-OKOMC,CELL_112B,2024-12-01,2024-12-07,-85.7,17.1,1,37.0,0.59
6715-OFDBP,CELL_301C,2024-12-01,2024-12-07,-105.4,4.2,14,93.0,4.35
6718-BDGHG,CELL_778C,2024-12-01,2024-12-07,-109.6,3.7,10,92.6,5.35
6719-FGEDO,CELL_411A,2024-12-01,2024-12-07,-111.2,2.9,9,95.0,3.77
6719-OXYBR,CELL_778C,2024-12-01,2024-12-07,-101.9,5.6,4,74.8,2.58
6723-CEGQI,CELL_889D,2024-12-01,2024-12-07,-93.1,17.4,1,58.6,0.16
6723-WSNTY,CELL_502B,2024-12-01,2024-12-07,-90.7,12.8,1,37.7,0.18
6725-TPKJO,CELL_134C,2024-12-01,2024-12-07,-92.1,13.7,1,40.7,0.6
6726-NNFWD,CELL_502B,2024-12-01,2024-12-07,-109.0,9.2,3,80.4,2.41
6726-WEXXK,CELL_234A,2024-12-01,2024-12-07,-92.7,6.5,5,77.6,1.59
6727-IOTLZ,CELL_889D,2024-12-01,2024-12-07,-102.9,8.1,6,74.3,2.71
6728-CZFEI,CELL_301C,2024-12-01,2024-12-07,-89.7,14.2,0,52.0,0.14
6728-DKUCO,CELL_411A,2024-12-01,2024-12-07,-110.0,4.6,10,91.7,3.02
6728-VOIFY,CELL_112B,2024-12-01,2024-12-07,-89.4,14.2,1,44.3,0.13
6728-WYQBC,CELL_245B,2024-12-01,2024-12-07,-110.0,4.3,14,85.3,3.47
6729-FZWSY,CELL_502B,2024-12-01,2024-12-07,-91.8,15.4,0,34.0,0.12
6729-GDNGC,CELL_301C,2024-12-01,2024-12-07,-98.9,7.9,6,71.7,2.18
6732-FZUGP,CELL_301C,2024-12-01,2024-12-07,-95.6,13.4,0,36.0,0.33
6732-VAILE,CELL_889D,2024-12-01,2024-12-07,-101.4,4.6,5,75.7,2.89
6733-LRIZX,CELL_301C,2024-12-01,2024-12-07,-85.7,18.2,0,37.2,0.41
6734-CKRSM,CELL_411A,2024-12-01,2024-12-07,-91.5,15.3,1,50.6,0.26
6734-FQAJX,CELL_778C,2024-12-01,2024-12-07,-95.1,15.9,1,30.1,0.42
6734-GMPVK,CELL_134C,2024-12-01,2024-12-07,-103.3,9.7,4,79.0,1.9
6734-JDTTV,CELL_245B,2024-12-01,2024-12-07,-103.2,5.4,4,78.4,2.92
6734-PSBAW,CELL_101A,2024-12-01,2024-12-07,-106.3,9.7,4,81.7,2.31
6736-DHUQI,CELL_502B,2024-12-01,2024-12-07,-95.3,15.1,0,42.9,0.11
6738-ISCBM,CELL_234A,2024-12-01,2024-12-07,-89.2,15.0,1,38.2,0.37
6741-EGCBI,CELL_411A,2024-12-01,2024-12-07,-90.4,13.6,0,38.2,0.39
6741-QRLUP,CELL_245B,2024-12-01,2024-12-07,-94.4,8.9,5,71.4,2.89
6743-HHQPF,CELL_778C,2024-12-01,2024-12-07,-95.3,7.8,3,72.4,2.1
6745-JEFZB,CELL_112B,2024-12-01,2024-12-07,-94.5,16.0,1,51.8,0.21
6746-WAUWT,CELL_134C,2024-12-01,2024-12-07,-101.8,6.8,4,71.5,2.9
6749-UTDVX,CELL_778C,2024-12-01,2024-12-07,-89.9,14.2,1,31.8,0.15
6752-APNJL,CELL_134C,2024-12-01,2024-12-07,-91.9,16.1,1,45.7,0.36
6754-LZUKA,CELL_778C,2024-12-01,2024-12-07,-91.9,10.4,1,37.5,0.21
6754-WKSHP,CELL_301C,2024-12-01,2024-12-07,-90.2,14.1,0,45.6,0.27
6762-NSODU,CELL_245B,2024-12-01,2024-12-07,-92.4,19.1,0,35.3,0.14
6762-QVYJO,CELL_889D,2024-12-01,2024-12-07,-87.0,13.2,1,58.9,0.32
6765-MBQNU,CELL_778C,2024-12-01,2024-12-07,-88.8,19.1,1,45.1,0.17
6766-HFKLA,CELL_889D,2024-12-01,2024-12-07,-98.3,10.0,6,81.1,2.21
6769-DCQLI,CELL_134C,2024-12-01,2024-12-07,-110.6,4.4,10,93.1,5.18
6769-DYBQN,CELL_778C,2024-12-01,2024-12-07,-87.3,18.0,1,51.8,0.22
6770-UAYGJ,CELL_245B,2024-12-01,2024-12-07,-99.3,9.9,5,83.8,2.18
6770-XUAGN,CELL_112B,2024-12-01,2024-12-07,-89.0,12.4,1,58.2,0.25
6771-XWBDM,CELL_234A,2024-12-01,2024-12-07,-100.1,10.3,5,78.4,2.83
6772-KSATR,CELL_134C,2024-12-01,2024-12-07,-95.3,13.0,1,36.0,0.3
6772-WFQRD,CELL_134C,2024-12-01,2024-12-07,-101.7,7.1,4,81.0,1.79
6773-LQTVT,CELL_889D,2024-12-01,2024-12-07,-99.5,7.9,5,79.7,2.18
6776-TLWOI,CELL_889D,2024-12-01,2024-12-07,-109.7,6.3,6,84.0,2.12
6777-TGHTM,CELL_778C,2024-12-01,2024-12-07,-92.9,12.5,1,40.8,0.46
6778-EICRF,CELL_134C,2024-12-01,2024-12-07,-88.5,15.2,1,42.1,0.23
6778-JFCMK,CELL_245B,2024-12-01,2024-12-07,-99.9,5.2,3,71.3,2.93
6778-YSNIH,CELL_112B,2024-12-01,2024-12-07,-89.5,13.1,1,57.5,0.55
6784-XYJAE,CELL_889D,2024-12-01,2024-12-07,-101.3,7.8,4,84.8,2.39
6786-OBWQR,CELL_778C,2024-12-01,2024-12-07,-91.2,14.1,0,35.8,0.32
6789-HJBWG,CELL_889D,2024-12-01,2024-12-07,-99.5,9.3,5,72.5,1.88
6791-YBNAK,CELL_234A,2024-12-01,2024-12-07,-91.9,14.6,1,57.0,0.17
6794-HKIAJ,CELL_234A,2024-12-01,2024-12-07,-111.8,-0.0,14,89.3,4.67
6797-LNAQX,CELL_101A,2024-12-01,2024-12-07,-92.9,11.4,1,46.9,0.29
6797-UCJHZ,CELL_101A,2024-12-01,2024-12-07,-88.8,15.6,0,51.8,0.38
6804-GDMOI,CELL_112B,2024-12-01,2024-12-07,-91.7,7.4,3,75.0,1.64
6806-YDEUL,CELL_301C,2024-12-01,2024-12-07,-92.9,15.3,1,45.9,0.21
6807-SIWJI,CELL_245B,2024-12-01,2024-12-07,-89.8,13.2,1,56.0,0.24
6810-VCAEX,CELL_778C,2024-12-01,2024-12-07,-104.1,1.6,13,88.8,4.15
6813-GZQCG,CELL_502B,2024-12-01,2024-12-07,-86.1,12.3,1,59.7,0.57
6814-ZPWFQ,CELL_245B,2024-12-01,2024-12-07,-85.1,15.4,0,34.6,0.31
6815-ABQFQ,CELL_134C,2024-12-01,2024-12-07,-107.2,4.3,9,97.6,3.38
6817-WTYHE,CELL_101A,2024-12-01,2024-12-07,-108.3,3.7,11,87.5,5.33
6818-DJXAA,CELL_889D,2024-12-01,2024-12-07,-86.4,18.2,1,31.1,0.59
6818-WOBHJ,CELL_101A,2024-12-01,2024-12-07,-88.1,16.6,1,50.3,0.39
6821-BUXUX,CELL_889D,2024-12-01,2024-12-07,-91.4,15.8,1,36.6,0.37
6821-JPCDC,CELL_134C,2024-12-01,2024-12-07,-89.0,15.9,1,46.0,0.52
6823-SIDFQ,CELL_411A,2024-12-01,2024-12-07,-96.9,9.1,4,80.4,1.55
6825-UYPFK,CELL_502B,2024-12-01,2024-12-07,-107.0,10.1,4,70.4,2.37
6827-IEAUQ,CELL_112B,2024-12-01,2024-12-07,-91.1,17.2,1,46.7,0.51
6828-HMKWP,CELL_301C,2024-12-01,2024-12-07,-86.5,14.3,0,36.9,0.11
6833-JMZYP,CELL_889D,2024-12-01,2024-12-07,-93.1,16.5,0,53.6,0.33
6834-NXDCA,CELL_101A,2024-12-01,2024-12-07,-86.6,13.0,0,59.5,0.57
6837-BJYDQ,CELL_301C,2024-12-01,2024-12-07,-97.8,9.7,5,78.5,1.54
6837-HAEVO,CELL_234A,2024-12-01,2024-12-07,-90.9,12.1,0,43.2,0.17
6838-HVLXG,CELL_245B,2024-12-01,2024-12-07,-90.3,14.7,0,42.6,0.39
6838-YAUVY,CELL_411A,2024-12-01,2024-12-07,-102.0,8.7,5,76.2,1.88
6839-ITVZJ,CELL_502B,2024-12-01,2024-12-07,-92.4,17.1,0,35.9,0.48
6840-RESVB,CELL_778C,2024-12-01,2024-12-07,-99.1,6.8,3,78.5,2.91
6844-DZKRF,CELL_112B,2024-12-01,2024-12-07,-89.5,14.8,1,59.8,0.27
6845-RGTYS,CELL_889D,2024-12-01,2024-12-07,-91.6,15.7,0,35.7,0.53
6847-KJLTS,CELL_889D,2024-12-01,2024-12-07,-103.5,9.4,5,71.1,2.86
6848-HJTXY,CELL_101A,2024-12-01,2024-12-07,-86.4,14.6,0,32.9,0.33
6848-YLDFR,CELL_134C,2024-12-01,2024-12-07,-91.7,15.2,0,38.1,0.34
6849-OYAMU,CELL_778C,2024-12-01,2024-12-07,-87.8,15.5,1,35.5,0.5
6849-WLEYG,CELL_134C,2024-12-01,2024-12-07,-93.4,14.6,1,30.8,0.32
6851-WEFYX,CELL_778C,2024-12-01,2024-12-07,-88.4,16.5,0,42.1,0.38
6854-EXGSF,CELL_778C,2024-12-01,2024-12-07,-89.7,14.4,1,42.0,0.53
6855-VLGOS,CELL_889D,2024-12-01,2024-12-07,-89.0,15.3,1,41.6,0.45
6856-RAURS,CELL_411A,2024-12-01,2024-12-07,-103.1,8.3,5,74.1,2.35
6857-TKDJV,CELL_889D,2024-12-01,2024-12-07,-85.0,14.2,1,35.3,0.55
6857-VWJDT,CELL_234A,2024-12-01,2024-12-07,-84.9,14.1,0,49.4,0.37
6859-QNXIQ,CELL_134C,2024-12-01,2024-12-07,-94.2,8.4,5,73.9,2.04
6859-RKMZJ,CELL_101A,2024-12-01,2024-12-07,-88.6,14.3,0,47.5,0.52
6860-YRJZP,CELL_234A,2024-12-01,2024-12-07,-89.8,16.2,1,34.4,0.19
6861-OKBCE,CELL_301C,2024-12-01,2024-12-07,-92.2,16.4,0,40.6,0.14
6861-XWTWQ,CELL_778C,2024-12-01,2024-12-07,-93.2,17.6,0,50.0,0.53
6862-CQUMB,CELL_502B,2024-12-01,2024-12-07,-107.3,5.6,10,93.5,3.92
6865-JZNKO,CELL_101A,2024-12-01,2024-12-07,-100.3,4.8,3,79.6,2.0
6867-ACCZI,CELL_301C,2024-12-01,2024-12-07,-92.5,16.8,1,54.2,0.28
6869-FGJJC,CELL_112B,2024-12-01,2024-12-07,-99.4,8.7,3,80.6,2.55
6870-ECSHE,CELL_778C,2024-12-01,2024-12-07,-88.9,12.5,0,55.6,0.33
6870-ZWMNX,CELL_502B,2024-12-01,2024-12-07,-109.2,1.6,14,89.6,3.49
6872-HXFNF,CELL_112B,2024-12-01,2024-12-07,-93.0,7.6,3,71.5,2.52
6873-UDNLD,CELL_112B,2024-12-01,2024-12-07,-87.2,13.7,0,59.6,0.58
6874-SGLHU,CELL_301C,2024-12-01,2024-12-07,-84.8,13.4,0,53.1,0.42
6876-ADESB,CELL_301C,2024-12-01,2024-12-07,-90.2,11.2,0,52.8,0.56
6877-LGWXO,CELL_245B,2024-12-01,2024-12-07,-107.6,5.0,9,86.8,5.38
6877-TJMBR,CELL_502B,2024-12-01,2024-12-07,-106.5,4.6,4,73.3,1.6
6878-GGDWG,CELL_101A,2024-12-01,2024-12-07,-92.0,12.0,1,53.8,0.42
6885-PKOAM,CELL_234A,2024-12-01,2024-12-07,-88.6,17.6,0,32.8,0.12
6888-SBYAI,CELL_502B,2024-12-01,2024-12-07,-110.1,4.0,14,90.0,4.1
6890-PFRQX,CELL_112B,2024-12-01,2024-12-07,-89.8,5.5,4,70.7,2.34
6891-JPYFF,CELL_411A,2024-12-01,2024-12-07,-90.9,17.3,1,56.9,0.31
6892-BOGQE,CELL_134C,2024-12-01,2024-12-07,-96.5,7.0,4,77.5,2.62
6892-EZDTG,CELL_234A,2024-12-01,2024-12-07,-93.3,15.0,0,33.0,0.27
6892-XPFPU,CELL_301C,2024-12-01,2024-12-07,-91.9,10.6,0,43.6,0.33
6893-ODYYE,CELL_134C,2024-12-01,2024-12-07,-81.8,19.2,1,36.4,0.25
6894-LFHLY,CELL_112B,2024-12-01,2024-12-07,-106.3,7.7,5,79.6,2.38
6896-SRVYQ,CELL_101A,2024-12-01,2024-12-07,-92.5,11.3,0,48.5,0.35
6897-RWMUB,CELL_778C,2024-12-01,2024-12-07,-90.5,16.6,1,31.7,0.34
6897-UUBNU,CELL_502B,2024-12-01,2024-12-07,-100.1,7.7,5,74.5,1.96
6898-MDLZW,CELL_778C,2024-12-01,2024-12-07,-86.1,15.7,0,55.1,0.54
6898-RBTLU,CELL_234A,2024-12-01,2024-12-07,-88.0,11.9,1,40.4,0.47
6899-PPEEA,CELL_778C,2024-12-01,2024-12-07,-90.4,15.3,0,33.4,0.23
6900-PXRMS,CELL_411A,2024-12-01,2024-12-07,-91.3,14.2,0,56.5,0.2
6900-RBKER,CELL_101A,2024-12-01,2024-12-07,-103.7,9.9,5,71.5,1.68
6901-GOGZG,CELL_502B,2024-12-01,2024-12-07,-107.0,4.1,14,90.0,5.31
6904-JLBGY,CELL_411A,2024-12-01,2024-12-07,-88.5,13.3,1,50.9,0.28
6905-NIQIN,CELL_112B,2024-12-01,2024-12-07,-88.4,9.3,0,55.3,0.52
6906-ANDWJ,CELL_411A,2024-12-01,2024-12-07,-106.4,3.9,8,95.1,5.21
6906-MPARY,CELL_778C,2024-12-01,2024-12-07,-91.4,16.3,1,58.7,0.5
6907-CQGPN,CELL_234A,2024-12-01,2024-12-07,-93.5,3.5,3,82.8,1.91
6907-FLBER,CELL_234A,2024-12-01,2024-12-07,-106.4,9.4,6,84.0,2.45
6907-NZZIJ,CELL_101A,2024-12-01,2024-12-07,-84.6,11.3,0,54.3,0.17
6908-VVYHM,CELL_502B,2024-12-01,2024-12-07,-88.7,16.2,0,44.0,0.39
6910-HADCM,CELL_411A,2024-12-01,2024-12-07,-89.5,17.5,1,53.9,0.32
6916-HIJSE,CELL_411A,2024-12-01,2024-12-07,-89.5,13.0,0,37.3,0.55
6917-FIJHC,CELL_101A,2024-12-01,2024-12-07,-92.2,14.9,0,44.3,0.3
6917-IAYHD,CELL_301C,2024-12-01,2024-12-07,-87.4,15.9,1,43.3,0.47
6917-YACBP,CELL_101A,2024-12-01,2024-12-07,-109.2,3.9,13,86.6,5.51
6918-UMQCG,CELL_502B,2024-12-01,2024-12-07,-89.9,13.0,0,43.5,0.22
6919-ELBGL,CELL_134C,2024-12-01,2024-12-07,-93.1,15.9,1,33.8,0.48
6921-OZMFH,CELL_889D,2024-12-01,2024-12-07,-96.4,11.1,3,76.9,1.95
6922-NCEDI,CELL_301C,2024-12-01,2024-12-07,-99.6,7.9,4,74.6,2.07
6923-AQONU,CELL_502B,2024-12-01,2024-12-07,-97.8,6.4,4,74.0,1.8
6923-EFPNL,CELL_245B,2024-12-01,2024-12-07,-100.8,8.4,3,73.5,2.02
6923-JHPMP,CELL_134C,2024-12-01,2024-12-07,-91.9,11.8,1,46.0,0.58
6924-TDGMT,CELL_889D,2024-12-01,2024-12-07,-104.1,6.3,3,84.7,1.95
6925-BAYGL,CELL_778C,2024-12-01,2024-12-07,-90.0,14.5,1,50.1,0.54
6927-WTFIV,CELL_301C,2024-12-01,2024-12-07,-91.2,16.0,1,50.3,0.37
6928-ONTRW,CELL_101A,2024-12-01,2024-12-07,-86.2,18.4,1,49.3,0.15
6933-FHBZC,CELL_245B,2024-12-01,2024-12-07,-90.3,14.5,1,53.2,0.28
6933-VLYFX,CELL_234A,2024-12-01,2024-12-07,-109.5,3.0,12,95.6,4.36
6937-GCDGQ,CELL_411A,2024-12-01,2024-12-07,-107.0,7.4,3,83.3,2.98
6941-KXRRV,CELL_134C,2024-12-01,2024-12-07,-87.5,15.8,1,32.9,0.47
6941-PMGEP,CELL_889D,2024-12-01,2024-12-07,-88.4,18.1,0,53.4,0.37
6942-LBFDP,CELL_245B,2024-12-01,2024-12-07,-110.3,2.1,8,92.6,3.84
6946-LMSQS,CELL_134C,2024-12-01,2024-12-07,-100.6,1.9,10,96.5,5.56
6950-TWMYB,CELL_101A,2024-12-01,2024-12-07,-112.6,5.0,13,92.1,5.02
6952-OMNWB,CELL_112B,2024-12-01,2024-12-07,-94.8,7.7,3,74.5,2.49
6953-PBDIN,CELL_134C,2024-12-01,2024-12-07,-92.1,11.4,1,43.8,0.45
6954-OOYZZ,CELL_301C,2024-12-01,2024-12-07,-86.8,14.0,1,56.1,0.49
6956-SMUCM,CELL_245B,2024-12-01,2024-12-07,-103.1,8.9,6,75.4,1.9
6959-GQEGV,CELL_889D,2024-12-01,2024-12-07,-108.7,2.0,11,93.1,3.0
6959-UWKHF,CELL_411A,2024-12-01,2024-12-07,-87.2,14.2,0,53.5,0.38
6960-HVYXR,CELL_234A,2024-12-01,2024-12-07,-108.4,4.7,12,91.7,4.66
6961-MJKBO,CELL_502B,2024-12-01,2024-12-07,-93.5,13.5,0,32.6,0.44
6961-VCPMC,CELL_234A,2024-12-01,2024-12-07,-104.4,3.4,11,91.8,4.73
6963-EZQEE,CELL_101A,2024-12-01,2024-12-07,-110.5,5.2,13,85.7,4.05
6963-KQYQB,CELL_411A,2024-12-01,2024-12-07,-87.2,16.3,1,32.7,0.25
6967-PEJLL,CELL_101A,2024-12-01,2024-12-07,-90.5,13.9,0,49.9,0.21
6967-QIQRV,CELL_301C,2024-12-01,2024-12-07,-91.0,14.2,0,35.9,0.16
6968-GMKPR,CELL_134C,2024-12-01,2024-12-07,-86.5,13.6,1,36.6,0.51
6968-MHOMU,CELL_245B,2024-12-01,2024-12-07,-84.0,13.1,1,51.6,0.43
6968-URWQU,CELL_301C,2024-12-01,2024-12-07,-98.9,5.9,3,79.1,1.86
6969-MVBAI,CELL_112B,2024-12-01,2024-12-07,-95.5,12.9,0,31.0,0.5
6972-SNKKW,CELL_502B,2024-12-01,2024-12-07,-101.6,8.4,6,76.7,2.28
6974-DAFLI,CELL_411A,2024-12-01,2024-12-07,-96.1,10.3,6,77.3,1.85
6976-BWGLQ,CELL_134C,2024-12-01,2024-12-07,-92.6,15.6,0,46.5,0.33
6979-TNDEU,CELL_134C,2024-12-01,2024-12-07,-99.0,7.4,3,83.2,2.61
6979-ZNSFF,CELL_502B,2024-12-01,2024-12-07,-107.0,4.0,9,88.7,5.62
6980-CDGFC,CELL_778C,2024-12-01,2024-12-07,-89.7,17.2,0,39.3,0.35
6980-IMXXE,CELL_134C,2024-12-01,2024-12-07,-94.6,15.7,1,30.4,0.44
6981-TDRFT,CELL_301C,2024-12-01,2024-12-07,-100.4,10.4,4,82.3,2.59
6982-SSHFK,CELL_301C,2024-12-01,2024-12-07,-108.3,4.2,14,96.2,4.95
6982-UQZLY,CELL_112B,2024-12-01,2024-12-07,-89.3,17.8,0,40.7,0.58
6985-HAYWX,CELL_234A,2024-12-01,2024-12-07,-91.9,13.1,0,30.1,0.44
6986-IJDHX,CELL_502B,2024-12-01,2024-12-07,-103.6,3.2,13,94.4,3.26
6986-IXNDM,CELL_502B,2024-12-01,2024-12-07,-103.1,12.3,5,78.7,2.67
6987-XQSJT,CELL_889D,2024-12-01,2024-12-07,-109.8,4.0,10,89.9,3.91
6988-CJEYV,CELL_778C,2024-12-01,2024-12-07,-107.7,2.9,10,96.1,5.23
6990-YNRIO,CELL_112B,2024-12-01,2024-12-07,-110.5,8.1,13,91.5,4.0
6992-TKNYO,CELL_234A,2024-12-01,2024-12-07,-97.8,9.6,3,82.2,2.02
6993-OHLXR,CELL_889D,2024-12-01,2024-12-07,-90.1,8.1,3,83.7,1.78
6993-YCOBK,CELL_101A,2024-12-01,2024-12-07,-90.4,14.3,0,32.6,0.2
6993-YGFJV,CELL_502B,2024-12-01,2024-12-07,-111.8,4.6,9,85.8,4.81
6994-FGRHH,CELL_245B,2024-12-01,2024-12-07,-90.0,16.1,0,47.5,0.3
6994-KERXL,CELL_778C,2024-12-01,2024-12-07,-92.8,16.8,1,57.1,0.36
6994-ORCWG,CELL_245B,2024-12-01,2024-12-07,-102.0,8.4,3,72.1,2.86
6996-KNSML,CELL_101A,2024-12-01,2024-12-07,-93.1,19.6,1,54.3,0.14
6997-UVGOX,CELL_245B,2024-12-01,2024-12-07,-88.2,12.8,1,57.9,0.36
6999-CHVCF,CELL_778C,2024-12-01,2024-12-07,-104.7,3.0,9,92.0,5.09
7000-WCEVQ,CELL_234A,2024-12-01,2024-12-07,-88.4,15.3,0,38.0,0.13
7005-CCBKV,CELL_502B,2024-12-01,2024-12-07,-94.9,14.3,0,48.2,0.36
7005-CYUIL,CELL_889D,2024-12-01,2024-12-07,-106.7,6.0,6,70.0,2.63
7008-LZVOZ,CELL_134C,2024-12-01,2024-12-07,-87.8,14.0,1,58.6,0.14
7009-LGECI,CELL_889D,2024-12-01,2024-12-07,-90.5,15.8,0,42.9,0.24
7009-PCARS,CELL_301C,2024-12-01,2024-12-07,-101.6,8.9,4,74.0,2.34
7010-BRBUU,CELL_778C,2024-12-01,2024-12-07,-92.3,12.0,0,42.6,0.13
7010-ZMVBF,CELL_778C,2024-12-01,2024-12-07,-110.8,2.1,13,97.4,3.61
7011-CVEUC,CELL_411A,2024-12-01,2024-12-07,-102.0,10.3,3,74.8,1.53
7013-PSXHK,CELL_301C,2024-12-01,2024-12-07,-92.0,12.7,1,52.6,0.38
7014-ZZXAW,CELL_245B,2024-12-01,2024-12-07,-106.3,4.6,13,87.4,4.77
7016-BPGEU,CELL_778C,2024-12-01,2024-12-07,-89.4,15.7,0,45.0,0.55
7016-NVRIC,CELL_502B,2024-12-01,2024-12-07,-104.9,4.5,14,93.4,5.42
7017-VFHAY,CELL_245B,2024-12-01,2024-12-07,-89.6,15.7,1,58.5,0.14
7017-VFULY,CELL_889D,2024-12-01,2024-12-07,-87.6,15.3,1,44.0,0.38
7018-FPXHH,CELL_301C,2024-12-01,2024-12-07,-90.6,16.5,1,30.1,0.25
7018-WBJNK,CELL_411A,2024-12-01,2024-12-07,-97.1,15.2,1,43.1,0.38
7020-OZKXZ,CELL_778C,2024-12-01,2024-12-07,-100.1,5.3,5,83.3,2.88
7021-XSNYE,CELL_112B,2024-12-01,2024-12-07,-94.8,13.7,1,50.0,0.17
7024-OHCCK,CELL_245B,2024-12-01,2024-12-07,-90.5,15.1,1,33.4,0.17
7025-IWFHT,CELL_134C,2024-12-01,2024-12-07,-106.1,3.9,12,96.6,4.15
7025-WCBNE,CELL_301C,2024-12-01,2024-12-07,-87.2,17.6,1,55.8,0.1
7026-YMSBE,CELL_234A,2024-12-01,2024-12-07,-91.7,13.7,1,30.6,0.28
7028-DVOIQ,CELL_234A,2024-12-01,2024-12-07,-89.0,19.1,1,55.3,0.57
7029-IJEJK,CELL_101A,2024-12-01,2024-12-07,-87.7,15.1,1,51.8,0.14
7029-RPUAV,CELL_245B,2024-12-01,2024-12-07,-92.3,6.9,3,80.2,2.1
7030-FZTFM,CELL_889D,2024-12-01,2024-12-07,-89.0,13.8,1,59.4,0.19
7030-NJVDP,CELL_411A,2024-12-01,2024-12-07,-89.1,15.9,0,31.4,0.3
7032-LMBHI,CELL_101A,2024-12-01,2024-12-07,-105.3,4.4,10,86.7,3.92
7033-CLAMM,CELL_889D,2024-12-01,2024-12-07,-104.3,3.2,14,91.0,5.36
7036-TYDEC,CELL_245B,2024-12-01,2024-12-07,-97.2,14.3,1,59.1,0.27
7036-ZZKBD,CELL_134C,2024-12-01,2024-12-07,-90.0,12.9,0,57.3,0.59
7037-MTYVW,CELL_778C,2024-12-01,2024-12-07,-102.7,6.8,3,74.3,2.99
7041-TXQJH,CELL_134C,2024-12-01,2024-12-07,-92.1,13.7,1,53.9,0.35
7044-YAACC,CELL_101A,2024-12-01,2024-12-07,-82.4,13.3,1,30.7,0.18
7047-FWEYA,CELL_889D,2024-12-01,2024-12-07,-89.4,14.9,1,50.2,0.42
7047-YXDMZ,CELL_112B,2024-12-01,2024-12-07,-87.8,12.3,1,50.0,0.25
7048-GXDAY,CELL_889D,2024-12-01,2024-12-07,-90.2,16.5,1,44.7,0.57
7049-GKVZY,CELL_889D,2024-12-01,2024-12-07,-90.4,15.6,1,38.8,0.26
7054-DMVAS,CELL_234A,2024-12-01,2024-12-07,-93.7,14.2,1,53.0,0.35
7054-ENNGU,CELL_889D,2024-12-01,2024-12-07,-110.0,5.2,12,95.0,5.51
7054-LGEQW,CELL_889D,2024-12-01,2024-12-07,-98.1,10.4,5,79.4,1.7
7055-HNEOJ,CELL_411A,2024-12-01,2024-12-07,-85.4,13.4,0,50.1,0.15
7055-JCGNI,CELL_301C,2024-12-01,2024-12-07,-100.7,8.2,6,73.5,1.84
7055-VKGDA,CELL_134C,2024-12-01,2024-12-07,-86.4,12.8,0,34.9,0.28
7056-IMHCC,CELL_112B,2024-12-01,2024-12-07,-94.9,15.6,1,38.8,0.23
7061-OVMIM,CELL_234A,2024-12-01,2024-12-07,-93.3,9.3,3,71.2,1.78
7064-FRRSW,CELL_234A,2024-12-01,2024-12-07,-88.2,15.6,0,39.3,0.32
7064-JHXCE,CELL_101A,2024-12-01,2024-12-07,-94.5,5.4,3,83.3,2.46
7065-YUNRY,CELL_301C,2024-12-01,2024-12-07,-104.2,6.6,3,77.6,2.33
7067-KSAZT,CELL_112B,2024-12-01,2024-12-07,-91.0,10.9,0,37.7,0.24
7072-MBHEV,CELL_411A,2024-12-01,2024-12-07,-89.2,13.8,1,38.4,0.3
7073-QETQY,CELL_889D,2024-12-01,2024-12-07,-88.5,17.7,1,58.4,0.44
7074-IEVOJ,CELL_889D,2024-12-01,2024-12-07,-105.6,5.7,11,93.6,4.68
7074-STDCN,CELL_245B,2024-12-01,2024-12-07,-96.3,7.8,3,71.9,1.87
7075-BNDVQ,CELL_101A,2024-12-01,2024-12-07,-103.6,6.9,5,76.9,2.59
7077-XJMET,CELL_112B,2024-12-01,2024-12-07,-108.8,4.3,10,97.0,4.73
7078-NVFAM,CELL_101A,2024-12-01,2024-12-07,-90.7,14.6,0,58.1,0.49
7079-QRCBC,CELL_889D,2024-12-01,2024-12-07,-91.3,13.4,0,47.0,0.45
7080-TNUWP,CELL_134C,2024-12-01,2024-12-07,-90.4,13.7,0,32.5,0.37
7083-MIOPC,CELL_301C,2024-12-01,2024-12-07,-88.8,15.2,0,43.4,0.49
7083-YNSKY,CELL_134C,2024-12-01,2024-12-07,-87.7,18.1,0,37.8,0.42
7088-FBAWU,CELL_234A,2024-12-01,2024-12-07,-83.1,16.6,1,37.8,0.24
7089-IVVAZ,CELL_301C,2024-12-01,2024-12-07,-93.2,16.3,0,40.3,0.43
7089-RKVSZ,CELL_502B,2024-12-01,2024-12-07,-103.4,8.1,5,71.0,1.65
7089-XXAYG,CELL_101A,2024-12-01,2024-12-07,-95.8,16.2,1,51.4,0.32
7094-MSZAO,CELL_234A,2024-12-01,2024-12-07,-99.2,4.4,3,81.1,2.6
7096-UCLNH,CELL_245B,2024-12-01,2024-12-07,-87.1,15.8,0,55.2,0.26
7096-ZNBZI,CELL_234A,2024-12-01,2024-12-07,-87.8,16.1,0,59.6,0.5
7100-FQPRV,CELL_234A,2024-12-01,2024-12-07,-98.4,9.5,3,80.5,1.57
7101-HRBLJ,CELL_134C,2024-12-01,2024-12-07,-105.2,3.6,12,92.3,4.26
7102-JJVTX,CELL_101A,2024-12-01,2024-12-07,-90.7,19.3,0,59.9,0.23
7103-IPXPJ,CELL_245B,2024-12-01,2024-12-07,-87.0,16.6,1,58.9,0.28
7103-ZGVNT,CELL_101A,2024-12-01,2024-12-07,-85.4,12.6,1,49.2,0.58
7105-BENQF,CELL_134C,2024-12-01,2024-12-07,-106.1,5.5,13,85.8,5.09
7105-MXJLL,CELL_778C,2024-12-01,2024-12-07,-103.7,10.8,3,77.8,1.55
7107-UBYKY,CELL_234A,2024-12-01,2024-12-07,-92.7,14.0,1,42.4,0.51
7108-DGVUU,CELL_112B,2024-12-01,2024-12-07,-94.1,4.8,6,81.2,1.86
7109-CQYUZ,CELL_134C,2024-12-01,2024-12-07,-93.7,16.9,1,58.0,0.17
7109-MFBYV,CELL_411A,2024-12-01,2024-12-07,-86.3,12.0,1,52.4,0.11
7110-BDTWG,CELL_301C,2024-12-01,2024-12-07,-85.1,16.4,1,38.4,0.21
7112-OPOTK,CELL_889D,2024-12-01,2024-12-07,-103.4,5.9,3,70.0,2.03
7113-HIPFI,CELL_778C,2024-12-01,2024-12-07,-90.4,15.4,1,54.5,0.45
7114-AEOZE,CELL_502B,2024-12-01,2024-12-07,-87.6,17.2,1,41.0,0.19
7115-IRDHS,CELL_234A,2024-12-01,2024-12-07,-87.7,15.2,0,53.6,0.47
7120-RFMVS,CELL_112B,2024-12-01,2024-12-07,-90.9,12.5,1,48.9,0.16
7123-WQUHX,CELL_889D,2024-12-01,2024-12-07,-103.1,12.6,3,81.4,2.68
7124-UGSUR,CELL_778C,2024-12-01,2024-12-07,-99.7,5.6,3,72.9,2.51
7126-RBHSD,CELL_301C,2024-12-01,2024-12-07,-88.0,14.3,1,55.8,0.26
7128-GGCNO,CELL_134C,2024-12-01,2024-12-07,-93.0,16.4,0,36.7,0.44
7129-ACFOG,CELL_112B,2024-12-01,2024-12-07,-107.1,4.0,3,83.2,2.14
7129-AZJDE,CELL_301C,2024-12-01,2024-12-07,-107.8,2.8,8,92.4,3.65
7129-CAKJW,CELL_134C,2024-12-01,2024-12-07,-91.3,13.3,1,42.6,0.58
7130-CTCUS,CELL_411A,2024-12-01,2024-12-07,-88.3,11.7,0,31.9,0.47
7130-VTEWQ,CELL_101A,2024-12-01,2024-12-07,-85.4,12.9,0,43.0,0.27
7130-YXBRO,CELL_778C,2024-12-01,2024-12-07,-85.3,16.7,0,49.3,0.56
7131-ZQZNK,CELL_301C,2024-12-01,2024-12-07,-92.3,9.3,1,54.0,0.36
7133-VBDCG,CELL_245B,2024-12-01,2024-12-07,-103.0,6.7,4,70.6,2.52
7134-HBPBS,CELL_411A,2024-12-01,2024-12-07,-93.4,17.4,1,33.7,0.41
7134-MJPDY,CELL_101A,2024-12-01,2024-12-07,-98.1,5.4,5,82.9,1.54
7136-IHZJA,CELL_134C,2024-12-01,2024-12-07,-88.5,12.8,0,49.1,0.35
7136-RVDTZ,CELL_112B,2024-12-01,2024-12-07,-101.2,4.5,10,93.5,4.76
7137-NAXML,CELL_245B,2024-12-01,2024-12-07,-109.3,3.3,8,96.4,3.43
7137-RYLPP,CELL_301C,2024-12-01,2024-12-07,-90.7,17.0,1,33.3,0.55
7138-GIRSH,CELL_245B,2024-12-01,2024-12-07,-108.8,6.1,14,93.7,4.81
7139-JZFVG,CELL_134C,2024-12-01,2024-12-07,-97.1,6.8,3,74.8,1.98
7140-ADSMJ,CELL_778C,2024-12-01,2024-12-07,-99.9,3.8,3,79.6,2.26
7142-HVGBG,CELL_101A,2024-12-01,2024-12-07,-94.0,17.7,1,39.8,0.11
7143-BQIBA,CELL_134C,2024-12-01,2024-12-07,-90.9,14.0,0,58.2,0.4
7145-FEJWU,CELL_101A,2024-12-01,2024-12-07,-107.1,3.9,9,86.5,5.01
7147-AYBAA,CELL_301C,2024-12-01,2024-12-07,-97.0,8.5,3,75.8,2.32
7148-XZPHA,CELL_245B,2024-12-01,2024-12-07,-91.0,12.5,1,53.4,0.46
7153-CHRBV,CELL_134C,2024-12-01,2024-12-07,-86.9,15.2,0,30.8,0.18
7153-OANIO,CELL_101A,2024-12-01,2024-12-07,-109.3,4.2,14,86.6,4.83
7156-MHUGY,CELL_889D,2024-12-01,2024-12-07,-94.4,16.3,1,39.1,0.57
7156-MXBJE,CELL_234A,2024-12-01,2024-12-07,-92.5,16.4,1,30.6,0.25
7157-SMCFK,CELL_134C,2024-12-01,2024-12-07,-92.9,14.9,0,52.8,0.2
7159-FVYPK,CELL_134C,2024-12-01,2024-12-07,-92.0,16.4,1,44.2,0.29
7159-NOKYQ,CELL_234A,2024-12-01,2024-12-07,-109.2,3.5,14,92.2,5.04
7161-DFHUF,CELL_134C,2024-12-01,2024-12-07,-102.4,11.0,4,77.7,2.17
7162-WPHPM,CELL_245B,2024-12-01,2024-12-07,-86.1,10.4,1,44.2,0.25
7163-OCEQI,CELL_245B,2024-12-01,2024-12-07,-99.3,3.8,3,71.3,1.89
7164-BPTUT,CELL_112B,2024-12-01,2024-12-07,-84.0,13.4,0,50.2,0.11
7167-PCEYD,CELL_134C,2024-12-01,2024-12-07,-84.1,11.1,1,44.5,0.33
7168-HDQHG,CELL_245B,2024-12-01,2024-12-07,-90.4,15.2,0,46.1,0.22
7169-YWAMK,CELL_778C,2024-12-01,2024-12-07,-101.3,7.8,6,71.4,1.75
7173-TETGO,CELL_134C,2024-12-01,2024-12-07,-110.1,3.5,13,90.8,4.45
7175-NTIXE,CELL_245B,2024-12-01,2024-12-07,-99.5,8.6,6,77.1,2.2
7176-WIONM,CELL_778C,2024-12-01,2024-12-07,-80.5,13.7,0,38.5,0.51
7176-WRTNX,CELL_778C,2024-12-01,2024-12-07,-88.4,13.7,1,36.9,0.12
7180-PISOG,CELL_411A,2024-12-01,2024-12-07,-94.9,14.3,1,52.0,0.1
7181-BQYBV,CELL_301C,2024-12-01,2024-12-07,-93.1,14.2,0,45.0,0.58
7181-OQCUT,CELL_101A,2024-12-01,2024-12-07,-95.4,15.1,1,45.0,0.6
7182-OVLBJ,CELL_889D,2024-12-01,2024-12-07,-88.4,15.0,0,51.8,0.12
7184-LRUUR,CELL_502B,2024-12-01,2024-12-07,-89.5,17.8,1,31.3,0.17
7188-CBBBA,CELL_502B,2024-12-01,2024-12-07,-90.1,15.1,0,40.1,0.28
7190-XHTWJ,CELL_245B,2024-12-01,2024-12-07,-109.2,2.4,9,96.3,5.3
7191-ADRGF,CELL_234A,2024-12-01,2024-12-07,-97.3,9.6,6,70.8,1.79
7196-LIWRH,CELL_889D,2024-12-01,2024-12-07,-104.3,8.4,3,70.6,1.77
7197-VOJMM,CELL_245B,2024-12-01,2024-12-07,-105.9,2.2,11,93.2,3.99
7198-GLXTC,CELL_234A,2024-12-01,2024-12-07,-94.9,15.7,1,58.9,0.1
7203-OYKCT,CELL_101A,2024-12-01,2024-12-07,-105.4,1.7,11,86.6,5.69
7205-BAIAD,CELL_778C,2024-12-01,2024-12-07,-90.7,13.7,1,36.4,0.16
7206-GZCDC,CELL_134C,2024-12-01,2024-12-07,-92.5,16.7,0,35.4,0.55
7206-PQBBZ,CELL_112B,2024-12-01,2024-12-07,-87.9,15.2,1,38.1,0.56
7207-RMRDB,CELL_778C,2024-12-01,2024-12-07,-90.6,11.9,0,41.1,0.2
7208-PSIHR,CELL_134C,2024-12-01,2024-12-07,-98.4,10.4,5,83.8,1.51
7209-JCUDS,CELL_778C,2024-12-01,2024-12-07,-104.8,3.5,10,96.8,4.16
7216-EWTRS,CELL_301C,2024-12-01,2024-12-07,-111.4,3.1,12,92.4,5.15
7216-KAOID,CELL_502B,2024-12-01,2024-12-07,-88.4,16.4,0,54.9,0.31
7217-JYHOQ,CELL_234A,2024-12-01,2024-12-07,-104.8,11.0,6,80.7,2.51
7218-HKQFK,CELL_301C,2024-12-01,2024-12-07,-86.8,15.5,0,54.7,0.18
7219-TLZHO,CELL_112B,2024-12-01,2024-12-07,-95.3,7.2,6,75.1,2.89
7225-CBZPL,CELL_411A,2024-12-01,2024-12-07,-87.5,14.1,1,52.0,0.25
7225-IILWY,CELL_134C,2024-12-01,2024-12-07,-88.3,13.9,1,40.3,0.42
7228-OMTPN,CELL_101A,2024-12-01,2024-12-07,-92.3,13.6,1,42.5,0.6
7228-PAQPD,CELL_778C,2024-12-01,2024-12-07,-107.1,2.4,11,93.8,4.42
7233-DRTRF,CELL_502B,2024-12-01,2024-12-07,-86.8,12.7,0,51.3,0.17
7233-IOQNP,CELL_502B,2024-12-01,2024-12-07,-107.1,6.4,12,85.3,4.59
7233-PAHHL,CELL_411A,2024-12-01,2024-12-07,-86.8,13.5,0,52.6,0.25
7234-FECYN,CELL_112B,2024-12-01,2024-12-07,-100.9,4.5,6,79.4,2.32
7234-KMNRQ,CELL_134C,2024-12-01,2024-12-07,-91.5,12.5,1,55.3,0.37
7235-NXZCP,CELL_245B,2024-12-01,2024-12-07,-85.3,15.2,1,56.3,0.52
7239-HZZCX,CELL_101A,2024-12-01,2024-12-07,-110.5,2.9,11,91.3,4.63
7240-ETPTR,CELL_234A,2024-12-01,2024-12-07,-91.7,17.8,1,34.2,0.34
7240-FQLHE,CELL_502B,2024-12-01,2024-12-07,-108.1,7.5,5,76.8,1.5
7241-AJHFS,CELL_112B,2024-12-01,2024-12-07,-109.9,3.3,10,88.4,5.99
7242-EDTYC,CELL_234A,2024-12-01,2024-12-07,-99.5,10.1,6,77.3,2.97
7242-QZLXF,CELL_411A,2024-12-01,2024-12-07,-88.4,16.6,1,35.3,0.51
7243-LCGGZ,CELL_245B,2024-12-01,2024-12-07,-100.4,11.4,6,76.9,2.5
7244-KXYZN,CELL_134C,2024-12-01,2024-12-07,-93.1,12.7,1,37.3,0.26
7244-QWYHG,CELL_101A,2024-12-01,2024-12-07,-101.2,10.6,6,81.1,1.52
7245-JMTTQ,CELL_502B,2024-12-01,2024-12-07,-90.7,16.6,1,33.1,0.24
7245-NIIWQ,CELL_234A,2024-12-01,2024-12-07,-89.9,15.5,1,55.4,0.11
7246-ZGQDF,CELL_134C,2024-12-01,2024-12-07,-92.7,15.7,0,38.8,0.52
7247-XOZPB,CELL_101A,2024-12-01,2024-12-07,-94.0,14.8,0,34.7,0.2
7248-VZQLC,CELL_778C,2024-12-01,2024-12-07,-89.4,16.8,1,46.5,0.23
7249-WBIYX,CELL_502B,2024-12-01,2024-12-07,-92.4,14.9,0,37.0,0.15
7250-EQKIY,CELL_134C,2024-12-01,2024-12-07,-103.0,8.5,5,82.5,1.99
7251-LJBQN,CELL_245B,2024-12-01,2024-12-07,-104.3,7.0,6,75.6,1.7
7251-XFOIL,CELL_411A,2024-12-01,2024-12-07,-85.5,16.4,1,58.1,0.25
7252-NTGSS,CELL_112B,2024-12-01,2024-12-07,-88.5,17.0,1,42.2,0.32
7253-UVNDW,CELL_301C,2024-12-01,2024-12-07,-97.9,8.6,6,83.9,2.2
7254-IQWOZ,CELL_889D,2024-12-01,2024-12-07,-100.9,5.9,5,78.7,1.76
7255-SSFBC,CELL_134C,2024-12-01,2024-12-07,-93.8,12.8,0,57.2,0.29
7266-GSSJX,CELL_134C,2024-12-01,2024-12-07,-94.0,16.4,0,55.1,0.54
7267-FRMJW,CELL_101A,2024-12-01,2024-12-07,-95.4,13.0,1,41.1,0.31
7268-IGMFD,CELL_134C,2024-12-01,2024-12-07,-105.7,4.2,11,95.6,3.85
7268-WNTCP,CELL_101A,2024-12-01,2024-12-07,-105.7,1.6,8,93.8,3.05
7269-JISCY,CELL_112B,2024-12-01,2024-12-07,-107.3,5.4,14,90.7,4.16
7270-BDIOA,CELL_245B,2024-12-01,2024-12-07,-104.1,6.4,3,79.2,2.19
7271-AJDTL,CELL_301C,2024-12-01,2024-12-07,-103.8,9.5,6,82.5,1.64
7272-QDCKA,CELL_101A,2024-12-01,2024-12-07,-88.7,14.7,0,46.0,0.34
7273-TEFQD,CELL_234A,2024-12-01,2024-12-07,-88.1,14.8,1,44.7,0.28
7274-CGTOD,CELL_101A,2024-12-01,2024-12-07,-85.8,14.1,1,47.4,0.46
7274-RTAPZ,CELL_101A,2024-12-01,2024-12-07,-85.5,13.1,1,46.6,0.44
7277-KAMWT,CELL_101A,2024-12-01,2024-12-07,-89.8,11.9,1,54.8,0.55
7277-OZCGZ,CELL_889D,2024-12-01,2024-12-07,-90.0,16.7,0,30.8,0.15
7278-CKDNC,CELL_101A,2024-12-01,2024-12-07,-109.0,1.5,10,97.5,5.6
7279-BUYWN,CELL_778C,2024-12-01,2024-12-07,-91.8,17.8,0,54.7,0.2
7279-NMVJC,CELL_112B,2024-12-01,2024-12-07,-108.8,3.0,10,88.3,4.53
7284-BUYEC,CELL_245B,2024-12-01,2024-12-07,-98.0,5.6,6,78.0,2.32
7284-ZZLOH,CELL_502B,2024-12-01,2024-12-07,-107.6,1.5,11,96.5,3.52
7285-KLOTR,CELL_778C,2024-12-01,2024-12-07,-95.8,6.8,4,73.3,1.61
7291-CDTMJ,CELL_778C,2024-12-01,2024-12-07,-102.3,3.8,3,70.1,2.66
7293-LSCDV,CELL_502B,2024-12-01,2024-12-07,-99.8,6.6,6,84.3,1.85
7294-TMAOP,CELL_245B,2024-12-01,2024-12-07,-87.4,15.5,1,46.9,0.3
7295-JOMMD,CELL_889D,2024-12-01,2024-12-07,-89.2,14.7,1,41.4,0.47
7296-PIXQY,CELL_889D,2024-12-01,2024-12-07,-108.5,4.9,8,96.1,4.6
7297-DVYGA,CELL_502B,2024-12-01,2024-12-07,-95.3,13.1,1,31.6,0.5
7298-IZWLY,CELL_502B,2024-12-01,2024-12-07,-90.7,15.4,0,46.7,0.18
7299-GNVPL,CELL_889D,2024-12-01,2024-12-07,-84.3,13.1,0,50.3,0.35
7301-ABVAD,CELL_889D,2024-12-01,2024-12-07,-100.6,9.2,4,71.7,2.42
7302-ZHMHP,CELL_234A,2024-12-01,2024-12-07,-93.5,6.1,5,78.2,1.7
7305-ZWMAJ,CELL_245B,2024-12-01,2024-12-07,-93.8,9.5,4,82.7,2.34
7306-YDSOI,CELL_502B,2024-12-01,2024-12-07,-90.8,16.7,1,31.7,0.16
7310-EGVHZ,CELL_112B,2024-12-01,2024-12-07,-94.3,14.5,0,54.4,0.55
7311-MQJCH,CELL_101A,2024-12-01,2024-12-07,-91.9,14.2,1,35.1,0.14
7312-XSBAT,CELL_101A,2024-12-01,2024-12-07,-95.0,9.0,5,70.3,2.0
7314-OXENN,CELL_778C,2024-12-01,2024-12-07,-100.6,7.2,3,77.5,2.47
7315-WYOAW,CELL_112B,2024-12-01,2024-12-07,-85.3,16.5,0,52.0,0.4
7317-GGVPB,CELL_134C,2024-12-01,2024-12-07,-86.7,16.8,0,38.4,0.15
7318-EIVKO,CELL_778C,2024-12-01,2024-12-07,-91.3,14.4,0,47.8,0.3
7319-VENRZ,CELL_502B,2024-12-01,2024-12-07,-105.2,8.0,3,72.5,1.76
7319-ZNRTR,CELL_112B,2024-12-01,2024-12-07,-88.2,13.6,1,53.2,0.21
7321-KKSDU,CELL_234A,2024-12-01,2024-12-07,-92.3,14.7,0,39.9,0.23
7321-PKUYW,CELL_134C,2024-12-01,2024-12-07,-90.6,15.8,0,53.9,0.11
7321-VGNKU,CELL_778C,2024-12-01,2024-12-07,-89.2,14.9,0,50.8,0.3
7321-ZNSLA,CELL_112B,2024-12-01,2024-12-07,-87.9,16.9,0,39.3,0.14
7322-OCWHC,CELL_411A,2024-12-01,2024-12-07,-87.6,14.7,0,52.2,0.13
7325-ENZFI,CELL_889D,2024-12-01,2024-12-07,-92.8,16.9,0,51.2,0.54
7326-RIGQZ,CELL_134C,2024-12-01,2024-12-07,-87.5,17.1,0,53.8,0.55
7328-OWMOM,CELL_234A,2024-12-01,2024-12-07,-92.1,15.9,0,34.4,0.33
7328-ZJAJO,CELL_301C,2024-12-01,2024-12-07,-89.2,16.5,1,37.2,0.36
7330-WZLNC,CELL_112B,2024-12-01,2024-12-07,-101.3,11.2,6,72.3,2.02
7336-RLLRH,CELL_134C,2024-12-01,2024-12-07,-103.1,8.2,5,80.4,2.68
7337-CINUD,CELL_301C,2024-12-01,2024-12-07,-95.7,13.9,0,41.5,0.14
7338-ERIVA,CELL_101A,2024-12-01,2024-12-07,-92.3,16.1,1,45.0,0.45
7339-POGZN,CELL_245B,2024-12-01,2024-12-07,-91.6,17.7,1,47.3,0.44
7340-KEFQE,CELL_301C,2024-12-01,2024-12-07,-92.4,15.7,0,50.3,0.42
7341-LXCAF,CELL_889D,2024-12-01,2024-12-07,-95.4,8.4,4,83.2,2.3
7343-EOBEU,CELL_889D,2024-12-01,2024-12-07,-89.7,14.3,1,32.3,0.53
7346-MEDWM,CELL_778C,2024-12-01,2024-12-07,-105.7,1.7,10,91.4,3.38
7349-ALMUX,CELL_889D,2024-12-01,2024-12-07,-100.8,9.0,3,80.4,1.51
7351-KYHQH,CELL_778C,2024-12-01,2024-12-07,-102.0,7.8,6,71.9,1.67
7351-MHQVU,CELL_134C,2024-12-01,2024-12-07,-91.0,7.1,6,78.4,2.1
7353-YOWFP,CELL_134C,2024-12-01,2024-12-07,-98.0,8.7,5,78.7,2.27
7354-OIJLX,CELL_245B,2024-12-01,2024-12-07,-94.9,8.2,5,78.1,1.73
7356-AYNJP,CELL_889D,2024-12-01,2024-12-07,-101.1,6.6,5,77.2,1.59
7356-IWLFW,CELL_234A,2024-12-01,2024-12-07,-93.7,14.9,1,58.1,0.3
7359-PTSXY,CELL_411A,2024-12-01,2024-12-07,-97.6,13.3,0,31.9,0.48
7359-SSBJK,CELL_778C,2024-12-01,2024-12-07,-88.2,18.1,1,53.9,0.49
7359-WWYJV,CELL_134C,2024-12-01,2024-12-07,-86.9,12.7,1,42.3,0.22
7361-YPXFS,CELL_101A,2024-12-01,2024-12-07,-103.6,4.9,5,80.1,2.2
7363-QTBIW,CELL_889D,2024-12-01,2024-12-07,-95.6,7.6,3,80.6,1.95
7365-BVCJH,CELL_411A,2024-12-01,2024-12-07,-89.3,15.9,1,59.7,0.24
7369-TRPFD,CELL_101A,2024-12-01,2024-12-07,-110.4,4.5,10,91.6,5.77
7375-WMVMT,CELL_245B,2024-12-01,2024-12-07,-104.2,4.6,4,78.8,1.96
7377-DMMRI,CELL_889D,2024-12-01,2024-12-07,-105.3,4.7,14,88.9,5.12
7379-FNIUJ,CELL_301C,2024-12-01,2024-12-07,-87.5,13.6,0,42.6,0.27
7379-POKDZ,CELL_134C,2024-12-01,2024-12-07,-112.0,4.7,8,97.8,4.08
7382-DFJTU,CELL_889D,2024-12-01,2024-12-07,-91.8,17.6,1,45.6,0.51
7384-GHBPI,CELL_502B,2024-12-01,2024-12-07,-91.3,16.1,1,30.3,0.5
7389-KBFIT,CELL_778C,2024-12-01,2024-12-07,-85.8,14.7,0,36.2,0.23
7392-YYPYJ,CELL_101A,2024-12-01,2024-12-07,-91.5,14.0,1,50.3,0.41
7394-FKDNK,CELL_112B,2024-12-01,2024-12-07,-106.1,5.2,11,90.1,4.9
7394-LWLYN,CELL_234A,2024-12-01,2024-12-07,-94.3,12.6,1,51.7,0.51
7395-IGJOS,CELL_301C,2024-12-01,2024-12-07,-92.6,18.0,0,54.8,0.52
7395-XWZOY,CELL_301C,2024-12-01,2024-12-07,-92.2,12.8,1,49.2,0.17
7396-VJUZB,CELL_245B,2024-12-01,2024-12-07,-84.6,15.7,0,35.4,0.31
7398-HPYZQ,CELL_889D,2024-12-01,2024-12-07,-106.1,4.7,9,88.9,3.33
7398-LXGYX,CELL_411A,2024-12-01,2024-12-07,-92.1,17.9,1,39.8,0.2
7398-SKNQZ,CELL_411A,2024-12-01,2024-12-07,-91.6,11.7,1,35.8,0.14
7399-QHBJS,CELL_112B,2024-12-01,2024-12-07,-91.1,15.1,0,42.7,0.47
7401-JIXNM,CELL_889D,2024-12-01,2024-12-07,-93.3,16.3,1,47.7,0.38
7401-RUBNK,CELL_778C,2024-12-01,2024-12-07,-97.9,8.3,5,76.6,2.25
7402-EYFXX,CELL_234A,2024-12-01,2024-12-07,-85.6,10.4,0,40.1,0.4
7402-PWYJJ,CELL_889D,2024-12-01,2024-12-07,-88.7,14.8,0,60.0,0.12
7404-JLKQG,CELL_234A,2024-12-01,2024-12-07,-92.6,14.5,1,41.9,0.38
7407-SUJIZ,CELL_502B,2024-12-01,2024-12-07,-94.3,13.9,0,37.7,0.23
7408-OFWXJ,CELL_134C,2024-12-01,2024-12-07,-86.4,15.9,0,37.1,0.32
7409-JURKQ,CELL_889D,2024-12-01,2024-12-07,-90.8,17.8,1,42.3,0.15
7409-KIUTL,CELL_889D,2024-12-01,2024-12-07,-98.9,9.9,3,70.9,2.44
7410-KTVFV,CELL_101A,2024-12-01,2024-12-07,-106.0,2.3,11,86.2,3.99
7410-OIEDU,CELL_502B,2024-12-01,2024-12-07,-108.7,3.7,12,91.8,4.79
7410-YTJIK,CELL_411A,2024-12-01,2024-12-07,-85.8,12.6,1,51.9,0.41
7416-CKTEP,CELL_889D,2024-12-01,2024-12-07,-90.8,13.7,1,45.2,0.43
7421-ZLUPA,CELL_502B,2024-12-01,2024-12-07,-89.9,13.0,1,40.5,0.23
7422-WNBTY,CELL_234A,2024-12-01,2024-12-07,-91.7,14.1,1,39.9,0.25
7426-GSWPO,CELL_234A,2024-12-01,2024-12-07,-103.4,5.4,6,75.5,2.85
7426-RHZGU,CELL_502B,2024-12-01,2024-12-07,-110.4,5.1,14,88.6,5.25
7426-WEIJX,CELL_502B,2024-12-01,2024-12-07,-91.3,12.8,0,37.3,0.4
7427-AUFPY,CELL_889D,2024-12-01,2024-12-07,-104.1,3.4,3,84.2,2.77
7432-FFVAR,CELL_889D,2024-12-01,2024-12-07,-92.5,9.5,0,56.0,0.44
7434-SHXLS,CELL_889D,2024-12-01,2024-12-07,-92.8,14.4,1,51.8,0.36
7435-ZNUYY,CELL_245B,2024-12-01,2024-12-07,-92.8,15.9,0,45.1,0.52
7439-DKZTW,CELL_411A,2024-12-01,2024-12-07,-89.8,13.3,0,49.5,0.58
7442-YGZFK,CELL_134C,2024-12-01,2024-12-07,-96.1,10.8,5,74.3,2.5
7445-WMRBW,CELL_101A,2024-12-01,2024-12-07,-88.7,13.7,1,38.8,0.17
7446-KQISO,CELL_301C,2024-12-01,2024-12-07,-89.0,13.2,0,49.7,0.4
7446-SFAOA,CELL_134C,2024-12-01,2024-12-07,-87.6,15.3,0,46.4,0.53
7446-YPODE,CELL_301C,2024-12-01,2024-12-07,-93.7,13.0,1,52.6,0.49
7449-HVPIV,CELL_234A,2024-12-01,2024-12-07,-110.8,4.0,9,88.8,4.0
7450-NWRTR,CELL_502B,2024-12-01,2024-12-07,-86.5,16.3,1,52.0,0.56
7452-FOLON,CELL_101A,2024-12-01,2024-12-07,-89.1,10.2,0,36.9,0.37
7459-IMVYU,CELL_889D,2024-12-01,2024-12-07,-87.2,17.6,1,53.8,0.32
7459-RRWQZ,CELL_889D,2024-12-01,2024-12-07,-93.2,17.9,1,56.4,0.48
7460-ITWWP,CELL_234A,2024-12-01,2024-12-07,-89.4,16.6,0,42.7,0.41
7463-IFMQU,CELL_112B,2024-12-01,2024-12-07,-90.4,17.1,1,56.1,0.28
7465-ZZRVX,CELL_112B,2024-12-01,2024-12-07,-105.7,6.0,4,70.5,2.84
7469-LKBCI,CELL_502B,2024-12-01,2024-12-07,-92.3,16.6,1,32.3,0.37
7470-DYNOE,CELL_245B,2024-12-01,2024-12-07,-108.8,9.4,4,76.8,2.6
7470-MCQTK,CELL_411A,2024-12-01,2024-12-07,-101.9,6.6,3,74.9,2.37
7471-MQPOS,CELL_134C,2024-12-01,2024-12-07,-85.8,17.4,1,57.0,0.15
7471-WNSUF,CELL_411A,2024-12-01,2024-12-07,-90.3,15.3,0,52.6,0.32
7472-EQOAV,CELL_889D,2024-12-01,2024-12-07,-85.8,13.3,1,42.6,0.56
7473-ZBDSN,CELL_502B,2024-12-01,2024-12-07,-88.3,14.6,1,38.7,0.49
7479-NITWS,CELL_245B,2024-12-01,2024-12-07,-86.5,12.2,1,47.6,0.17
7480-QNVZJ,CELL_101A,2024-12-01,2024-12-07,-96.4,5.1,5,71.5,1.79
7480-SPLEF,CELL_234A,2024-12-01,2024-12-07,-87.7,14.0,1,45.0,0.46
7481-ATQQS,CELL_502B,2024-12-01,2024-12-07,-86.4,15.6,1,32.7,0.45
7483-IQWIB,CELL_101A,2024-12-01,2024-12-07,-103.1,5.4,6,83.1,2.56
7486-KSRVI,CELL_112B,2024-12-01,2024-12-07,-103.0,7.1,4,83.9,1.98
7488-MXJIV,CELL_502B,2024-12-01,2024-12-07,-88.6,12.8,1,30.2,0.28
7492-TAFJD,CELL_134C,2024-12-01,2024-12-07,-90.7,22.6,1,45.1,0.42
7493-GVFIO,CELL_411A,2024-12-01,2024-12-07,-91.3,15.9,0,38.3,0.47
7493-TPUWZ,CELL_502B,2024-12-01,2024-12-07,-90.9,19.1,1,31.3,0.47
7495-OOKFY,CELL_889D,2024-12-01,2024-12-07,-90.6,17.0,1,52.2,0.54
7501-IWUNG,CELL_778C,2024-12-01,2024-12-07,-89.0,12.8,0,43.0,0.47
7501-VTYLJ,CELL_245B,2024-12-01,2024-12-07,-90.3,13.9,0,30.2,0.16
7502-BNYGS,CELL_411A,2024-12-01,2024-12-07,-90.8,15.2,0,42.6,0.43
7503-EPSZW,CELL_889D,2024-12-01,2024-12-07,-89.5,14.1,0,49.8,0.43
7503-MIOGA,CELL_778C,2024-12-01,2024-12-07,-92.1,10.4,0,43.0,0.32
7503-QQRVF,CELL_301C,2024-12-01,2024-12-07,-89.8,12.4,1,35.1,0.15
7503-ZGUZJ,CELL_112B,2024-12-01,2024-12-07,-90.3,13.7,1,35.9,0.1
7504-UWHNB,CELL_112B,2024-12-01,2024-12-07,-88.0,14.6,1,42.6,0.26
7508-DQAKK,CELL_411A,2024-12-01,2024-12-07,-102.3,4.2,5,78.1,2.78
7508-KBIMB,CELL_778C,2024-12-01,2024-12-07,-88.2,16.9,1,36.4,0.48
7508-MYBOG,CELL_234A,2024-12-01,2024-12-07,-90.1,12.7,0,36.7,0.22
7508-SMHXL,CELL_778C,2024-12-01,2024-12-07,-89.0,17.0,1,37.9,0.51
7511-YMXVQ,CELL_112B,2024-12-01,2024-12-07,-111.3,10.2,6,80.2,2.35
7515-LODFU,CELL_502B,2024-12-01,2024-12-07,-90.6,14.8,1,48.4,0.42
7516-GMHUV,CELL_112B,2024-12-01,2024-12-07,-107.8,4.5,13,85.3,4.96
7517-LDMPS,CELL_778C,2024-12-01,2024-12-07,-92.8,7.0,3,81.7,2.18
7517-SAWMO,CELL_778C,2024-12-01,2024-12-07,-108.4,2.7,14,92.2,4.58
7519-JTWQH,CELL_112B,2024-12-01,2024-12-07,-88.8,17.0,1,48.9,0.49
7520-HQWJU,CELL_889D,2024-12-01,2024-12-07,-91.9,17.7,0,30.7,0.23
7521-AFHAB,CELL_778C,2024-12-01,2024-12-07,-83.5,16.8,0,32.8,0.18
7521-YXVZY,CELL_112B,2024-12-01,2024-12-07,-87.1,11.0,0,41.7,0.58
7524-VRLPL,CELL_101A,2024-12-01,2024-12-07,-90.8,14.7,1,34.8,0.39
7526-BEZQB,CELL_234A,2024-12-01,2024-12-07,-95.7,8.2,3,72.7,2.77
7526-IVLYU,CELL_889D,2024-12-01,2024-12-07,-87.8,14.1,1,31.2,0.38
7527-QNRUS,CELL_502B,2024-12-01,2024-12-07,-91.1,13.5,1,34.2,0.28
7529-ZDFXI,CELL_301C,2024-12-01,2024-12-07,-87.1,14.9,1,32.7,0.39
7530-HDYDS,CELL_134C,2024-12-01,2024-12-07,-91.3,13.7,0,44.7,0.19
7531-GQHME,CELL_502B,2024-12-01,2024-12-07,-93.7,7.6,5,82.4,2.99
7534-BFESC,CELL_112B,2024-12-01,2024-12-07,-104.9,3.7,8,97.7,3.94
7537-CBQUZ,CELL_502B,2024-12-01,2024-12-07,-85.7,16.0,1,47.4,0.2
7537-RBWEA,CELL_101A,2024-12-01,2024-12-07,-102.4,8.5,5,76.3,2.34
7538-GWHML,CELL_134C,2024-12-01,2024-12-07,-99.1,6.0,5,70.7,2.72
7541-YLXCL,CELL_112B,2024-12-01,2024-12-07,-95.0,9.2,3,81.9,1.94
7542-CYDDM,CELL_301C,2024-12-01,2024-12-07,-88.2,15.5,1,52.0,0.12
7544-ZVIKX,CELL_234A,2024-12-01,2024-12-07,-91.3,14.6,0,40.6,0.44
7547-EKNFS,CELL_245B,2024-12-01,2024-12-07,-86.0,13.2,1,40.7,0.49
7548-SEPYI,CELL_101A,2024-12-01,2024-12-07,-94.1,17.3,0,44.8,0.46
7549-MYGPK,CELL_101A,2024-12-01,2024-12-07,-84.8,15.8,1,54.1,0.51
7550-WIQVA,CELL_234A,2024-12-01,2024-12-07,-91.4,15.4,1,54.1,0.17
7551-DACSP,CELL_134C,2024-12-01,2024-12-07,-85.1,16.7,0,54.8,0.12
7551-JOHTI,CELL_502B,2024-12-01,2024-12-07,-102.9,5.7,12,90.8,3.67
7552-KEYGT,CELL_245B,2024-12-01,2024-12-07,-92.6,14.0,0,48.6,0.11
7554-AKDQF,CELL_234A,2024-12-01,2024-12-07,-103.7,5.7,11,96.2,4.36
7554-NEWDD,CELL_234A,2024-12-01,2024-12-07,-95.8,15.0,0,57.3,0.31
7558-IMLMT,CELL_778C,2024-12-01,2024-12-07,-91.1,15.2,0,43.4,0.53
7560-QJAVJ,CELL_889D,2024-12-01,2024-12-07,-89.0,13.2,1,52.4,0.18
7560-QRBXH,CELL_502B,2024-12-01,2024-12-07,-109.3,1.7,8,92.7,4.66
7562-GSUHK,CELL_234A,2024-12-01,2024-12-07,-104.8,3.0,10,96.5,5.48
7562-UXTPG,CELL_134C,2024-12-01,2024-12-07,-89.4,17.1,0,55.3,0.36
7563-BIUPC,CELL_101A,2024-12-01,2024-12-07,-110.0,5.6,8,95.5,5.28
7564-GHCVB,CELL_234A,2024-12-01,2024-12-07,-101.9,9.0,3,80.5,2.79
7566-DSRLQ,CELL_778C,2024-12-01,2024-12-07,-99.1,3.8,3,80.6,2.78
7567-ECMCM,CELL_101A,2024-12-01,2024-12-07,-99.8,7.2,5,75.0,2.97
7568-PODML,CELL_234A,2024-12-01,2024-12-07,-88.4,13.6,1,44.2,0.53
7569-NMZYQ,CELL_245B,2024-12-01,2024-12-07,-102.1,6.6,6,79.9,1.67
7570-WELNY,CELL_411A,2024-12-01,2024-12-07,-98.1,9.8,3,71.2,1.57
7571-YXDAD,CELL_502B,2024-12-01,2024-12-07,-88.3,18.6,1,39.0,0.47
7572-KPVKK,CELL_234A,2024-12-01,2024-12-07,-88.0,16.1,1,43.6,0.22
7576-ASEJU,CELL_245B,2024-12-01,2024-12-07,-107.8,4.7,11,91.9,5.48
7576-JMYWV,CELL_502B,2024-12-01,2024-12-07,-88.7,12.8,0,56.4,0.2
7576-OYWBN,CELL_101A,2024-12-01,2024-12-07,-86.3,13.6,1,31.7,0.51
7577-SWIFR,CELL_134C,2024-12-01,2024-12-07,-92.5,16.4,0,40.4,0.54
7579-KKLOE,CELL_234A,2024-12-01,2024-12-07,-99.4,7.2,4,78.5,2.69
7579-OOPEC,CELL_245B,2024-12-01,2024-12-07,-87.6,17.5,1,55.9,0.43
7580-UGXNC,CELL_112B,2024-12-01,2024-12-07,-92.2,17.8,0,48.7,0.4
7581-EBBOU,CELL_112B,2024-12-01,2024-12-07,-99.8,9.2,4,83.0,1.54
7586-ZATGZ,CELL_889D,2024-12-01,2024-12-07,-90.8,16.1,1,40.2,0.48
7587-AOVVU,CELL_301C,2024-12-01,2024-12-07,-90.4,14.5,1,50.5,0.19
7587-RZNME,CELL_101A,2024-12-01,2024-12-07,-90.4,11.1,1,49.0,0.48
7590-VHVEG,CELL_234A,2024-12-01,2024-12-07,-112.8,1.6,9,87.0,5.59
7593-JNWRU,CELL_101A,2024-12-01,2024-12-07,-93.6,6.9,3,83.6,2.95
7593-XFKDI,CELL_134C,2024-12-01,2024-12-07,-91.2,17.6,1,32.8,0.6
7594-LZNWR,CELL_301C,2024-12-01,2024-12-07,-95.8,8.6,3,72.9,2.02
7594-RQHXR,CELL_112B,2024-12-01,2024-12-07,-89.1,12.1,0,39.0,0.58
7595-EHCDL,CELL_889D,2024-12-01,2024-12-07,-103.8,6.6,3,80.1,2.87
7595-EUIVN,CELL_112B,2024-12-01,2024-12-07,-90.2,16.2,0,41.8,0.49
7596-IIWYC,CELL_245B,2024-12-01,2024-12-07,-107.4,5.2,10,85.5,5.65
7596-LDUXP,CELL_778C,2024-12-01,2024-12-07,-91.4,16.3,1,35.6,0.31
7596-ZYWBB,CELL_778C,2024-12-01,2024-12-07,-97.1,13.1,0,32.1,0.35
7598-UAASY,CELL_778C,2024-12-01,2024-12-07,-93.3,14.6,0,40.6,0.41
7599-FKVXZ,CELL_134C,2024-12-01,2024-12-07,-84.6,14.8,1,52.3,0.11
7599-NTMDP,CELL_889D,2024-12-01,2024-12-07,-98.4,4.6,5,79.4,1.54
7601-DHFWZ,CELL_502B,2024-12-01,2024-12-07,-101.9,2.1,10,96.4,3.84
7601-GNDYK,CELL_502B,2024-12-01,2024-12-07,-92.1,15.0,0,46.9,0.17
7601-WFVZV,CELL_134C,2024-12-01,2024-12-07,-85.5,15.6,1,54.7,0.49
7602-DBTOU,CELL_411A,2024-12-01,2024-12-07,-88.8,16.2,0,58.7,0.41
7602-MVRMB,CELL_234A,2024-12-01,2024-12-07,-88.5,15.6,1,43.9,0.13
7603-USHJS,CELL_301C,2024-12-01,2024-12-07,-92.7,13.5,0,47.0,0.54
7605-BDWDC,CELL_411A,2024-12-01,2024-12-07,-91.2,14.5,1,52.6,0.38
7605-SNLQG,CELL_502B,2024-12-01,2024-12-07,-108.4,5.0,13,96.8,5.71
7606-BPHHN,CELL_502B,2024-12-01,2024-12-07,-109.0,5.8,10,87.5,4.2
7607-QKKTJ,CELL_502B,2024-12-01,2024-12-07,-94.5,14.9,1,47.0,0.4
7608-RGIRO,CELL_301C,2024-12-01,2024-12-07,-99.2,9.0,3,79.3,2.74
7609-NRNCA,CELL_234A,2024-12-01,2024-12-07,-110.9,4.0,8,97.0,5.08
7609-YBPXG,CELL_778C,2024-12-01,2024-12-07,-91.2,19.0,1,38.6,0.4
7610-TVOPG,CELL_778C,2024-12-01,2024-12-07,-86.3,14.9,1,46.2,0.42
7611-YKYTC,CELL_134C,2024-12-01,2024-12-07,-89.6,15.7,0,32.1,0.28
7613-LLQFO,CELL_245B,2024-12-01,2024-12-07,-89.5,14.6,0,54.0,0.37
7614-QVWQL,CELL_134C,2024-12-01,2024-12-07,-101.3,5.9,6,75.6,2.52
7615-ESMYF,CELL_411A,2024-12-01,2024-12-07,-86.8,16.3,1,53.2,0.36
7617-EYGLW,CELL_889D,2024-12-01,2024-12-07,-85.2,10.4,1,37.7,0.31
7619-ODSGN,CELL_411A,2024-12-01,2024-12-07,-91.0,14.4,1,50.4,0.57
7619-PLRLP,CELL_101A,2024-12-01,2024-12-07,-101.7,7.6,3,70.1,2.19
7621-VPNET,CELL_889D,2024-12-01,2024-12-07,-93.1,18.9,0,32.2,0.37
7622-FWGEW,CELL_502B,2024-12-01,2024-12-07,-98.3,7.5,3,70.3,1.99
7622-NXQZR,CELL_502B,2024-12-01,2024-12-07,-89.0,15.4,0,36.0,0.39
7623-HKYRK,CELL_134C,2024-12-01,2024-12-07,-86.0,13.9,0,35.3,0.49
7623-TRNQN,CELL_101A,2024-12-01,2024-12-07,-91.8,12.9,0,51.2,0.35
7625-XCQRH,CELL_889D,2024-12-01,2024-12-07,-85.3,16.2,0,36.3,0.31
7627-JKIAZ,CELL_112B,2024-12-01,2024-12-07,-84.2,18.1,0,55.1,0.43
7629-WFGLW,CELL_134C,2024-12-01,2024-12-07,-107.4,0.9,11,97.9,4.36
7629-WIXZF,CELL_245B,2024-12-01,2024-12-07,-88.7,13.6,1,31.3,0.11
7632-MNYOY,CELL_134C,2024-12-01,2024-12-07,-91.6,14.6,0,55.9,0.11
7632-YUTXB,CELL_889D,2024-12-01,2024-12-07,-87.1,18.3,0,34.0,0.26
7633-MVPUY,CELL_411A,2024-12-01,2024-12-07,-97.5,7.7,5,72.0,2.78
7634-HLQJR,CELL_245B,2024-12-01,2024-12-07,-87.7,16.0,1,32.5,0.58
7634-WSWDB,CELL_134C,2024-12-01,2024-12-07,-89.2,13.0,1,43.2,0.35
7636-OWBPG,CELL_889D,2024-12-01,2024-12-07,-86.3,16.8,1,50.7,0.14
7636-PEPNS,CELL_889D,2024-12-01,2024-12-07,-102.5,7.0,5,75.8,2.29
7636-XUHWW,CELL_112B,2024-12-01,2024-12-07,-92.9,9.7,1,42.2,0.16
7638-QVMVY,CELL_134C,2024-12-01,2024-12-07,-88.2,17.9,0,37.3,0.17
7639-LIAYI,CELL_112B,2024-12-01,2024-12-07,-106.4,4.3,14,93.9,5.97
7639-OPLNG,CELL_134C,2024-12-01,2024-12-07,-90.5,14.2,1,56.9,0.49
7639-SUPCW,CELL_778C,2024-12-01,2024-12-07,-97.6,7.9,3,82.2,2.27
7641-EUYET,CELL_889D,2024-12-01,2024-12-07,-89.5,13.5,0,32.4,0.11
7641-TQFHN,CELL_101A,2024-12-01,2024-12-07,-91.3,13.4,0,51.7,0.24
7643-RCHXS,CELL_234A,2024-12-01,2024-12-07,-86.8,17.1,0,54.7,0.59
7644-OMVMY,CELL_502B,2024-12-01,2024-12-07,-95.9,14.2,0,58.6,0.33
7647-GYYKX,CELL_502B,2024-12-01,2024-12-07,-107.3,4.9,13,91.3,3.99
7649-PHJVR,CELL_411A,2024-12-01,2024-12-07,-100.8,6.2,5,84.7,1.61
7649-SIJJF,CELL_778C,2024-12-01,2024-12-07,-87.5,15.1,1,48.4,0.42
7654-YWJUF,CELL_245B,2024-12-01,2024-12-07,-92.1,13.6,1,44.6,0.56
7657-DYEPJ,CELL_245B,2024-12-01,2024-12-07,-85.6,16.6,0,58.1,0.13
7658-UYUQS,CELL_245B,2024-12-01,2024-12-07,-103.8,6.3,6,78.1,2.56
7660-HDPJV,CELL_234A,2024-12-01,2024-12-07,-110.2,4.8,12,94.7,5.18
7661-CPURM,CELL_889D,2024-12-01,2024-12-07,-86.8,15.5,1,34.4,0.12
7663-CUXZB,CELL_234A,2024-12-01,2024-12-07,-89.4,18.5,0,52.1,0.26
7663-RGWBC,CELL_301C,2024-12-01,2024-12-07,-87.1,15.0,1,34.3,0.3
7663-YJHSN,CELL_778C,2024-12-01,2024-12-07,-90.5,13.6,1,42.7,0.14
7663-ZTEGJ,CELL_411A,2024-12-01,2024-12-07,-87.4,15.9,0,31.6,0.44
7665-NKLAV,CELL_502B,2024-12-01,2024-12-07,-104.0,12.1,6,79.2,1.65
7665-TOALD,CELL_112B,2024-12-01,2024-12-07,-92.6,13.8,0,39.2,0.29
7665-VIGUD,CELL_411A,2024-12-01,2024-12-07,-92.8,11.6,1,42.5,0.53
7666-WKRON,CELL_889D,2024-12-01,2024-12-07,-103.7,8.7,5,83.8,2.34
7668-XCFYV,CELL_889D,2024-12-01,2024-12-07,-105.5,1.2,9,94.7,3.83
7669-LCRSD,CELL_411A,2024-12-01,2024-12-07,-104.5,5.5,9,95.2,4.56
7670-ZBPOQ,CELL_234A,2024-12-01,2024-12-07,-88.9,14.8,0,55.2,0.4
7672-VFMXZ,CELL_502B,2024-12-01,2024-12-07,-91.0,13.6,0,32.7,0.43
7673-BQGKU,CELL_301C,2024-12-01,2024-12-07,-86.2,16.3,1,31.3,0.5
7673-LPRNY,CELL_301C,2024-12-01,2024-12-07,-86.6,16.1,1,31.8,0.27
7674-YTAFD,CELL_112B,2024-12-01,2024-12-07,-106.7,4.8,9,88.9,5.99
7675-OZCZG,CELL_411A,2024-12-01,2024-12-07,-88.3,17.9,1,50.8,0.4
7677-SJJJK,CELL_245B,2024-12-01,2024-12-07,-87.4,14.6,1,58.8,0.59
7682-AZNDK,CELL_778C,2024-12-01,2024-12-07,-103.4,5.4,11,87.2,5.37
7683-CBDKJ,CELL_778C,2024-12-01,2024-12-07,-85.6,10.4,3,73.2,1.62
7684-XSZIY,CELL_411A,2024-12-01,2024-12-07,-94.1,7.8,4,80.7,2.49
7688-AWMDX,CELL_889D,2024-12-01,2024-12-07,-90.3,14.8,1,48.2,0.18
7690-KPNCU,CELL_502B,2024-12-01,2024-12-07,-95.6,7.5,6,73.1,2.37
7691-KGKGP,CELL_889D,2024-12-01,2024-12-07,-105.2,7.3,4,74.4,2.72
7691-XVTZH,CELL_234A,2024-12-01,2024-12-07,-110.0,3.8,11,92.1,4.74
7693-LCKZL,CELL_101A,2024-12-01,2024-12-07,-99.5,10.8,5,72.0,2.29
7693-QPEFS,CELL_778C,2024-12-01,2024-12-07,-109.5,6.9,10,86.7,5.46
7694-VLBWQ,CELL_502B,2024-12-01,2024-12-07,-107.1,5.9,4,72.7,1.72
7695-PKLCZ,CELL_134C,2024-12-01,2024-12-07,-91.0,14.8,0,39.9,0.11
7696-AMHOD,CELL_112B,2024-12-01,2024-12-07,-89.4,10.1,0,41.2,0.17
7696-CFTAT,CELL_245B,2024-12-01,2024-12-07,-83.5,12.7,1,40.2,0.56
7698-YFGEZ,CELL_134C,2024-12-01,2024-12-07,-90.2,13.8,1,47.0,0.21
7703-ZEKEF,CELL_778C,2024-12-01,2024-12-07,-107.1,10.0,5,83.3,1.82
7706-DZNKK,CELL_101A,2024-12-01,2024-12-07,-92.7,15.7,1,57.3,0.35
7706-YLMQA,CELL_411A,2024-12-01,2024-12-07,-98.5,13.9,0,36.4,0.4
7707-PYBBH,CELL_134C,2024-12-01,2024-12-07,-108.4,4.6,10,85.8,5.07
7710-JSYOA,CELL_245B,2024-12-01,2024-12-07,-94.6,9.8,4,76.9,2.58
7711-GQBZC,CELL_502B,2024-12-01,2024-12-07,-90.5,18.6,0,46.3,0.34
7711-YIJWC,CELL_411A,2024-12-01,2024-12-07,-89.7,16.6,0,46.7,0.45
7714-YXSMB,CELL_245B,2024-12-01,2024-12-07,-103.8,9.6,3,78.3,2.05
7716-YTYHG,CELL_245B,2024-12-01,2024-12-07,-90.2,14.1,1,45.8,0.32
7717-BICXI,CELL_112B,2024-12-01,2024-12-07,-97.8,5.4,5,70.1,1.73
7718-RXDGG,CELL_301C,2024-12-01,2024-12-07,-102.7,4.9,4,77.9,1.55
7718-UPSKJ,CELL_134C,2024-12-01,2024-12-07,-90.8,12.0,1,57.9,0.54
7721-DVEKZ,CELL_411A,2024-12-01,2024-12-07,-91.2,8.1,6,70.3,2.83
7721-JXEAW,CELL_234A,2024-12-01,2024-12-07,-91.8,16.2,1,41.5,0.35
7722-CVFXN,CELL_112B,2024-12-01,2024-12-07,-88.7,19.5,1,59.8,0.19
7722-VJRQD,CELL_411A,2024-12-01,2024-12-07,-87.0,12.2,1,54.2,0.5
7727-SHVZV,CELL_502B,2024-12-01,2024-12-07,-91.5,13.7,1,42.2,0.21
7729-JTEEC,CELL_889D,2024-12-01,2024-12-07,-88.4,15.5,1,39.4,0.15
7729-XBTWX,CELL_502B,2024-12-01,2024-12-07,-97.4,10.0,6,76.8,2.62
7730-CLDSV,CELL_245B,2024-12-01,2024-12-07,-111.0,3.0,10,90.5,5.12
7730-IUTDZ,CELL_502B,2024-12-01,2024-12-07,-90.3,10.4,1,49.4,0.14
7733-UDMTP,CELL_301C,2024-12-01,2024-12-07,-88.3,11.6,0,34.4,0.57
7734-DBOAI,CELL_134C,2024-12-01,2024-12-07,-87.0,13.7,0,34.3,0.16
7739-LAXOG,CELL_134C,2024-12-01,2024-12-07,-100.5,8.9,4,74.8,2.16
7740-BTPUX,CELL_112B,2024-12-01,2024-12-07,-89.6,14.9,0,55.9,0.29
7740-KKCXF,CELL_778C,2024-12-01,2024-12-07,-86.0,13.7,0,43.0,0.37
7742-MYPGI,CELL_112B,2024-12-01,2024-12-07,-93.7,15.1,1,45.4,0.14
7743-EXURX,CELL_502B,2024-12-01,2024-12-07,-84.7,14.0,0,57.1,0.52
7746-AWNQW,CELL_101A,2024-12-01,2024-12-07,-93.6,12.8,1,47.4,0.24
7746-QYVCO,CELL_889D,2024-12-01,2024-12-07,-103.6,10.9,5,79.3,2.85
7748-UMTRK,CELL_134C,2024-12-01,2024-12-07,-94.4,13.9,0,50.5,0.51
7750-EYXWZ,CELL_101A,2024-12-01,2024-12-07,-96.4,10.7,4,79.5,2.45
7752-XUSCI,CELL_301C,2024-12-01,2024-12-07,-96.6,5.2,5,76.3,1.81
7753-USQYQ,CELL_245B,2024-12-01,2024-12-07,-89.9,12.6,1,37.4,0.44
7754-IXRMC,CELL_234A,2024-12-01,2024-12-07,-90.8,16.5,1,37.4,0.26
7758-UJWYS,CELL_778C,2024-12-01,2024-12-07,-87.5,16.1,0,38.8,0.43
7758-XKCBS,CELL_101A,2024-12-01,2024-12-07,-92.3,13.1,1,49.9,0.32
7760-OYPDY,CELL_502B,2024-12-01,2024-12-07,-88.4,13.4,0,54.9,0.55
7762-ONLJY,CELL_101A,2024-12-01,2024-12-07,-101.2,8.6,4,79.7,2.45
7762-URZQH,CELL_778C,2024-12-01,2024-12-07,-91.2,13.1,0,50.8,0.52
7764-BDPEE,CELL_234A,2024-12-01,2024-12-07,-85.3,13.1,1,33.5,0.36
7765-LWVVH,CELL_112B,2024-12-01,2024-12-07,-94.1,18.4,0,52.8,0.29
7766-CLTIC,CELL_234A,2024-12-01,2024-12-07,-85.8,15.9,0,30.4,0.28
7767-UXAGJ,CELL_411A,2024-12-01,2024-12-07,-109.9,2.8,13,88.7,3.68
7771-CFQRQ,CELL_112B,2024-12-01,2024-12-07,-89.5,18.0,1,47.1,0.54
7771-ZONAT,CELL_245B,2024-12-01,2024-12-07,-91.3,14.3,1,40.8,0.46
7774-OJSXI,CELL_112B,2024-12-01,2024-12-07,-112.3,4.0,14,95.6,5.79
7776-QGYJC,CELL_778C,2024-12-01,2024-12-07,-90.3,14.9,1,32.3,0.32
7776-QWNFX,CELL_502B,2024-12-01,2024-12-07,-93.8,14.4,0,36.7,0.49
7777-UNYHB,CELL_101A,2024-12-01,2024-12-07,-111.0,6.1,13,97.6,4.05
7779-LGOVN,CELL_112B,2024-12-01,2024-12-07,-79.2,17.1,0,43.0,0.51
7779-ORAEL,CELL_112B,2024-12-01,2024-12-07,-97.3,15.2,0,47.7,0.53
7780-OTDSO,CELL_101A,2024-12-01,2024-12-07,-99.5,9.9,6,76.4,2.72
7781-EWARA,CELL_112B,2024-12-01,2024-12-07,-107.5,5.1,12,90.0,5.97
7781-HVGMK,CELL_234A,2024-12-01,2024-12-07,-105.3,2.8,9,91.1,3.18
7783-YKGDV,CELL_245B,2024-12-01,2024-12-07,-101.9,8.0,5,82.3,2.78
7785-RDVIG,CELL_234A,2024-12-01,2024-12-07,-86.9,15.9,1,53.5,0.17
7786-WBJYI,CELL_411A,2024-12-01,2024-12-07,-99.2,3.2,4,74.8,1.75
7787-BNTZM,CELL_502B,2024-12-01,2024-12-07,-85.3,14.7,0,56.1,0.18
7789-CRUVC,CELL_301C,2024-12-01,2024-12-07,-88.7,16.1,1,31.7,0.44
7789-HKSBS,CELL_234A,2024-12-01,2024-12-07,-104.6,4.8,14,88.5,4.34
7794-JASDG,CELL_234A,2024-12-01,2024-12-07,-88.5,15.6,0,32.8,0.22
7795-CFOCW,CELL_301C,2024-12-01,2024-12-07,-87.3,14.8,0,35.8,0.36
7797-EJMDP,CELL_245B,2024-12-01,2024-12-07,-97.2,15.3,0,57.4,0.28
7798-JVXYM,CELL_234A,2024-12-01,2024-12-07,-103.1,8.9,5,74.0,2.54
7799-DSEWS,CELL_301C,2024-12-01,2024-12-07,-84.8,17.0,1,50.2,0.49
7799-LGRDP,CELL_134C,2024-12-01,2024-12-07,-97.4,10.0,3,82.4,1.87
7801-CEDNV,CELL_101A,2024-12-01,2024-12-07,-92.9,15.3,0,42.6,0.34
7801-KICAO,CELL_112B,2024-12-01,2024-12-07,-96.8,15.7,0,31.7,0.16
7802-EFKNY,CELL_245B,2024-12-01,2024-12-07,-96.0,12.8,1,35.0,0.38
7803-XOCCZ,CELL_502B,2024-12-01,2024-12-07,-88.1,12.5,0,42.3,0.47
7808-DVWEP,CELL_101A,2024-12-01,2024-12-07,-109.2,2.1,14,91.5,5.13
7811-JIVPF,CELL_411A,2024-12-01,2024-12-07,-93.8,13.1,1,41.4,0.51
7812-FZHPE,CELL_134C,2024-12-01,2024-12-07,-104.6,11.0,4,72.2,2.84
7813-TKCVO,CELL_245B,2024-12-01,2024-12-07,-91.1,14.2,1,55.0,0.15
7813-ZGGAW,CELL_889D,2024-12-01,2024-12-07,-85.4,15.8,1,52.1,0.38
7814-LEEVE,CELL_301C,2024-12-01,2024-12-07,-95.3,9.6,4,71.7,2.37
7815-PDTHL,CELL_889D,2024-12-01,2024-12-07,-88.0,16.5,0,59.4,0.21
7816-VGHTO,CELL_778C,2024-12-01,2024-12-07,-95.5,12.5,0,46.0,0.22
7817-BOQPW,CELL_234A,2024-12-01,2024-12-07,-94.7,12.2,6,82.9,1.96
7817-OMJNA,CELL_234A,2024-12-01,2024-12-07,-89.8,14.8,0,55.8,0.36
7820-ZYGNY,CELL_112B,2024-12-01,2024-12-07,-88.7,15.2,0,51.9,0.24
7821-DPRQE,CELL_134C,2024-12-01,2024-12-07,-101.9,8.0,3,71.9,1.68
7823-JSOAG,CELL_112B,2024-12-01,2024-12-07,-96.2,14.7,1,39.0,0.39
7824-PANSQ,CELL_245B,2024-12-01,2024-12-07,-109.6,1.6,14,93.2,4.28
7825-ECJRF,CELL_234A,2024-12-01,2024-12-07,-112.0,3.8,11,91.3,4.61
7825-GKXMW,CELL_134C,2024-12-01,2024-12-07,-98.0,13.9,1,53.6,0.48
7826-VVKWT,CELL_134C,2024-12-01,2024-12-07,-112.8,2.6,8,93.2,4.14
7831-QGOXH,CELL_134C,2024-12-01,2024-12-07,-92.0,17.0,1,42.1,0.41
7833-PKIHD,CELL_101A,2024-12-01,2024-12-07,-87.7,13.4,1,54.4,0.26
7838-LAZFO,CELL_112B,2024-12-01,2024-12-07,-105.5,8.7,6,82.0,2.87
7839-NUIAA,CELL_411A,2024-12-01,2024-12-07,-95.6,8.6,5,70.5,1.66
7839-QRKXN,CELL_301C,2024-12-01,2024-12-07,-92.6,16.8,0,35.2,0.17
7841-FCRQD,CELL_101A,2024-12-01,2024-12-07,-100.9,5.3,4,84.2,1.98
7841-TZDMQ,CELL_778C,2024-12-01,2024-12-07,-91.4,12.7,0,34.0,0.55
7845-URHJN,CELL_502B,2024-12-01,2024-12-07,-84.8,12.2,1,43.7,0.47
7850-THJMU,CELL_889D,2024-12-01,2024-12-07,-101.0,9.2,5,77.9,2.77
7850-VWJUU,CELL_411A,2024-12-01,2024-12-07,-86.6,16.7,1,57.4,0.6
7851-FLGGQ,CELL_101A,2024-12-01,2024-12-07,-100.4,11.1,3,81.2,1.9
7851-WZEKY,CELL_234A,2024-12-01,2024-12-07,-93.4,14.1,0,30.7,0.46
7852-LECYP,CELL_134C,2024-12-01,2024-12-07,-93.5,6.6,5,84.9,2.17
7853-GVUDZ,CELL_889D,2024-12-01,2024-12-07,-95.1,15.5,0,51.9,0.22
7853-OETYL,CELL_502B,2024-12-01,2024-12-07,-106.5,7.7,5,77.4,1.51
7853-WNZSY,CELL_778C,2024-12-01,2024-12-07,-102.6,6.8,6,71.4,2.57
7854-EDSSA,CELL_411A,2024-12-01,2024-12-07,-92.3,14.3,1,30.6,0.31
7854-EKTJL,CELL_411A,2024-12-01,2024-12-07,-89.4,19.0,1,45.6,0.39
7854-FOKSF,CELL_234A,2024-12-01,2024-12-07,-92.8,16.8,1,45.3,0.25
7855-DIWPO,CELL_112B,2024-12-01,2024-12-07,-86.8,15.1,1,32.1,0.26
7856-GANIL,CELL_301C,2024-12-01,2024-12-07,-106.1,2.1,10,92.2,5.55
7858-GTZSP,CELL_234A,2024-12-01,2024-12-07,-105.6,4.2,10,93.8,3.2
7860-KSUGX,CELL_101A,2024-12-01,2024-12-07,-88.7,14.3,0,43.4,0.44
7860-UXCRM,CELL_301C,2024-12-01,2024-12-07,-89.5,16.9,1,34.2,0.37
7861-UVUFT,CELL_134C,2024-12-01,2024-12-07,-85.6,13.6,0,30.2,0.38
7868-BGSZA,CELL_301C,2024-12-01,2024-12-07,-112.3,5.4,13,85.4,5.54
7868-TMWMZ,CELL_301C,2024-12-01,2024-12-07,-104.4,2.3,11,92.3,4.19
7869-ZYDST,CELL_101A,2024-12-01,2024-12-07,-107.3,3.8,9,95.9,3.25
7872-BAAZR,CELL_245B,2024-12-01,2024-12-07,-102.1,6.3,4,74.2,2.4
7872-RDDLZ,CELL_234A,2024-12-01,2024-12-07,-108.3,4.0,12,86.6,4.53
7873-CVMAW,CELL_778C,2024-12-01,2024-12-07,-93.7,12.4,1,32.4,0.49
7874-ECPQJ,CELL_778C,2024-12-01,2024-12-07,-107.1,9.6,6,70.8,1.53
7876-AEHIG,CELL_134C,2024-12-01,2024-12-07,-95.5,11.5,1,31.2,0.15
7876-BEUTG,CELL_134C,2024-12-01,2024-12-07,-92.6,16.7,0,39.2,0.32
7876-DNYAP,CELL_101A,2024-12-01,2024-12-07,-96.0,6.1,5,81.4,2.79
7878-JGDKK,CELL_112B,2024-12-01,2024-12-07,-89.1,15.3,0,34.1,0.35
7878-RTCZG,CELL_889D,2024-12-01,2024-12-07,-102.5,9.7,4,83.0,1.76
7879-CGSFV,CELL_112B,2024-12-01,2024-12-07,-101.3,9.2,4,74.8,1.71
7880-XSOJX,CELL_234A,2024-12-01,2024-12-07,-97.1,5.7,6,83.3,2.78
7881-EVUAD,CELL_134C,2024-12-01,2024-12-07,-91.5,14.6,0,57.0,0.55
7881-INRLC,CELL_778C,2024-12-01,2024-12-07,-101.1,7.3,6,80.1,2.81
7883-ROJOC,CELL_778C,2024-12-01,2024-12-07,-94.4,17.3,1,59.8,0.14
7890-VYYWG,CELL_889D,2024-12-01,2024-12-07,-107.5,8.4,5,70.3,1.88
7892-POOKP,CELL_889D,2024-12-01,2024-12-07,-88.5,14.7,1,45.5,0.11
7892-QVYKW,CELL_778C,2024-12-01,2024-12-07,-102.7,9.6,5,71.7,1.91
7893-IXHRQ,CELL_234A,2024-12-01,2024-12-07,-93.5,7.4,3,74.8,1.66
7895-VONWT,CELL_502B,2024-12-01,2024-12-07,-91.1,13.6,0,56.7,0.2
7898-PDWQE,CELL_245B,2024-12-01,2024-12-07,-108.4,3.0,10,90.6,4.79
7901-HXJVA,CELL_778C,2024-12-01,2024-12-07,-90.4,13.7,0,57.6,0.34
7901-IIDQV,CELL_245B,2024-12-01,2024-12-07,-103.5,9.2,3,76.9,2.0
7901-TBKJX,CELL_245B,2024-12-01,2024-12-07,-90.4,15.2,0,48.0,0.27
7903-CMPEY,CELL_112B,2024-12-01,2024-12-07,-90.4,14.1,1,32.2,0.29
7905-NJMXS,CELL_301C,2024-12-01,2024-12-07,-88.2,19.4,1,37.7,0.58
7905-TVXTA,CELL_134C,2024-12-01,2024-12-07,-111.2,3.6,10,87.8,3.81
7908-QCBCA,CELL_245B,2024-12-01,2024-12-07,-96.3,15.3,0,33.5,0.33
7909-FIOIY,CELL_234A,2024-12-01,2024-12-07,-95.9,15.5,0,36.0,0.48
7912-SYRQT,CELL_778C,2024-12-01,2024-12-07,-91.1,10.7,0,59.1,0.15
7916-VCCPB,CELL_301C,2024-12-01,2024-12-07,-85.9,15.8,0,50.4,0.2
7919-ZODZZ,CELL_101A,2024-12-01,2024-12-07,-92.2,15.5,1,49.7,0.29
7921-BEPCI,CELL_889D,2024-12-01,2024-12-07,-92.4,14.4,0,36.5,0.28
7921-LMDFQ,CELL_778C,2024-12-01,2024-12-07,-110.7,4.0,13,86.8,4.35
7923-IYJWY,CELL_112B,2024-12-01,2024-12-07,-88.2,14.1,0,47.9,0.24
7924-GJZFI,CELL_112B,2024-12-01,2024-12-07,-87.3,16.9,1,46.2,0.42
7925-PNRGI,CELL_112B,2024-12-01,2024-12-07,-94.3,9.8,3,75.1,2.53
7926-IJOOU,CELL_234A,2024-12-01,2024-12-07,-91.5,17.0,1,52.4,0.15
7927-AUXBZ,CELL_112B,2024-12-01,2024-12-07,-91.1,16.3,1,50.8,0.49
7928-VJYAB,CELL_301C,2024-12-01,2024-12-07,-107.8,3.6,10,97.5,3.26
7929-DMBCV,CELL_502B,2024-12-01,2024-12-07,-85.7,16.4,1,48.2,0.47
7929-SKFGK,CELL_134C,2024-12-01,2024-12-07,-90.2,15.6,1,43.9,0.42
7931-PXHFC,CELL_411A,2024-12-01,2024-12-07,-104.9,8.3,5,75.1,1.7
7932-WPTDS,CELL_778C,2024-12-01,2024-12-07,-105.5,8.0,4,73.2,2.32
7938-OUHIO,CELL_245B,2024-12-01,2024-12-07,-88.1,16.5,1,42.1,0.11
7940-UQQUG,CELL_234A,2024-12-01,2024-12-07,-105.2,11.8,6,76.7,2.61
7941-RCJOW,CELL_234A,2024-12-01,2024-12-07,-91.8,13.2,0,58.3,0.43
7943-RQCHR,CELL_411A,2024-12-01,2024-12-07,-112.3,4.2,10,95.0,3.72
7945-HLKEA,CELL_502B,2024-12-01,2024-12-07,-100.0,9.0,4,84.3,2.4
7945-PRBVF,CELL_101A,2024-12-01,2024-12-07,-106.7,4.2,12,85.4,4.76
7950-XWOVN,CELL_411A,2024-12-01,2024-12-07,-102.2,10.6,4,70.9,2.18
7951-QKZPL,CELL_112B,2024-12-01,2024-12-07,-93.0,13.1,0,43.2,0.57
7951-VRDVK,CELL_112B,2024-12-01,2024-12-07,-109.4,4.5,10,97.8,5.97
7952-OBOYL,CELL_778C,2024-12-01,2024-12-07,-103.1,3.9,3,80.8,2.51
7954-MLBUN,CELL_101A,2024-12-01,2024-12-07,-90.9,13.6,0,37.3,0.1
7956-XQWGU,CELL_112B,2024-12-01,2024-12-07,-101.4,9.3,6,84.7,2.93
7957-RYHQD,CELL_134C,2024-12-01,2024-12-07,-91.6,17.5,1,33.0,0.32
7963-GQRMY,CELL_112B,2024-12-01,2024-12-07,-95.3,16.1,0,57.8,0.43
7963-SHNDT,CELL_245B,2024-12-01,2024-12-07,-107.7,6.7,8,88.0,5.43
7964-VEXDG,CELL_778C,2024-12-01,2024-12-07,-91.0,11.6,1,42.6,0.36
7964-YESJC,CELL_411A,2024-12-01,2024-12-07,-97.3,7.3,5,75.5,2.02
7964-ZRKKG,CELL_101A,2024-12-01,2024-12-07,-83.5,14.0,0,32.1,0.12
7966-YOTQW,CELL_411A,2024-12-01,2024-12-07,-108.0,3.2,12,94.0,4.96
7967-HYCDE,CELL_134C,2024-12-01,2024-12-07,-96.3,16.2,0,59.0,0.15
7968-QUXNS,CELL_112B,2024-12-01,2024-12-07,-97.0,12.7,0,39.9,0.6
7969-AULMZ,CELL_778C,2024-12-01,2024-12-07,-87.8,13.0,0,58.5,0.29
7969-FFOWG,CELL_301C,2024-12-01,2024-12-07,-84.7,14.9,1,47.2,0.26
7971-HLVXI,CELL_411A,2024-12-01,2024-12-07,-84.0,12.2,1,56.2,0.14
7973-DZRKH,CELL_778C,2024-12-01,2024-12-07,-89.7,14.2,0,32.5,0.33
7975-JMZNT,CELL_301C,2024-12-01,2024-12-07,-113.7,2.9,12,96.7,3.65
7975-TZMLR,CELL_502B,2024-12-01,2024-12-07,-88.7,14.9,0,40.5,0.19
7976-CICYS,CELL_778C,2024-12-01,2024-12-07,-98.6,8.9,5,72.6,2.2
7977-HXJKU,CELL_411A,2024-12-01,2024-12-07,-86.4,18.2,0,55.0,0.17
7978-DKUQH,CELL_778C,2024-12-01,2024-12-07,-93.7,12.7,0,47.1,0.33
7979-CORPM,CELL_234A,2024-12-01,2024-12-07,-90.7,15.9,0,31.9,0.29
7980-MHFLQ,CELL_778C,2024-12-01,2024-12-07,-88.7,16.6,1,47.7,0.18
7982-VCELR,CELL_245B,2024-12-01,2024-12-07,-89.8,13.1,1,38.1,0.13
7989-AWGEH,CELL_245B,2024-12-01,2024-12-07,-93.2,14.4,0,36.1,0.18
7989-CHGTL,CELL_234A,2024-12-01,2024-12-07,-115.3,3.9,12,91.9,5.34
7989-VCQOH,CELL_778C,2024-12-01,2024-12-07,-100.8,9.1,6,77.5,1.94
7993-NQLJE,CELL_245B,2024-12-01,2024-12-07,-91.7,8.4,6,84.9,2.88
7993-PYKOF,CELL_112B,2024-12-01,2024-12-07,-89.2,16.2,0,45.8,0.26
7994-UYIVZ,CELL_301C,2024-12-01,2024-12-07,-110.4,5.6,12,91.4,4.1
7994-XIRTR,CELL_234A,2024-12-01,2024-12-07,-92.6,14.6,1,44.5,0.28
7995-ZHHNZ,CELL_301C,2024-12-01,2024-12-07,-91.3,14.6,0,49.1,0.28
7996-BPXHY,CELL_778C,2024-12-01,2024-12-07,-92.5,20.3,0,35.3,0.17
7996-MHXLW,CELL_112B,2024-12-01,2024-12-07,-95.7,17.1,1,31.6,0.46
7997-EASSD,CELL_101A,2024-12-01,2024-12-07,-89.6,13.7,1,51.6,0.2
7998-WNZEM,CELL_245B,2024-12-01,2024-12-07,-106.1,7.1,8,89.1,3.06
7998-ZLXWN,CELL_502B,2024-12-01,2024-12-07,-91.7,16.3,1,41.6,0.47
8000-REIQB,CELL_112B,2024-12-01,2024-12-07,-101.2,12.7,3,74.1,2.19
8003-EWNDZ,CELL_301C,2024-12-01,2024-12-07,-108.9,5.8,13,88.0,5.67
8006-PYCSW,CELL_112B,2024-12-01,2024-12-07,-89.1,17.5,1,48.9,0.16
8007-YYPWD,CELL_889D,2024-12-01,2024-12-07,-86.9,14.4,1,55.2,0.45
8008-ESFLK,CELL_234A,2024-12-01,2024-12-07,-96.1,7.0,3,73.7,2.47
8008-HAWED,CELL_778C,2024-12-01,2024-12-07,-91.9,16.2,1,34.2,0.15
8008-OTEZX,CELL_411A,2024-12-01,2024-12-07,-87.2,14.2,0,34.1,0.38
8010-EZLOU,CELL_502B,2024-12-01,2024-12-07,-93.5,10.2,1,46.3,0.5
8012-SOUDQ,CELL_778C,2024-12-01,2024-12-07,-88.4,14.4,1,30.8,0.16
8015-IHCGW,CELL_502B,2024-12-01,2024-12-07,-103.1,10.8,6,82.0,2.3
8016-NCFVO,CELL_112B,2024-12-01,2024-12-07,-85.8,14.8,1,32.4,0.57
8016-ZMGMO,CELL_101A,2024-12-01,2024-12-07,-93.7,7.4,6,79.1,2.15
8017-LXHFA,CELL_112B,2024-12-01,2024-12-07,-92.6,14.5,0,49.6,0.43
8017-UVSZU,CELL_101A,2024-12-01,2024-12-07,-87.9,13.9,1,32.4,0.41
8019-ENHXU,CELL_134C,2024-12-01,2024-12-07,-85.9,13.6,1,38.5,0.42
8020-BWHYL,CELL_502B,2024-12-01,2024-12-07,-100.6,6.9,3,78.9,2.33
8022-BECSI,CELL_411A,2024-12-01,2024-12-07,-85.3,16.8,1,30.4,0.57
8023-QHAIO,CELL_502B,2024-12-01,2024-12-07,-88.6,14.1,1,48.7,0.54
8024-XNAFQ,CELL_134C,2024-12-01,2024-12-07,-107.9,6.2,9,90.3,5.91
8028-PNXHQ,CELL_245B,2024-12-01,2024-12-07,-88.9,12.3,1,31.7,0.11
8029-XYPWT,CELL_234A,2024-12-01,2024-12-07,-85.9,12.9,1,45.0,0.36
8033-ATFAS,CELL_502B,2024-12-01,2024-12-07,-89.5,12.4,1,35.3,0.26
8033-VCZGH,CELL_245B,2024-12-01,2024-12-07,-89.1,10.8,1,43.3,0.18
8034-RYTVV,CELL_301C,2024-12-01,2024-12-07,-93.1,13.7,1,50.6,0.13
8035-BUYVG,CELL_245B,2024-12-01,2024-12-07,-96.2,18.3,1,59.8,0.58
8035-PWSEV,CELL_411A,2024-12-01,2024-12-07,-102.1,9.5,5,80.3,2.33
8039-ACLPL,CELL_245B,2024-12-01,2024-12-07,-93.2,15.5,1,53.3,0.48
8039-EQPIM,CELL_411A,2024-12-01,2024-12-07,-91.6,16.2,0,50.5,0.14
8040-MNRTF,CELL_502B,2024-12-01,2024-12-07,-93.9,15.5,0,59.2,0.12
8041-TMEID,CELL_411A,2024-12-01,2024-12-07,-95.2,13.9,1,50.6,0.5
8042-JVNFH,CELL_101A,2024-12-01,2024-12-07,-87.9,14.1,1,40.6,0.48
8042-RNLKO,CELL_411A,2024-12-01,2024-12-07,-91.1,14.1,0,32.4,0.39
8043-PNYSD,CELL_889D,2024-12-01,2024-12-07,-99.8,7.3,5,78.4,2.05
8044-BGWPI,CELL_411A,2024-12-01,2024-12-07,-82.9,15.2,1,42.1,0.59
8046-DNVTL,CELL_245B,2024-12-01,2024-12-07,-93.7,7.2,3,72.4,1.68
8048-DSDFQ,CELL_301C,2024-12-01,2024-12-07,-107.2,9.1,3,77.7,2.65
8049-WJCLQ,CELL_112B,2024-12-01,2024-12-07,-91.8,14.5,0,44.8,0.34
8050-DVOJX,CELL_411A,2024-12-01,2024-12-07,-94.3,7.6,4,83.7,2.85
8050-WYBND,CELL_502B,2024-12-01,2024-12-07,-105.0,3.7,14,88.6,4.0
8050-XGRVL,CELL_778C,2024-12-01,2024-12-07,-91.8,15.1,0,59.5,0.14
8051-HJRLT,CELL_134C,2024-12-01,2024-12-07,-91.5,6.1,5,82.6,2.42
8053-WWDRO,CELL_502B,2024-12-01,2024-12-07,-106.6,3.5,11,89.8,4.15
8058-DMYRU,CELL_245B,2024-12-01,2024-12-07,-90.3,16.1,1,41.2,0.21
8058-INTPH,CELL_112B,2024-12-01,2024-12-07,-87.1,15.3,1,35.8,0.42
8058-JMEQO,CELL_101A,2024-12-01,2024-12-07,-107.3,6.6,5,80.1,2.47
8059-UDZFY,CELL_301C,2024-12-01,2024-12-07,-102.0,7.2,3,71.6,1.92
8060-HIWJJ,CELL_502B,2024-12-01,2024-12-07,-95.2,17.7,0,53.5,0.47
8062-YBDOE,CELL_889D,2024-12-01,2024-12-07,-90.6,16.6,0,42.7,0.39
8063-GBATB,CELL_234A,2024-12-01,2024-12-07,-96.9,13.3,0,54.8,0.52
8063-RJYNF,CELL_134C,2024-12-01,2024-12-07,-110.6,5.4,9,90.8,4.03
8064-RAVOH,CELL_411A,2024-12-01,2024-12-07,-92.7,16.4,0,37.0,0.39
8065-BVEPF,CELL_245B,2024-12-01,2024-12-07,-85.8,12.6,0,33.6,0.16
8065-QBYTO,CELL_411A,2024-12-01,2024-12-07,-91.1,14.1,0,41.1,0.18
8065-YKXKD,CELL_101A,2024-12-01,2024-12-07,-83.5,15.1,1,51.8,0.31
8066-POXGX,CELL_112B,2024-12-01,2024-12-07,-91.0,16.6,0,36.0,0.51
8067-NIOYM,CELL_502B,2024-12-01,2024-12-07,-91.0,19.0,1,47.9,0.25
8069-RHUXK,CELL_245B,2024-12-01,2024-12-07,-90.3,10.2,3,76.0,1.94
8069-YQQAJ,CELL_301C,2024-12-01,2024-12-07,-87.2,17.6,1,32.3,0.43
8070-AAWZP,CELL_889D,2024-12-01,2024-12-07,-105.0,0.2,8,95.1,4.19
8071-SBTRN,CELL_778C,2024-12-01,2024-12-07,-85.8,18.3,0,43.5,0.55
8073-IJDCM,CELL_411A,2024-12-01,2024-12-07,-102.7,9.0,6,76.7,2.29
8075-GXIUB,CELL_134C,2024-12-01,2024-12-07,-93.8,6.5,4,82.1,2.0
8076-FEZKJ,CELL_134C,2024-12-01,2024-12-07,-101.6,5.8,5,74.1,2.83
8079-XRJRS,CELL_411A,2024-12-01,2024-12-07,-90.8,12.3,1,46.2,0.26
8080-DDEMJ,CELL_234A,2024-12-01,2024-12-07,-94.4,15.5,1,38.3,0.42
8080-POTJR,CELL_889D,2024-12-01,2024-12-07,-88.1,13.0,0,57.8,0.59
8082-GHXOP,CELL_502B,2024-12-01,2024-12-07,-88.2,15.8,0,49.4,0.58
8083-YTZES,CELL_301C,2024-12-01,2024-12-07,-88.4,16.6,0,50.2,0.49
8084-OIVBS,CELL_234A,2024-12-01,2024-12-07,-91.4,11.0,0,41.5,0.33
8085-MSNLK,CELL_301C,2024-12-01,2024-12-07,-110.8,2.6,9,93.0,4.34
8086-OVPWV,CELL_502B,2024-12-01,2024-12-07,-96.1,12.4,6,78.0,2.36
8087-LGYHQ,CELL_112B,2024-12-01,2024-12-07,-94.5,14.1,0,58.0,0.13
8089-UZWLX,CELL_101A,2024-12-01,2024-12-07,-90.8,12.7,0,36.5,0.44
8091-TTVAX,CELL_134C,2024-12-01,2024-12-07,-93.5,15.0,1,42.7,0.36
8092-NLTGF,CELL_134C,2024-12-01,2024-12-07,-86.9,13.0,0,35.3,0.39
8095-WANWK,CELL_234A,2024-12-01,2024-12-07,-86.9,15.3,0,32.9,0.55
8096-LOIST,CELL_778C,2024-12-01,2024-12-07,-85.2,16.6,1,37.6,0.46
8097-OMULG,CELL_234A,2024-12-01,2024-12-07,-91.6,17.4,1,39.2,0.17
8097-VBQTZ,CELL_889D,2024-12-01,2024-12-07,-89.3,14.1,0,53.3,0.41
8098-LLAZX,CELL_889D,2024-12-01,2024-12-07,-83.8,17.1,1,48.6,0.59
8098-TDCBU,CELL_112B,2024-12-01,2024-12-07,-89.4,14.8,1,37.9,0.41
8099-MZPUJ,CELL_301C,2024-12-01,2024-12-07,-93.1,15.5,1,32.3,0.13
8100-HZZLJ,CELL_502B,2024-12-01,2024-12-07,-85.0,18.0,1,47.4,0.26
8100-PNJMH,CELL_134C,2024-12-01,2024-12-07,-112.6,4.5,13,95.1,5.45
8104-OSKWT,CELL_234A,2024-12-01,2024-12-07,-88.5,15.2,0,55.4,0.38
8106-GWQOK,CELL_778C,2024-12-01,2024-12-07,-91.1,15.2,1,54.4,0.16
8107-KNCIM,CELL_502B,2024-12-01,2024-12-07,-100.9,6.8,5,84.6,1.52
8107-RZLNV,CELL_411A,2024-12-01,2024-12-07,-88.4,15.6,1,40.9,0.11
8108-UXRQN,CELL_245B,2024-12-01,2024-12-07,-90.3,13.5,1,54.7,0.58
8109-YUOHE,CELL_778C,2024-12-01,2024-12-07,-105.0,3.7,11,89.2,3.73
8111-BKVDS,CELL_234A,2024-12-01,2024-12-07,-87.3,16.8,1,39.9,0.3
8111-RKSPX,CELL_245B,2024-12-01,2024-12-07,-93.4,7.3,6,80.9,1.82
8111-SLLHI,CELL_112B,2024-12-01,2024-12-07,-83.7,14.1,1,41.2,0.33
8118-LSUEL,CELL_889D,2024-12-01,2024-12-07,-96.7,8.8,5,78.0,2.67
8118-TJAFG,CELL_234A,2024-12-01,2024-12-07,-92.7,18.7,1,49.1,0.1
8120-JDCAM,CELL_101A,2024-12-01,2024-12-07,-91.8,15.3,0,48.8,0.12
8123-QBNAZ,CELL_778C,2024-12-01,2024-12-07,-91.7,13.3,0,41.1,0.39
8124-NZVGJ,CELL_234A,2024-12-01,2024-12-07,-103.1,6.9,5,70.5,1.97
8125-QPFJD,CELL_502B,2024-12-01,2024-12-07,-90.6,17.7,1,48.3,0.34
8128-YVJRG,CELL_889D,2024-12-01,2024-12-07,-92.6,14.2,0,40.5,0.57
8129-GMVGI,CELL_245B,2024-12-01,2024-12-07,-86.5,15.4,1,36.3,0.53
8132-YPVBX,CELL_112B,2024-12-01,2024-12-07,-91.2,16.6,1,40.7,0.16
8133-ANHHJ,CELL_301C,2024-12-01,2024-12-07,-85.0,14.2,0,50.2,0.36
8138-EALND,CELL_502B,2024-12-01,2024-12-07,-92.9,13.6,0,57.0,0.18
8143-ETQTI,CELL_889D,2024-12-01,2024-12-07,-91.2,11.0,0,36.5,0.32
8144-DGHXP,CELL_134C,2024-12-01,2024-12-07,-101.4,9.1,4,77.6,1.78
8146-QQKZH,CELL_112B,2024-12-01,2024-12-07,-85.5,14.9,1,51.7,0.44
8148-BPLZQ,CELL_234A,2024-12-01,2024-12-07,-108.2,9.3,5,79.1,2.64
8148-NLEGT,CELL_301C,2024-12-01,2024-12-07,-103.0,7.7,5,82.6,1.77
8148-WOCMK,CELL_245B,2024-12-01,2024-12-07,-93.4,17.8,1,31.0,0.47
8149-AIQCG,CELL_502B,2024-12-01,2024-12-07,-109.7,3.5,8,95.3,5.13
8149-RSOUN,CELL_134C,2024-12-01,2024-12-07,-90.3,11.0,1,41.6,0.57
8150-QUDFX,CELL_778C,2024-12-01,2024-12-07,-103.6,6.6,4,78.5,1.74
8152-UOBNY,CELL_301C,2024-12-01,2024-12-07,-89.7,13.5,0,55.6,0.52
8152-VETUR,CELL_101A,2024-12-01,2024-12-07,-87.0,16.0,0,53.6,0.56
8155-IBNHG,CELL_234A,2024-12-01,2024-12-07,-95.9,6.6,6,82.6,2.21
8158-WPEZG,CELL_502B,2024-12-01,2024-12-07,-83.4,15.7,1,47.7,0.25
8160-HOWOX,CELL_134C,2024-12-01,2024-12-07,-91.2,13.4,1,44.9,0.25
8161-QYMTT,CELL_502B,2024-12-01,2024-12-07,-88.0,14.9,0,34.4,0.34
8164-OCKUJ,CELL_112B,2024-12-01,2024-12-07,-96.2,4.0,4,71.4,2.68
8165-CBKXO,CELL_778C,2024-12-01,2024-12-07,-95.3,5.5,5,78.1,2.83
8165-ZJRNM,CELL_411A,2024-12-01,2024-12-07,-100.6,10.1,4,76.0,1.7
8166-ORCHU,CELL_502B,2024-12-01,2024-12-07,-89.5,13.6,0,40.8,0.5
8166-ZZTFS,CELL_502B,2024-12-01,2024-12-07,-100.4,5.9,4,70.8,1.68
8167-GJLRN,CELL_112B,2024-12-01,2024-12-07,-91.8,7.3,5,80.1,2.26
8168-UQWWF,CELL_778C,2024-12-01,2024-12-07,-91.5,16.2,0,54.0,0.27
8169-SAEJD,CELL_778C,2024-12-01,2024-12-07,-110.1,2.6,10,89.3,4.59
8173-RXAYP,CELL_134C,2024-12-01,2024-12-07,-87.4,14.3,1,33.8,0.37
8174-LNWMW,CELL_301C,2024-12-01,2024-12-07,-86.9,12.8,0,38.7,0.33
8174-TBVCF,CELL_889D,2024-12-01,2024-12-07,-91.4,18.0,1,59.8,0.31
8178-EYZUO,CELL_889D,2024-12-01,2024-12-07,-100.4,7.6,6,76.4,2.18
8180-AKMJV,CELL_234A,2024-12-01,2024-12-07,-105.7,5.6,10,90.3,4.05
8181-YHCMF,CELL_101A,2024-12-01,2024-12-07,-85.1,15.5,0,31.4,0.24
8182-BJDSI,CELL_301C,2024-12-01,2024-12-07,-85.8,12.1,0,58.7,0.39
8182-PNAGI,CELL_101A,2024-12-01,2024-12-07,-107.8,2.2,13,87.2,3.56
8183-ONMXC,CELL_134C,2024-12-01,2024-12-07,-93.1,8.0,6,81.2,2.39
8184-WMOFI,CELL_411A,2024-12-01,2024-12-07,-94.6,17.0,0,35.0,0.44
8185-UPYBR,CELL_502B,2024-12-01,2024-12-07,-87.8,14.7,1,31.2,0.57
8189-DUKMV,CELL_889D,2024-12-01,2024-12-07,-103.7,9.4,3,77.9,1.81
8189-HBVRW,CELL_301C,2024-12-01,2024-12-07,-100.4,8.4,3,82.0,1.95
8189-XRIKE,CELL_134C,2024-12-01,2024-12-07,-85.5,14.9,0,56.9,0.3
8190-ZTQFB,CELL_245B,2024-12-01,2024-12-07,-111.1,6.1,5,81.5,1.89
8191-XWSZG,CELL_134C,2024-12-01,2024-12-07,-86.6,17.7,1,40.1,0.57
8194-PEEBY,CELL_101A,2024-12-01,2024-12-07,-99.7,6.6,4,72.7,2.42
8197-BFWVU,CELL_301C,2024-12-01,2024-12-07,-91.5,17.2,1,41.7,0.49
8198-RKSZG,CELL_301C,2024-12-01,2024-12-07,-88.5,14.0,0,59.8,0.11
8199-ZLLSA,CELL_134C,2024-12-01,2024-12-07,-92.8,18.6,0,35.5,0.12
8200-KLNYW,CELL_889D,2024-12-01,2024-12-07,-99.6,10.3,3,75.4,2.24
8200-LGKSR,CELL_134C,2024-12-01,2024-12-07,-87.7,10.9,1,36.3,0.54
8201-AAXCB,CELL_411A,2024-12-01,2024-12-07,-107.0,4.2,10,93.4,4.69
8203-XJZRC,CELL_101A,2024-12-01,2024-12-07,-94.4,5.3,6,79.3,1.55
8204-TIFGJ,CELL_411A,2024-12-01,2024-12-07,-94.0,12.5,1,49.6,0.48
8204-YJCLA,CELL_245B,2024-12-01,2024-12-07,-94.9,17.5,0,59.6,0.18
8205-MQUGY,CELL_301C,2024-12-01,2024-12-07,-113.9,1.5,10,88.7,5.12
8205-OTCHB,CELL_889D,2024-12-01,2024-12-07,-93.4,14.0,1,41.5,0.57
8205-VSLRB,CELL_112B,2024-12-01,2024-12-07,-108.9,5.7,12,86.1,4.98
8207-DMRVL,CELL_778C,2024-12-01,2024-12-07,-103.0,5.7,13,94.8,3.62
8207-VVMYB,CELL_502B,2024-12-01,2024-12-07,-95.1,11.7,4,80.0,1.51
8208-EUMTE,CELL_245B,2024-12-01,2024-12-07,-89.8,17.5,0,38.5,0.39
8212-CRQXP,CELL_889D,2024-12-01,2024-12-07,-90.3,13.9,1,30.6,0.13
8212-DJRCH,CELL_778C,2024-12-01,2024-12-07,-87.1,15.5,1,31.3,0.29
8213-TAZPM,CELL_778C,2024-12-01,2024-12-07,-92.9,13.5,0,59.0,0.14
8215-NGSPE,CELL_778C,2024-12-01,2024-12-07,-98.7,11.3,3,75.0,2.57
8216-AZUUZ,CELL_778C,2024-12-01,2024-12-07,-97.0,8.1,3,80.2,2.48
8217-QYOHV,CELL_301C,2024-12-01,2024-12-07,-93.1,17.6,0,43.7,0.31
8218-FFJDS,CELL_411A,2024-12-01,2024-12-07,-90.5,13.6,1,45.6,0.56
8219-VYBVI,CELL_301C,2024-12-01,2024-12-07,-94.0,14.8,1,46.0,0.36
8220-OCUFY,CELL_245B,2024-12-01,2024-12-07,-109.1,1.4,10,89.5,3.21
8221-EQDGL,CELL_134C,2024-12-01,2024-12-07,-106.8,6.4,12,90.1,5.52
8221-HVAYI,CELL_234A,2024-12-01,2024-12-07,-93.2,15.9,0,49.8,0.55
8224-DWCKX,CELL_101A,2024-12-01,2024-12-07,-99.0,4.9,3,72.2,2.53
8224-IVVPA,CELL_301C,2024-12-01,2024-12-07,-101.2,5.9,4,70.3,1.72
8224-KDLKN,CELL_134C,2024-12-01,2024-12-07,-89.4,16.1,1,37.2,0.1
8224-UAXBZ,CELL_245B,2024-12-01,2024-12-07,-92.3,14.8,0,42.7,0.43
8225-BTJAU,CELL_245B,2024-12-01,2024-12-07,-92.2,17.3,1,53.5,0.34
8226-BXGES,CELL_101A,2024-12-01,2024-12-07,-107.3,3.0,12,88.4,5.04
8229-BUJHX,CELL_502B,2024-12-01,2024-12-07,-104.6,8.7,5,80.5,1.85
8229-MYEJZ,CELL_112B,2024-12-01,2024-12-07,-85.3,13.2,1,44.0,0.18
8229-TNIQA,CELL_502B,2024-12-01,2024-12-07,-90.3,14.4,1,33.7,0.51
8231-BSWXX,CELL_245B,2024-12-01,2024-12-07,-89.7,11.7,1,53.8,0.1
8232-CTLKO,CELL_101A,2024-12-01,2024-12-07,-90.2,10.7,0,47.7,0.51
8232-UTFOZ,CELL_134C,2024-12-01,2024-12-07,-111.8,5.3,9,88.2,3.64
8234-GSZYK,CELL_778C,2024-12-01,2024-12-07,-102.2,4.8,14,91.3,3.45
8237-ULIXL,CELL_502B,2024-12-01,2024-12-07,-105.1,8.0,5,80.9,2.37
8241-JUIQO,CELL_502B,2024-12-01,2024-12-07,-104.1,6.8,6,71.6,2.23
8242-JSVBO,CELL_101A,2024-12-01,2024-12-07,-106.6,5.1,13,95.5,3.44
8242-PDSGJ,CELL_301C,2024-12-01,2024-12-07,-85.0,14.7,0,42.6,0.17
8242-SOQUO,CELL_301C,2024-12-01,2024-12-07,-92.8,12.6,0,30.4,0.54
8245-UMPYT,CELL_101A,2024-12-01,2024-12-07,-107.7,4.9,10,97.2,4.33
8246-SHFGA,CELL_101A,2024-12-01,2024-12-07,-90.1,18.0,0,47.4,0.43
8249-THVEC,CELL_101A,2024-12-01,2024-12-07,-88.7,16.4,0,50.2,0.35
8250-ZNGGW,CELL_778C,2024-12-01,2024-12-07,-91.0,19.3,0,40.5,0.25
8257-RZAHR,CELL_301C,2024-12-01,2024-12-07,-92.7,18.9,1,44.6,0.51
8258-GSTJK,CELL_112B,2024-12-01,2024-12-07,-87.9,17.3,0,39.7,0.31
8259-DZLIZ,CELL_778C,2024-12-01,2024-12-07,-101.1,9.6,3,77.4,2.79
8259-NFJTV,CELL_778C,2024-12-01,2024-12-07,-99.1,9.8,5,82.3,1.84
8260-NGFNY,CELL_112B,2024-12-01,2024-12-07,-92.9,15.5,0,45.2,0.25
8261-GWDBQ,CELL_245B,2024-12-01,2024-12-07,-92.9,14.4,0,54.8,0.15
8262-COGGB,CELL_778C,2024-12-01,2024-12-07,-93.5,16.8,1,37.5,0.57
8263-JQAIK,CELL_889D,2024-12-01,2024-12-07,-104.4,8.1,5,75.5,1.68
8263-OKETD,CELL_502B,2024-12-01,2024-12-07,-100.9,6.4,4,77.8,2.98
8263-QMNTJ,CELL_889D,2024-12-01,2024-12-07,-97.3,8.0,6,84.3,2.38
8265-HKSOW,CELL_301C,2024-12-01,2024-12-07,-108.0,2.9,11,89.7,5.94
8266-VBFQL,CELL_889D,2024-12-01,2024-12-07,-103.2,7.4,4,83.1,1.95
8267-KFGYD,CELL_778C,2024-12-01,2024-12-07,-92.7,11.9,1,49.1,0.42
8267-ZNYVZ,CELL_112B,2024-12-01,2024-12-07,-93.3,15.7,0,59.8,0.27
8268-YDIXR,CELL_411A,2024-12-01,2024-12-07,-102.3,8.8,3,73.8,1.94
8270-RKSAP,CELL_112B,2024-12-01,2024-12-07,-105.7,5.2,10,96.2,4.24
8272-ONJLV,CELL_245B,2024-12-01,2024-12-07,-85.3,17.5,1,57.8,0.37
8276-MQBYC,CELL_301C,2024-12-01,2024-12-07,-84.0,15.8,1,40.4,0.27
8277-RVRSV,CELL_134C,2024-12-01,2024-12-07,-98.6,4.6,6,75.7,1.8
8280-MQRQN,CELL_502B,2024-12-01,2024-12-07,-104.5,4.7,13,93.0,5.73
8285-ABVLB,CELL_112B,2024-12-01,2024-12-07,-103.9,2.5,10,96.7,4.95
8286-AFUYI,CELL_301C,2024-12-01,2024-12-07,-88.3,17.7,0,55.8,0.54
8290-YWKHZ,CELL_134C,2024-12-01,2024-12-07,-105.2,2.6,13,85.7,3.63
8292-FRFZQ,CELL_301C,2024-12-01,2024-12-07,-85.4,13.8,1,31.8,0.23
8292-ITGYJ,CELL_134C,2024-12-01,2024-12-07,-88.0,15.0,1,47.0,0.1
8292-TYSPY,CELL_778C,2024-12-01,2024-12-07,-99.3,7.7,5,71.0,2.83
8294-UIMBA,CELL_245B,2024-12-01,2024-12-07,-92.0,17.7,0,54.0,0.34
8295-FHIVV,CELL_889D,2024-12-01,2024-12-07,-88.7,13.3,1,38.5,0.23
8295-KMENE,CELL_134C,2024-12-01,2024-12-07,-88.5,15.0,1,48.8,0.56
8305-VHZBZ,CELL_301C,2024-12-01,2024-12-07,-92.1,15.2,1,54.9,0.23
8309-IEYJD,CELL_134C,2024-12-01,2024-12-07,-104.4,6.9,4,78.2,1.84
8309-PPCED,CELL_411A,2024-12-01,2024-12-07,-88.8,13.0,0,46.9,0.39
8311-UEUAB,CELL_301C,2024-12-01,2024-12-07,-110.3,4.2,13,89.1,4.94
8313-AFGBW,CELL_502B,2024-12-01,2024-12-07,-96.4,5.8,3,79.6,2.51
8313-KTIHG,CELL_234A,2024-12-01,2024-12-07,-92.9,16.8,0,45.0,0.33
8313-NDOIA,CELL_411A,2024-12-01,2024-12-07,-100.5,8.2,4,76.3,2.43
8314-DPQHL,CELL_101A,2024-12-01,2024-12-07,-86.6,14.3,1,59.7,0.39
8314-HTWVE,CELL_101A,2024-12-01,2024-12-07,-97.3,7.4,3,72.2,2.61
8316-BBQAY,CELL_301C,2024-12-01,2024-12-07,-89.6,14.7,1,50.3,0.46
8317-BVKSO,CELL_778C,2024-12-01,2024-12-07,-86.4,16.5,1,48.0,0.36
8318-LCNBW,CELL_411A,2024-12-01,2024-12-07,-90.3,14.8,0,47.0,0.11
8319-QBEHW,CELL_301C,2024-12-01,2024-12-07,-105.9,3.1,11,85.2,3.14
8325-QRPZR,CELL_234A,2024-12-01,2024-12-07,-89.5,15.0,0,52.6,0.32
8327-LZKAS,CELL_301C,2024-12-01,2024-12-07,-100.9,12.6,4,71.5,2.2
8327-WKMIE,CELL_101A,2024-12-01,2024-12-07,-108.2,7.1,8,95.4,3.53
8328-SKJNO,CELL_101A,2024-12-01,2024-12-07,-107.1,3.7,8,96.7,4.17
8329-GWVPJ,CELL_101A,2024-12-01,2024-12-07,-88.7,14.1,1,42.4,0.26
8329-IBCTI,CELL_234A,2024-12-01,2024-12-07,-94.5,10.4,5,84.9,1.84
8329-UTMVM,CELL_502B,2024-12-01,2024-12-07,-90.2,16.4,0,55.2,0.39
8331-ZXFOE,CELL_889D,2024-12-01,2024-12-07,-100.3,9.1,5,80.7,2.63
8332-OSJDW,CELL_112B,2024-12-01,2024-12-07,-90.6,13.7,0,52.0,0.4
8336-TAVKX,CELL_411A,2024-12-01,2024-12-07,-84.7,16.6,0,45.9,0.21
8337-MSSXB,CELL_502B,2024-12-01,2024-12-07,-98.5,8.2,6,77.5,2.19
8337-UPOAQ,CELL_411A,2024-12-01,2024-12-07,-110.0,3.7,8,91.0,5.73
8338-QIUNR,CELL_411A,2024-12-01,2024-12-07,-95.8,6.4,4,84.3,1.94
8344-WFMFH,CELL_134C,2024-12-01,2024-12-07,-85.9,15.5,0,50.0,0.47
8345-MVDYC,CELL_245B,2024-12-01,2024-12-07,-89.9,18.4,1,46.5,0.52
8347-GDTMP,CELL_301C,2024-12-01,2024-12-07,-98.6,9.2,4,72.7,2.12
8348-HFYIV,CELL_778C,2024-12-01,2024-12-07,-88.6,14.3,0,32.2,0.22
8348-JLBUG,CELL_411A,2024-12-01,2024-12-07,-100.3,8.4,4,75.7,1.86
8350-NYMVI,CELL_778C,2024-12-01,2024-12-07,-106.9,5.2,8,88.1,4.18
8356-WUAOJ,CELL_101A,2024-12-01,2024-12-07,-89.2,13.7,1,38.3,0.45
8357-EQXFO,CELL_112B,2024-12-01,2024-12-07,-106.8,6.4,4,76.4,2.5
8361-LBRDI,CELL_112B,2024-12-01,2024-12-07,-90.3,14.7,0,50.4,0.33
8361-LTMKD,CELL_301C,2024-12-01,2024-12-07,-107.0,8.1,5,71.6,2.1
8364-TRMMK,CELL_245B,2024-12-01,2024-12-07,-88.7,15.6,1,37.9,0.28
8372-JUXUI,CELL_245B,2024-12-01,2024-12-07,-110.8,3.6,10,86.8,5.13
8374-UULRV,CELL_411A,2024-12-01,2024-12-07,-87.6,14.7,0,51.1,0.29
8374-XGEJJ,CELL_301C,2024-12-01,2024-12-07,-103.2,7.3,4,70.3,2.16
8375-DKEBR,CELL_101A,2024-12-01,2024-12-07,-95.7,6.8,5,79.3,1.88
8375-KVTHK,CELL_112B,2024-12-01,2024-12-07,-89.1,13.8,1,55.3,0.22
8378-LKJAF,CELL_234A,2024-12-01,2024-12-07,-91.2,13.1,0,53.6,0.49
8380-MQINP,CELL_245B,2024-12-01,2024-12-07,-99.2,7.9,5,77.5,1.74
8380-PEFPE,CELL_889D,2024-12-01,2024-12-07,-108.1,5.5,14,89.4,5.72
8382-SHQEH,CELL_112B,2024-12-01,2024-12-07,-95.4,19.7,1,47.8,0.45
8383-SGHJU,CELL_502B,2024-12-01,2024-12-07,-90.6,18.6,1,48.0,0.55
8384-FZBJK,CELL_889D,2024-12-01,2024-12-07,-102.5,5.5,10,88.4,5.48
8387-MOJJT,CELL_889D,2024-12-01,2024-12-07,-111.7,3.5,14,87.0,4.81
8387-UGUSU,CELL_245B,2024-12-01,2024-12-07,-92.8,3.8,4,80.0,2.37
8388-DMKAE,CELL_889D,2024-12-01,2024-12-07,-105.3,10.5,5,76.9,2.61
8388-FYNPZ,CELL_112B,2024-12-01,2024-12-07,-92.9,15.1,1,39.7,0.5
8390-FESFV,CELL_502B,2024-12-01,2024-12-07,-89.1,16.0,0,30.4,0.4
8393-DLHGA,CELL_134C,2024-12-01,2024-12-07,-91.8,16.0,1,41.8,0.58
8393-JMVMB,CELL_134C,2024-12-01,2024-12-07,-89.3,16.1,1,41.7,0.33
8395-ETZKQ,CELL_112B,2024-12-01,2024-12-07,-88.0,17.2,1,47.3,0.52
8397-MVTAZ,CELL_112B,2024-12-01,2024-12-07,-102.9,7.9,5,85.0,1.92
8398-TBIYD,CELL_889D,2024-12-01,2024-12-07,-90.5,12.3,0,30.7,0.56
8399-YNDCH,CELL_502B,2024-12-01,2024-12-07,-88.3,12.5,0,45.0,0.51
8400-WZICQ,CELL_889D,2024-12-01,2024-12-07,-89.4,16.1,0,31.5,0.25
8401-EMUWF,CELL_411A,2024-12-01,2024-12-07,-91.1,12.2,1,42.3,0.14
8402-EIVQS,CELL_778C,2024-12-01,2024-12-07,-92.2,18.2,0,33.7,0.44
8402-OOOHJ,CELL_112B,2024-12-01,2024-12-07,-88.0,12.3,0,38.8,0.33
8404-FYDIB,CELL_101A,2024-12-01,2024-12-07,-98.1,10.2,5,79.1,2.44
8404-GFGCZ,CELL_778C,2024-12-01,2024-12-07,-90.2,13.2,1,54.8,0.32
8404-VIOMB,CELL_411A,2024-12-01,2024-12-07,-89.8,16.2,0,38.1,0.58
8404-VLQFB,CELL_134C,2024-12-01,2024-12-07,-106.0,6.8,3,71.5,2.4
8405-IGQFX,CELL_234A,2024-12-01,2024-12-07,-111.0,4.8,11,94.1,5.48
8406-LNMHF,CELL_112B,2024-12-01,2024-12-07,-85.0,13.3,1,48.5,0.46
8409-WQJUX,CELL_245B,2024-12-01,2024-12-07,-92.4,15.8,1,41.2,0.51
8410-BGQXN,CELL_411A,2024-12-01,2024-12-07,-93.8,17.0,0,50.5,0.41
8413-VONUO,CELL_234A,2024-12-01,2024-12-07,-104.7,9.7,4,77.1,1.82
8413-YNHNV,CELL_245B,2024-12-01,2024-12-07,-92.1,17.2,1,48.1,0.2
8414-MYSHR,CELL_245B,2024-12-01,2024-12-07,-103.4,8.8,4,84.8,2.01
8414-OOEEL,CELL_101A,2024-12-01,2024-12-07,-92.5,14.9,1,53.0,0.35
8417-FMLZI,CELL_778C,2024-12-01,2024-12-07,-91.0,17.5,1,53.0,0.39
8417-GSODA,CELL_778C,2024-12-01,2024-12-07,-108.7,5.1,14,91.6,4.38
8421-WZOOW,CELL_502B,2024-12-01,2024-12-07,-100.0,8.6,6,82.2,1.58
8429-XIBUM,CELL_134C,2024-12-01,2024-12-07,-94.7,8.7,5,70.3,1.68
8430-TWCBX,CELL_778C,2024-12-01,2024-12-07,-109.3,3.2,11,89.0,3.94
8433-WPJTV,CELL_245B,2024-12-01,2024-12-07,-102.0,11.0,5,71.8,1.71
8433-WXGNA,CELL_245B,2024-12-01,2024-12-07,-95.7,7.2,3,83.9,1.6
8434-PNQZX,CELL_778C,2024-12-01,2024-12-07,-86.9,12.4,0,40.0,0.5
8434-VGEQQ,CELL_889D,2024-12-01,2024-12-07,-89.8,15.2,0,59.3,0.52
8436-BJUMM,CELL_502B,2024-12-01,2024-12-07,-89.8,14.5,0,57.1,0.2
8439-LTUGF,CELL_234A,2024-12-01,2024-12-07,-87.7,17.2,1,46.4,0.46
8441-SHIPE,CELL_502B,2024-12-01,2024-12-07,-89.8,16.0,0,31.4,0.54
8443-WVPSS,CELL_101A,2024-12-01,2024-12-07,-111.9,5.6,12,86.5,4.43
8443-ZRDBZ,CELL_245B,2024-12-01,2024-12-07,-100.9,3.4,9,97.6,3.87
8444-WRIDW,CELL_245B,2024-12-01,2024-12-07,-93.3,10.3,3,71.2,2.33
8445-DNBAE,CELL_502B,2024-12-01,2024-12-07,-91.0,14.2,0,42.6,0.36
8450-JOVAH,CELL_101A,2024-12-01,2024-12-07,-95.8,8.8,3,81.2,1.61
8450-LUGUK,CELL_889D,2024-12-01,2024-12-07,-89.2,15.6,1,46.4,0.4
8450-UYIBU,CELL_134C,2024-12-01,2024-12-07,-87.8,15.6,1,31.3,0.57
8454-AATJP,CELL_134C,2024-12-01,2024-12-07,-88.4,14.5,1,55.5,0.14
8455-HIRAQ,CELL_245B,2024-12-01,2024-12-07,-102.8,9.0,3,83.0,2.93
8456-QDAVC,CELL_134C,2024-12-01,2024-12-07,-110.5,1.3,8,95.8,5.56
8457-XIGKN,CELL_778C,2024-12-01,2024-12-07,-88.5,15.8,1,33.7,0.25
8461-EFQYM,CELL_502B,2024-12-01,2024-12-07,-87.9,14.0,1,40.5,0.13
8464-EETCQ,CELL_245B,2024-12-01,2024-12-07,-110.5,5.3,11,87.9,4.39
8465-SBRXP,CELL_301C,2024-12-01,2024-12-07,-90.0,14.5,0,37.0,0.19
8466-PZBLH,CELL_234A,2024-12-01,2024-12-07,-103.0,11.7,5,82.8,2.73
8467-WYNSR,CELL_889D,2024-12-01,2024-12-07,-88.0,14.3,1,36.5,0.41
8468-EHYJA,CELL_301C,2024-12-01,2024-12-07,-106.1,5.6,6,73.2,2.43
8468-FZTOE,CELL_245B,2024-12-01,2024-12-07,-105.7,12.8,6,70.6,1.77
8469-SNFFH,CELL_301C,2024-12-01,2024-12-07,-104.2,7.0,5,76.0,1.59
8473-VUVJN,CELL_778C,2024-12-01,2024-12-07,-86.3,13.7,1,44.3,0.48
8474-UMLNT,CELL_301C,2024-12-01,2024-12-07,-95.3,6.8,3,79.7,2.72
8480-PPONV,CELL_778C,2024-12-01,2024-12-07,-92.8,8.4,5,75.2,2.7
8481-YYXWG,CELL_101A,2024-12-01,2024-12-07,-86.5,14.6,1,48.6,0.54
8485-GJCDN,CELL_245B,2024-12-01,2024-12-07,-107.7,3.5,8,91.3,3.51
8486-AYEQH,CELL_411A,2024-12-01,2024-12-07,-92.6,19.1,1,42.2,0.38
8490-BXHEO,CELL_112B,2024-12-01,2024-12-07,-102.3,8.0,3,82.3,1.52
8495-LJDFO,CELL_411A,2024-12-01,2024-12-07,-93.3,5.2,4,78.6,2.65
8495-PRWFH,CELL_234A,2024-12-01,2024-12-07,-90.1,13.5,0,48.9,0.21
8496-DMZUK,CELL_112B,2024-12-01,2024-12-07,-100.1,5.8,4,78.1,1.58
8496-EJAUI,CELL_134C,2024-12-01,2024-12-07,-111.6,5.4,9,91.4,3.02
8498-XXGWA,CELL_411A,2024-12-01,2024-12-07,-82.3,10.5,1,58.8,0.57
8499-BRXTD,CELL_778C,2024-12-01,2024-12-07,-103.1,7.1,5,80.2,2.35
8510-AWCXC,CELL_134C,2024-12-01,2024-12-07,-85.3,12.6,0,47.2,0.32
8510-BBWMU,CELL_245B,2024-12-01,2024-12-07,-88.2,14.9,1,55.0,0.11
8510-TMWYB,CELL_889D,2024-12-01,2024-12-07,-100.9,7.8,4,74.3,1.85
8512-WIWYV,CELL_778C,2024-12-01,2024-12-07,-87.4,14.3,0,38.2,0.23
8513-OLYGY,CELL_245B,2024-12-01,2024-12-07,-91.2,11.1,1,42.2,0.59
8514-VZHEB,CELL_411A,2024-12-01,2024-12-07,-105.0,3.3,11,88.2,3.99
8515-OCTJS,CELL_301C,2024-12-01,2024-12-07,-86.6,12.7,0,37.4,0.25
8519-IMDHU,CELL_245B,2024-12-01,2024-12-07,-100.1,10.4,6,74.0,2.06
8519-QJGJD,CELL_301C,2024-12-01,2024-12-07,-103.2,9.1,6,83.5,2.98
8532-UEFWH,CELL_234A,2024-12-01,2024-12-07,-86.3,14.3,0,32.7,0.24
8535-SFUTN,CELL_301C,2024-12-01,2024-12-07,-100.8,6.7,6,75.6,2.04
8540-ZQGEA,CELL_889D,2024-12-01,2024-12-07,-106.0,2.0,11,88.6,3.88
8541-QVFKM,CELL_112B,2024-12-01,2024-12-07,-88.7,13.4,0,37.7,0.25
8543-MSDMF,CELL_411A,2024-12-01,2024-12-07,-87.6,14.9,0,37.6,0.31
8544-GOQSH,CELL_889D,2024-12-01,2024-12-07,-97.3,10.3,6,83.6,2.47
8544-JNBOX,CELL_778C,2024-12-01,2024-12-07,-92.8,12.2,1,42.5,0.43
8547-NSBBO,CELL_245B,2024-12-01,2024-12-07,-88.6,15.9,0,32.4,0.45
8548-AWOFC,CELL_889D,2024-12-01,2024-12-07,-83.2,11.7,0,46.0,0.21
8550-XSXUQ,CELL_234A,2024-12-01,2024-12-07,-93.0,12.0,0,45.7,0.36
8552-OBVRU,CELL_234A,2024-12-01,2024-12-07,-93.2,16.4,1,34.3,0.37
8559-CIZFV,CELL_411A,2024-12-01,2024-12-07,-104.8,8.8,4,76.1,1.66
8559-WNQZS,CELL_502B,2024-12-01,2024-12-07,-91.5,16.1,0,30.3,0.12
8561-NMTBD,CELL_889D,2024-12-01,2024-12-07,-89.8,13.7,1,33.2,0.2
8562-GHPPI,CELL_245B,2024-12-01,2024-12-07,-87.7,16.5,1,45.6,0.47
8563-IIOXK,CELL_234A,2024-12-01,2024-12-07,-96.6,16.7,1,44.1,0.46
8563-OYMQY,CELL_134C,2024-12-01,2024-12-07,-97.4,6.7,3,77.4,1.88
8564-LDKFL,CELL_134C,2024-12-01,2024-12-07,-100.0,9.2,3,84.9,2.04
8565-CLBZW,CELL_411A,2024-12-01,2024-12-07,-92.9,13.6,0,55.6,0.59
8565-HBFNN,CELL_889D,2024-12-01,2024-12-07,-87.1,17.7,1,46.6,0.45
8565-WUXZU,CELL_134C,2024-12-01,2024-12-07,-86.7,15.8,0,30.0,0.31
8566-YPRGL,CELL_245B,2024-12-01,2024-12-07,-87.8,19.2,0,49.9,0.1
8570-KLJYJ,CELL_889D,2024-12-01,2024-12-07,-88.4,12.2,0,30.7,0.32
8571-ZCMCX,CELL_112B,2024-12-01,2024-12-07,-101.4,10.1,6,79.6,2.71
8573-CGOCC,CELL_245B,2024-12-01,2024-12-07,-88.0,16.8,1,54.5,0.5
8573-JGCZW,CELL_889D,2024-12-01,2024-12-07,-89.6,14.5,0,47.5,0.58
8577-QSOCG,CELL_245B,2024-12-01,2024-12-07,-88.0,16.9,0,50.3,0.35
8580-AECUZ,CELL_134C,2024-12-01,2024-12-07,-97.0,7.4,6,70.7,1.93
8580-QVLOC,CELL_301C,2024-12-01,2024-12-07,-94.7,9.3,6,77.4,2.89
8582-KRHPJ,CELL_411A,2024-12-01,2024-12-07,-87.6,16.9,0,48.0,0.42
8584-KMVXD,CELL_411A,2024-12-01,2024-12-07,-91.7,16.7,1,34.7,0.13
8587-XYZSF,CELL_411A,2024-12-01,2024-12-07,-97.6,7.6,6,84.1,2.6
8590-OHDIW,CELL_778C,2024-12-01,2024-12-07,-93.6,15.5,1,31.7,0.49
8590-YFFQO,CELL_234A,2024-12-01,2024-12-07,-89.3,18.7,0,33.0,0.29
8591-NXRCV,CELL_411A,2024-12-01,2024-12-07,-99.6,9.7,5,76.6,2.31
8591-TKMZH,CELL_502B,2024-12-01,2024-12-07,-89.0,13.7,1,59.1,0.35
8592-PLTMQ,CELL_301C,2024-12-01,2024-12-07,-88.5,13.2,0,47.8,0.33
8593-WHYHV,CELL_778C,2024-12-01,2024-12-07,-88.4,14.9,0,46.8,0.46
8595-SIZNC,CELL_101A,2024-12-01,2024-12-07,-109.1,6.3,14,86.7,3.7
8597-CTXVJ,CELL_112B,2024-12-01,2024-12-07,-95.1,7.6,4,75.7,2.0
8597-CWYHH,CELL_889D,2024-12-01,2024-12-07,-91.6,15.8,1,52.6,0.12
8601-QACRS,CELL_112B,2024-12-01,2024-12-07,-87.6,16.1,1,43.4,0.21
8603-IJWDN,CELL_889D,2024-12-01,2024-12-07,-89.9,13.7,0,50.3,0.42
8605-ITULD,CELL_112B,2024-12-01,2024-12-07,-90.1,10.5,1,32.3,0.33
8606-CIQUL,CELL_889D,2024-12-01,2024-12-07,-97.4,11.4,3,82.0,1.88
8606-OEGQZ,CELL_234A,2024-12-01,2024-12-07,-90.0,13.8,0,35.0,0.49
8608-OZTLB,CELL_778C,2024-12-01,2024-12-07,-106.5,9.1,4,70.7,1.54
8610-WFCJF,CELL_245B,2024-12-01,2024-12-07,-81.3,13.1,1,49.2,0.21
8610-ZIKJJ,CELL_101A,2024-12-01,2024-12-07,-89.4,16.2,1,49.9,0.29
8612-GXIDD,CELL_301C,2024-12-01,2024-12-07,-105.4,10.5,4,84.1,2.19
8614-VGMMV,CELL_411A,2024-12-01,2024-12-07,-107.9,4.3,13,90.8,5.24
8617-ENBDS,CELL_245B,2024-12-01,2024-12-07,-90.3,12.7,1,34.7,0.31
8619-IJNDK,CELL_234A,2024-12-01,2024-12-07,-110.7,3.7,9,90.8,3.6
8620-RJPZN,CELL_778C,2024-12-01,2024-12-07,-97.9,13.1,6,70.5,2.39
8621-MNIHH,CELL_101A,2024-12-01,2024-12-07,-87.5,16.6,1,32.7,0.22
8622-ZLFKO,CELL_112B,2024-12-01,2024-12-07,-90.2,16.8,0,32.8,0.11
8623-TMRBY,CELL_889D,2024-12-01,2024-12-07,-106.2,5.3,9,94.7,4.8
8623-ULFNQ,CELL_889D,2024-12-01,2024-12-07,-83.6,17.2,1,44.4,0.48
8624-GIOUT,CELL_411A,2024-12-01,2024-12-07,-86.9,16.1,1,51.7,0.54
8625-AZYZY,CELL_101A,2024-12-01,2024-12-07,-99.8,7.0,3,82.2,2.24
8626-PTQGE,CELL_112B,2024-12-01,2024-12-07,-104.3,4.5,10,96.3,4.29
8626-XHBIE,CELL_411A,2024-12-01,2024-12-07,-103.4,7.9,5,75.5,1.6
8627-EHGIP,CELL_778C,2024-12-01,2024-12-07,-86.8,15.9,1,54.8,0.47
8627-ZYGSZ,CELL_234A,2024-12-01,2024-12-07,-87.0,16.5,1,36.7,0.51
8628-MFKAX,CELL_502B,2024-12-01,2024-12-07,-94.5,17.1,1,59.1,0.49
8630-FJLIB,CELL_134C,2024-12-01,2024-12-07,-85.8,13.3,1,35.6,0.36
8630-QSGXK,CELL_889D,2024-12-01,2024-12-07,-82.5,15.6,1,57.2,0.5
8631-NBHFZ,CELL_411A,2024-12-01,2024-12-07,-97.1,11.3,6,71.8,2.43
8631-WUXGY,CELL_234A,2024-12-01,2024-12-07,-96.3,8.2,3,82.0,2.4
8631-XVRZL,CELL_101A,2024-12-01,2024-12-07,-93.9,17.6,0,30.6,0.44
8634-CILSZ,CELL_112B,2024-12-01,2024-12-07,-93.5,10.4,4,72.7,1.58
8634-MPHTR,CELL_411A,2024-12-01,2024-12-07,-92.4,14.6,1,41.9,0.25
8637-XJIVR,CELL_234A,2024-12-01,2024-12-07,-93.1,13.7,0,35.0,0.45
8639-NHQEI,CELL_889D,2024-12-01,2024-12-07,-91.5,16.5,0,32.7,0.57
8640-SDGKB,CELL_112B,2024-12-01,2024-12-07,-88.5,16.8,1,43.8,0.18
8642-GVWRF,CELL_245B,2024-12-01,2024-12-07,-100.9,7.9,5,74.7,2.36
8644-XLFBW,CELL_112B,2024-12-01,2024-12-07,-100.3,7.4,6,71.2,2.91
8644-XYTSV,CELL_301C,2024-12-01,2024-12-07,-88.8,14.6,0,41.0,0.49
8645-KOMJQ,CELL_134C,2024-12-01,2024-12-07,-95.2,13.5,0,45.0,0.45
8645-KWHJO,CELL_889D,2024-12-01,2024-12-07,-87.9,16.2,1,40.1,0.29
8646-JCOMS,CELL_134C,2024-12-01,2024-12-07,-89.7,12.5,1,55.2,0.59
8647-SDTWQ,CELL_889D,2024-12-01,2024-12-07,-90.9,13.3,1,49.3,0.52
8648-PFRMP,CELL_112B,2024-12-01,2024-12-07,-84.4,18.9,0,44.4,0.53
8650-RHRKE,CELL_411A,2024-12-01,2024-12-07,-88.0,12.8,1,45.8,0.49
8651-ENBZX,CELL_502B,2024-12-01,2024-12-07,-91.8,12.1,1,53.5,0.37
8652-YHIYU,CELL_502B,2024-12-01,2024-12-07,-100.7,8.1,5,81.6,2.73
8654-DHAOW,CELL_301C,2024-12-01,2024-12-07,-87.7,12.6,1,52.7,0.18
8659-HDIYE,CELL_889D,2024-12-01,2024-12-07,-94.6,14.0,0,51.9,0.35
8659-IOOPU,CELL_778C,2024-12-01,2024-12-07,-88.2,17.2,0,57.6,0.55
8660-BUETV,CELL_778C,2024-12-01,2024-12-07,-98.7,7.3,3,82.2,2.28
8661-BOYNW,CELL_411A,2024-12-01,2024-12-07,-88.2,12.4,0,37.3,0.44
8663-UPDGF,CELL_778C,2024-12-01,2024-12-07,-109.6,3.6,13,85.5,4.04
8665-UTDHZ,CELL_411A,2024-12-01,2024-12-07,-82.6,12.6,0,48.9,0.22
8668-KNZTI,CELL_245B,2024-12-01,2024-12-07,-85.0,12.5,0,30.1,0.49
8670-ERCJH,CELL_301C,2024-12-01,2024-12-07,-100.6,9.2,6,82.9,2.62
8670-MEFCP,CELL_245B,2024-12-01,2024-12-07,-89.7,17.6,0,43.8,0.37
8671-KKKOS,CELL_112B,2024-12-01,2024-12-07,-106.7,2.9,14,94.0,3.92
8672-OAUPW,CELL_245B,2024-12-01,2024-12-07,-90.8,13.2,0,59.4,0.25
8676-OOQEJ,CELL_301C,2024-12-01,2024-12-07,-108.0,6.0,11,89.5,5.28
8676-TRMJS,CELL_889D,2024-12-01,2024-12-07,-93.6,14.6,0,35.4,0.34
8677-HDZEE,CELL_778C,2024-12-01,2024-12-07,-90.6,16.1,1,41.4,0.53
8679-JOEVF,CELL_245B,2024-12-01,2024-12-07,-92.7,15.1,0,37.8,0.6
8679-LZBMD,CELL_778C,2024-12-01,2024-12-07,-98.1,6.5,3,75.0,2.79
8680-CGLTP,CELL_234A,2024-12-01,2024-12-07,-91.0,14.3,1,35.6,0.43
8681-ICONS,CELL_112B,2024-12-01,2024-12-07,-97.3,14.7,1,54.2,0.15
8685-WHQPW,CELL_889D,2024-12-01,2024-12-07,-93.8,13.6,1,49.6,0.58
8687-BAFGU,CELL_778C,2024-12-01,2024-12-07,-95.8,6.9,6,80.4,1.89
8690-UPCZI,CELL_112B,2024-12-01,2024-12-07,-93.3,14.9,1,52.7,0.16
8690-ZVLCL,CELL_778C,2024-12-01,2024-12-07,-90.7,15.9,0,47.2,0.4
8695-ARGXZ,CELL_134C,2024-12-01,2024-12-07,-93.6,18.1,1,30.2,0.49
8695-WDYEA,CELL_112B,2024-12-01,2024-12-07,-83.9,10.0,0,43.7,0.12
8696-JKZNU,CELL_502B,2024-12-01,2024-12-07,-103.1,5.4,5,71.0,1.6
8699-ASUFO,CELL_889D,2024-12-01,2024-12-07,-104.7,10.3,3,70.1,1.79
8701-DGLVH,CELL_234A,2024-12-01,2024-12-07,-112.4,4.3,14,94.6,4.75
8705-DWKTI,CELL_778C,2024-12-01,2024-12-07,-89.8,11.4,0,36.5,0.27
8705-WZCYL,CELL_502B,2024-12-01,2024-12-07,-98.8,5.8,5,78.2,1.99
8706-HRADD,CELL_101A,2024-12-01,2024-12-07,-89.7,13.2,1,52.2,0.35
8707-HOEDG,CELL_301C,2024-12-01,2024-12-07,-108.8,3.5,8,94.9,4.23
8707-RMEZH,CELL_889D,2024-12-01,2024-12-07,-84.0,14.5,0,31.1,0.49
8708-XPXHZ,CELL_112B,2024-12-01,2024-12-07,-92.0,18.2,1,55.0,0.29
8709-KRDVL,CELL_778C,2024-12-01,2024-12-07,-87.5,15.4,1,33.1,0.39
8710-YGLWG,CELL_502B,2024-12-01,2024-12-07,-108.7,3.6,9,96.6,3.45
8711-LOBKY,CELL_112B,2024-12-01,2024-12-07,-95.7,11.2,5,80.4,1.77
8713-IGZSO,CELL_889D,2024-12-01,2024-12-07,-87.1,10.2,0,39.6,0.6
8714-CTZJW,CELL_134C,2024-12-01,2024-12-07,-85.1,16.4,1,38.6,0.18
8714-EUHJO,CELL_301C,2024-12-01,2024-12-07,-89.0,17.1,0,43.8,0.45
8715-KKTFG,CELL_234A,2024-12-01,2024-12-07,-102.0,10.4,5,77.4,2.32
8717-VCTXJ,CELL_234A,2024-12-01,2024-12-07,-91.0,15.3,0,54.6,0.24
8718-PTMEZ,CELL_411A,2024-12-01,2024-12-07,-104.9,4.8,9,97.9,4.16
8720-RQSBJ,CELL_234A,2024-12-01,2024-12-07,-88.7,12.0,1,31.1,0.35
8722-NGNBH,CELL_778C,2024-12-01,2024-12-07,-86.6,10.8,1,54.4,0.42
8722-PRFDV,CELL_301C,2024-12-01,2024-12-07,-89.5,16.2,0,50.2,0.51
8725-JEDFD,CELL_134C,2024-12-01,2024-12-07,-88.9,16.4,0,36.0,0.12
8727-JQFHV,CELL_502B,2024-12-01,2024-12-07,-86.9,14.2,1,40.7,0.17
8727-XDPUD,CELL_889D,2024-12-01,2024-12-07,-88.2,13.7,1,35.6,0.58
8728-SKJLR,CELL_502B,2024-12-01,2024-12-07,-89.5,14.4,1,40.9,0.49
8731-WBBMB,CELL_245B,2024-12-01,2024-12-07,-87.6,12.9,0,49.2,0.33
8734-DKSTZ,CELL_234A,2024-12-01,2024-12-07,-99.4,7.4,3,71.8,1.75
8734-FNWVH,CELL_112B,2024-12-01,2024-12-07,-103.7,4.5,6,74.8,2.12
8735-DCXNF,CELL_112B,2024-12-01,2024-12-07,-88.2,12.1,0,53.7,0.32
8735-IJJEG,CELL_112B,2024-12-01,2024-12-07,-87.7,15.0,1,31.5,0.52
8735-NBLWT,CELL_778C,2024-12-01,2024-12-07,-92.5,12.4,0,37.4,0.55
8735-SDUFN,CELL_778C,2024-12-01,2024-12-07,-92.2,12.7,0,38.4,0.19
8738-JOKAR,CELL_101A,2024-12-01,2024-12-07,-89.6,13.5,1,31.3,0.28
8739-QOTTN,CELL_245B,2024-12-01,2024-12-07,-105.8,4.3,13,96.6,3.19
8739-WWKDU,CELL_245B,2024-12-01,2024-12-07,-88.7,16.1,1,49.2,0.45
8739-XNIKG,CELL_245B,2024-12-01,2024-12-07,-107.7,3.5,11,90.5,4.28
8740-CRYFY,CELL_234A,2024-12-01,2024-12-07,-96.2,16.3,1,38.2,0.32
8740-XLHDR,CELL_411A,2024-12-01,2024-12-07,-88.2,14.6,0,52.5,0.19
8741-LQOBK,CELL_301C,2024-12-01,2024-12-07,-89.9,13.5,0,45.6,0.16
8745-PVESG,CELL_411A,2024-12-01,2024-12-07,-92.1,14.6,0,34.7,0.6
8746-BFOAJ,CELL_234A,2024-12-01,2024-12-07,-86.8,12.7,1,43.4,0.19
8746-OQQRW,CELL_778C,2024-12-01,2024-12-07,-85.5,16.5,1,47.5,0.57
8747-UDCOI,CELL_112B,2024-12-01,2024-12-07,-91.2,17.2,0,44.9,0.12
8748-HFWBO,CELL_778C,2024-12-01,2024-12-07,-89.2,17.9,0,46.4,0.19
8749-CLJXC,CELL_778C,2024-12-01,2024-12-07,-88.6,15.1,0,48.0,0.28
8749-JMNKX,CELL_502B,2024-12-01,2024-12-07,-88.4,14.0,1,46.4,0.19
8749-TZYEC,CELL_502B,2024-12-01,2024-12-07,-92.8,11.1,0,34.2,0.37
8750-QWZAJ,CELL_101A,2024-12-01,2024-12-07,-96.4,15.2,0,55.2,0.19
8751-EDEKA,CELL_234A,2024-12-01,2024-12-07,-100.2,8.4,3,71.0,1.97
8752-GHJFU,CELL_245B,2024-12-01,2024-12-07,-104.6,9.2,4,83.6,2.36
8752-IMQOS,CELL_101A,2024-12-01,2024-12-07,-101.4,1.7,11,95.4,5.04
8752-STIVR,CELL_411A,2024-12-01,2024-12-07,-91.6,17.8,0,32.4,0.48
8755-IWJHN,CELL_245B,2024-12-01,2024-12-07,-105.1,3.1,14,96.7,3.29
8755-OGKNA,CELL_411A,2024-12-01,2024-12-07,-98.8,8.8,4,75.5,2.47
8756-RDDLT,CELL_889D,2024-12-01,2024-12-07,-93.7,9.9,6,76.6,2.8
8757-TFHHJ,CELL_889D,2024-12-01,2024-12-07,-89.9,14.9,1,36.4,0.6
8760-ZRHKE,CELL_778C,2024-12-01,2024-12-07,-96.0,9.4,6,83.0,1.97
8761-NSOBC,CELL_411A,2024-12-01,2024-12-07,-103.8,5.9,5,79.5,2.82
8763-KIAFH,CELL_411A,2024-12-01,2024-12-07,-88.3,13.5,0,34.9,0.37
8766-PAFNE,CELL_502B,2024-12-01,2024-12-07,-89.3,15.5,0,44.5,0.24
8769-KKTPH,CELL_112B,2024-12-01,2024-12-07,-91.1,15.0,0,58.5,0.33
8773-HHUOZ,CELL_411A,2024-12-01,2024-12-07,-89.0,17.4,0,38.3,0.52
8774-GSBUN,CELL_245B,2024-12-01,2024-12-07,-108.6,4.1,12,93.8,5.66
8775-CEBBJ,CELL_101A,2024-12-01,2024-12-07,-100.9,8.5,5,80.3,2.06
8775-ERLNB,CELL_245B,2024-12-01,2024-12-07,-94.5,8.0,1,40.7,0.51
8775-LHDJH,CELL_778C,2024-12-01,2024-12-07,-101.3,4.9,6,76.0,2.75
8777-MBMTS,CELL_778C,2024-12-01,2024-12-07,-99.7,8.6,5,80.2,1.83
8777-PVYGU,CELL_245B,2024-12-01,2024-12-07,-110.4,3.6,11,93.2,5.36
8778-LMWTJ,CELL_101A,2024-12-01,2024-12-07,-88.7,15.7,1,32.8,0.41
8779-QRDMV,CELL_889D,2024-12-01,2024-12-07,-98.0,7.7,3,84.3,2.36
8779-YIQQA,CELL_112B,2024-12-01,2024-12-07,-101.9,9.4,3,76.7,2.61
8780-IHCRN,CELL_101A,2024-12-01,2024-12-07,-86.5,16.8,0,31.9,0.29
8780-IXSTS,CELL_502B,2024-12-01,2024-12-07,-95.1,13.3,0,49.2,0.26
8780-RSYYU,CELL_245B,2024-12-01,2024-12-07,-86.4,13.6,1,36.7,0.44
8780-YRMTT,CELL_502B,2024-12-01,2024-12-07,-91.1,13.1,0,40.1,0.29
8782-LKFPK,CELL_245B,2024-12-01,2024-12-07,-101.8,6.8,4,72.1,2.91
8782-NUUOL,CELL_778C,2024-12-01,2024-12-07,-91.1,14.7,0,51.7,0.16
8784-CGILN,CELL_502B,2024-12-01,2024-12-07,-90.4,17.6,1,59.5,0.19
8785-CJSHH,CELL_411A,2024-12-01,2024-12-07,-86.2,16.9,1,54.3,0.45
8785-EPNCG,CELL_301C,2024-12-01,2024-12-07,-89.9,14.0,1,50.2,0.31
8788-DOXSU,CELL_101A,2024-12-01,2024-12-07,-91.9,15.1,1,32.1,0.27
8791-GFXLZ,CELL_101A,2024-12-01,2024-12-07,-86.3,16.7,1,50.0,0.45
8792-AOROI,CELL_101A,2024-12-01,2024-12-07,-88.3,18.8,1,48.4,0.21
8799-OXZMD,CELL_411A,2024-12-01,2024-12-07,-110.3,8.4,3,78.2,1.97
8800-JOOCF,CELL_889D,2024-12-01,2024-12-07,-94.3,15.2,1,52.1,0.18
8800-ZKRFW,CELL_502B,2024-12-01,2024-12-07,-85.6,17.1,0,59.9,0.27
8802-UNOJF,CELL_889D,2024-12-01,2024-12-07,-92.4,16.5,0,52.7,0.24
8805-JNRAZ,CELL_112B,2024-12-01,2024-12-07,-103.4,4.2,14,90.5,3.65
8806-EAGWC,CELL_134C,2024-12-01,2024-12-07,-95.6,8.3,3,70.4,2.86
8807-ARQET,CELL_889D,2024-12-01,2024-12-07,-88.8,12.8,0,40.2,0.16
8807-OPMBM,CELL_101A,2024-12-01,2024-12-07,-89.2,16.8,0,52.9,0.51
8808-ELEHO,CELL_411A,2024-12-01,2024-12-07,-91.8,17.6,1,55.1,0.55
8809-RIHDD,CELL_234A,2024-12-01,2024-12-07,-94.8,14.6,1,31.9,0.43
8809-XKHMD,CELL_889D,2024-12-01,2024-12-07,-107.0,3.2,11,85.6,3.3
8812-ZRHFP,CELL_411A,2024-12-01,2024-12-07,-109.2,5.6,9,96.1,4.73
8815-LMFLX,CELL_301C,2024-12-01,2024-12-07,-91.9,14.6,0,58.8,0.31
8816-VXNZD,CELL_502B,2024-12-01,2024-12-07,-96.1,7.5,4,72.2,2.68
8818-DOPVL,CELL_778C,2024-12-01,2024-12-07,-111.1,2.9,8,88.3,3.8
8818-XYFCQ,CELL_245B,2024-12-01,2024-12-07,-88.1,15.4,0,32.5,0.45
8819-IMISP,CELL_134C,2024-12-01,2024-12-07,-102.3,6.0,6,80.0,2.72
8819-WFGGJ,CELL_301C,2024-12-01,2024-12-07,-92.8,16.2,1,56.5,0.25
8819-ZBYNA,CELL_502B,2024-12-01,2024-12-07,-86.8,13.3,1,56.7,0.52
8821-KVZKQ,CELL_502B,2024-12-01,2024-12-07,-92.5,12.4,1,59.5,0.43
8821-XNHVZ,CELL_245B,2024-12-01,2024-12-07,-101.3,6.9,4,79.6,1.9
8822-KNBHV,CELL_411A,2024-12-01,2024-12-07,-102.8,8.2,4,77.6,2.83
8823-RLPWL,CELL_411A,2024-12-01,2024-12-07,-105.3,4.8,10,90.3,5.94
8824-RWFXJ,CELL_101A,2024-12-01,2024-12-07,-104.1,2.9,8,97.9,4.81
8835-VSDSE,CELL_301C,2024-12-01,2024-12-07,-89.6,15.1,1,39.0,0.45
8837-VVWLQ,CELL_134C,2024-12-01,2024-12-07,-99.7,10.2,4,71.4,1.75
8838-GPHZP,CELL_112B,2024-12-01,2024-12-07,-90.0,15.8,1,39.1,0.51
8840-DQLGN,CELL_234A,2024-12-01,2024-12-07,-90.9,17.4,1,33.1,0.41
8844-TONUD,CELL_101A,2024-12-01,2024-12-07,-91.4,16.2,1,46.5,0.54
8845-LWKGE,CELL_245B,2024-12-01,2024-12-07,-91.8,14.6,0,54.5,0.12
8847-GEOOQ,CELL_889D,2024-12-01,2024-12-07,-107.2,6.9,10,90.4,4.71
8849-AYPTR,CELL_502B,2024-12-01,2024-12-07,-93.0,12.2,0,44.9,0.21
8849-GYOKR,CELL_245B,2024-12-01,2024-12-07,-97.3,14.0,1,58.8,0.29
8849-PRIQJ,CELL_134C,2024-12-01,2024-12-07,-89.7,12.2,0,34.1,0.35
8851-RAGOV,CELL_101A,2024-12-01,2024-12-07,-100.3,10.0,5,83.6,2.89
8853-TZDGH,CELL_245B,2024-12-01,2024-12-07,-87.7,16.7,0,38.9,0.55
8854-CCVSQ,CELL_112B,2024-12-01,2024-12-07,-89.6,12.4,1,52.0,0.32
8857-CUPFQ,CELL_778C,2024-12-01,2024-12-07,-89.8,18.2,0,45.7,0.51
8859-AXJZP,CELL_134C,2024-12-01,2024-12-07,-97.3,8.2,5,71.0,2.82
8859-DZTGQ,CELL_889D,2024-12-01,2024-12-07,-84.4,16.9,1,45.0,0.51
8859-YSTWS,CELL_301C,2024-12-01,2024-12-07,-109.6,2.5,8,88.1,5.84
8861-HGGKB,CELL_112B,2024-12-01,2024-12-07,-91.9,17.7,0,34.3,0.36
8865-TNMNX,CELL_134C,2024-12-01,2024-12-07,-110.6,2.9,14,93.0,5.5
8868-GAGIO,CELL_234A,2024-12-01,2024-12-07,-98.6,8.0,3,77.3,1.72
8868-WOZGU,CELL_234A,2024-12-01,2024-12-07,-95.0,14.5,1,57.3,0.43
8869-LIHMK,CELL_245B,2024-12-01,2024-12-07,-96.9,14.1,0,53.8,0.23
8869-TORSS,CELL_245B,2024-12-01,2024-12-07,-86.9,14.5,1,45.6,0.29
8871-JLMHM,CELL_778C,2024-12-01,2024-12-07,-89.3,17.2,1,44.2,0.11
8873-GLDMH,CELL_245B,2024-12-01,2024-12-07,-90.3,15.1,1,33.4,0.41
8873-TMKGR,CELL_234A,2024-12-01,2024-12-07,-86.8,17.8,0,33.9,0.43
8874-EJNSR,CELL_502B,2024-12-01,2024-12-07,-95.2,16.5,1,55.7,0.45
8875-AKBYH,CELL_889D,2024-12-01,2024-12-07,-90.9,9.9,5,83.5,1.55
8878-HMWBV,CELL_245B,2024-12-01,2024-12-07,-94.3,8.6,3,75.0,1.53
8878-RYUKI,CELL_134C,2024-12-01,2024-12-07,-108.2,2.3,14,97.0,3.22
8879-XUAHX,CELL_234A,2024-12-01,2024-12-07,-89.9,16.0,1,41.6,0.37
8879-ZKJOF,CELL_301C,2024-12-01,2024-12-07,-109.4,4.2,14,85.4,5.96
8882-TLVRW,CELL_889D,2024-12-01,2024-12-07,-87.8,14.9,1,54.1,0.56
8883-ANODQ,CELL_245B,2024-12-01,2024-12-07,-109.4,3.0,11,87.5,5.04
8883-GRDWQ,CELL_889D,2024-12-01,2024-12-07,-100.7,7.5,3,84.6,2.16
8884-ADFVN,CELL_245B,2024-12-01,2024-12-07,-90.2,16.2,0,50.9,0.28
8884-FEEWR,CELL_234A,2024-12-01,2024-12-07,-87.7,15.2,1,53.8,0.57
8884-MRNSU,CELL_411A,2024-12-01,2024-12-07,-89.9,14.8,0,53.4,0.55
8885-QSQBX,CELL_889D,2024-12-01,2024-12-07,-93.9,8.0,5,80.8,2.95
8887-IPQNC,CELL_112B,2024-12-01,2024-12-07,-89.2,15.6,1,52.0,0.52
8894-JVDCV,CELL_778C,2024-12-01,2024-12-07,-93.2,15.9,0,32.8,0.26
8896-BQTTI,CELL_502B,2024-12-01,2024-12-07,-106.7,4.5,12,92.3,5.67
8896-RAZCR,CELL_101A,2024-12-01,2024-12-07,-89.0,13.8,1,50.0,0.28
8898-KASCD,CELL_301C,2024-12-01,2024-12-07,-90.1,14.3,0,31.5,0.39
8901-HJXTF,CELL_889D,2024-12-01,2024-12-07,-102.5,8.9,3,84.9,2.32
8901-UPRHR,CELL_778C,2024-12-01,2024-12-07,-88.1,15.5,1,40.1,0.37
8902-ZEOVF,CELL_502B,2024-12-01,2024-12-07,-106.2,4.9,9,85.1,5.56
8903-WMRNW,CELL_234A,2024-12-01,2024-12-07,-91.1,15.6,1,33.9,0.44
8903-XEBGX,CELL_245B,2024-12-01,2024-12-07,-93.7,20.0,1,35.8,0.31
8904-OPDCK,CELL_502B,2024-12-01,2024-12-07,-105.0,6.0,9,97.8,3.73
8905-IAZPF,CELL_411A,2024-12-01,2024-12-07,-89.9,16.2,1,49.1,0.32
8908-NMQTX,CELL_245B,2024-12-01,2024-12-07,-101.3,6.4,3,71.6,1.5
8908-SLFCJ,CELL_502B,2024-12-01,2024-12-07,-107.3,3.5,11,90.1,4.53
8909-BOLNL,CELL_134C,2024-12-01,2024-12-07,-89.9,16.2,0,36.7,0.13
8910-ICHIU,CELL_301C,2024-12-01,2024-12-07,-91.5,12.6,0,59.2,0.58
8910-LEDAG,CELL_301C,2024-12-01,2024-12-07,-88.5,14.7,1,54.2,0.57
8914-RBTSB,CELL_778C,2024-12-01,2024-12-07,-92.5,9.2,4,75.7,1.51
8915-NNTRC,CELL_234A,2024-12-01,2024-12-07,-94.3,14.1,0,44.2,0.24
8917-FAEMR,CELL_234A,2024-12-01,2024-12-07,-91.2,16.6,1,33.0,0.34
8917-SZTTJ,CELL_112B,2024-12-01,2024-12-07,-87.7,14.3,1,42.2,0.37
8919-FYFQZ,CELL_101A,2024-12-01,2024-12-07,-94.7,16.2,1,33.1,0.36
8920-NAVAY,CELL_411A,2024-12-01,2024-12-07,-114.8,2.8,8,89.3,5.39
8922-LIEGH,CELL_301C,2024-12-01,2024-12-07,-87.3,16.5,1,37.6,0.29
8922-NPKBJ,CELL_778C,2024-12-01,2024-12-07,-95.2,13.6,0,56.1,0.49
8929-KSWIH,CELL_411A,2024-12-01,2024-12-07,-103.1,8.8,5,83.3,2.14
8930-XOTDP,CELL_101A,2024-12-01,2024-12-07,-98.9,5.5,4,80.1,2.08
8931-GJJIQ,CELL_411A,2024-12-01,2024-12-07,-90.1,13.0,0,59.2,0.33
8932-CZHRQ,CELL_889D,2024-12-01,2024-12-07,-107.4,3.5,11,87.7,5.43
8937-RDTHP,CELL_234A,2024-12-01,2024-12-07,-96.6,7.9,6,82.7,2.13
8938-UMKPI,CELL_134C,2024-12-01,2024-12-07,-103.5,4.9,6,82.2,2.22
8942-DBMHZ,CELL_502B,2024-12-01,2024-12-07,-86.4,15.3,1,39.9,0.54
8943-URTMR,CELL_778C,2024-12-01,2024-12-07,-88.7,14.5,0,41.1,0.18
8944-AILEF,CELL_411A,2024-12-01,2024-12-07,-95.7,11.1,6,81.0,2.68
8945-GRKHX,CELL_234A,2024-12-01,2024-12-07,-88.7,12.8,0,56.3,0.3
8945-MUQUF,CELL_502B,2024-12-01,2024-12-07,-103.0,4.5,9,93.6,4.43
8946-BFWSG,CELL_134C,2024-12-01,2024-12-07,-92.7,16.9,1,30.2,0.45
8947-YRTDV,CELL_889D,2024-12-01,2024-12-07,-104.9,5.2,12,87.0,5.15
8949-JTMAY,CELL_411A,2024-12-01,2024-12-07,-107.4,8.6,5,77.6,2.39
8950-MTZNV,CELL_101A,2024-12-01,2024-12-07,-90.5,16.4,0,33.1,0.54
8952-WCVCD,CELL_778C,2024-12-01,2024-12-07,-111.3,6.8,5,74.6,1.65
8957-THMOA,CELL_301C,2024-12-01,2024-12-07,-94.4,17.0,1,47.3,0.25
8958-JPTRR,CELL_502B,2024-12-01,2024-12-07,-91.2,15.5,1,48.8,0.56
8961-QDZZJ,CELL_245B,2024-12-01,2024-12-07,-103.2,9.1,6,74.8,2.74
8963-JLGJT,CELL_502B,2024-12-01,2024-12-07,-86.1,13.3,0,39.0,0.13
8963-MQVYN,CELL_112B,2024-12-01,2024-12-07,-108.6,3.2,14,88.6,4.96
8966-KZXXA,CELL_101A,2024-12-01,2024-12-07,-100.4,12.3,4,70.3,2.58
8966-OIQHG,CELL_234A,2024-12-01,2024-12-07,-89.9,13.1,0,41.9,0.43
8966-SNIZF,CELL_502B,2024-12-01,2024-12-07,-93.1,15.1,0,30.7,0.35
8967-SZQAS,CELL_889D,2024-12-01,2024-12-07,-109.5,5.0,12,86.2,4.24
8969-PRHFK,CELL_411A,2024-12-01,2024-12-07,-89.9,16.5,0,47.4,0.27
8970-ANWXO,CELL_502B,2024-12-01,2024-12-07,-94.4,13.7,0,44.5,0.34
8972-HJWNV,CELL_411A,2024-12-01,2024-12-07,-94.7,7.8,5,74.6,2.65
8974-OVACP,CELL_778C,2024-12-01,2024-12-07,-90.1,14.2,1,33.2,0.45
8975-SKGRX,CELL_101A,2024-12-01,2024-12-07,-92.8,15.1,1,32.3,0.33
8976-OQHGT,CELL_101A,2024-12-01,2024-12-07,-107.8,7.2,3,75.6,2.22
8979-CAMGB,CELL_245B,2024-12-01,2024-12-07,-98.9,5.6,6,74.4,1.75
8980-WQFWL,CELL_301C,2024-12-01,2024-12-07,-89.1,18.9,0,34.1,0.21
8981-FJGLA,CELL_101A,2024-12-01,2024-12-07,-89.1,16.2,1,50.8,0.48
8982-NHAVY,CELL_245B,2024-12-01,2024-12-07,-87.6,12.3,1,58.3,0.33
8984-EYLLL,CELL_889D,2024-12-01,2024-12-07,-94.8,13.9,0,48.2,0.21
8984-HPEMB,CELL_301C,2024-12-01,2024-12-07,-89.4,15.3,1,35.4,0.17
8985-OOPOS,CELL_245B,2024-12-01,2024-12-07,-92.5,14.6,1,52.8,0.58
8988-ECPJR,CELL_889D,2024-12-01,2024-12-07,-90.6,15.0,1,32.4,0.37
8990-YOZLV,CELL_245B,2024-12-01,2024-12-07,-102.4,8.6,4,71.0,2.83
8990-ZXLSU,CELL_234A,2024-12-01,2024-12-07,-86.8,15.1,1,54.6,0.52
8992-CEUEN,CELL_502B,2024-12-01,2024-12-07,-89.0,17.0,0,31.3,0.3
8992-JQYUN,CELL_301C,2024-12-01,2024-12-07,-108.5,3.4,14,88.7,3.34
8992-OBVDG,CELL_234A,2024-12-01,2024-12-07,-95.8,16.8,0,30.4,0.51
8992-VONJD,CELL_889D,2024-12-01,2024-12-07,-90.5,12.4,0,54.4,0.26
8993-IZEUX,CELL_245B,2024-12-01,2024-12-07,-101.3,2.1,3,79.8,2.25
8993-PHFWD,CELL_778C,2024-12-01,2024-12-07,-91.7,15.2,0,52.6,0.33
8996-ZROXE,CELL_502B,2024-12-01,2024-12-07,-90.4,18.2,0,35.1,0.47
8999-BOHSE,CELL_101A,2024-12-01,2024-12-07,-91.4,11.9,0,33.0,0.15
8999-EXMNO,CELL_502B,2024-12-01,2024-12-07,-91.8,9.3,3,70.1,2.73
8999-XXGNS,CELL_245B,2024-12-01,2024-12-07,-100.8,10.4,6,84.9,2.49
8999-YPYBV,CELL_778C,2024-12-01,2024-12-07,-88.4,17.0,1,49.1,0.51
9000-PLFUZ,CELL_889D,2024-12-01,2024-12-07,-101.8,5.8,4,78.9,2.44
9003-CPATH,CELL_245B,2024-12-01,2024-12-07,-92.6,11.2,0,38.6,0.28
9013-AQORL,CELL_778C,2024-12-01,2024-12-07,-94.7,17.4,1,30.8,0.1
9018-PCIOK,CELL_134C,2024-12-01,2024-12-07,-88.0,13.8,0,32.8,0.59
9019-QVLZD,CELL_411A,2024-12-01,2024-12-07,-86.8,17.1,1,37.4,0.12
9025-AOMKI,CELL_778C,2024-12-01,2024-12-07,-85.5,16.7,1,35.6,0.18
9025-ZRPVR,CELL_411A,2024-12-01,2024-12-07,-84.2,17.0,0,33.3,0.25
9026-LHEVG,CELL_301C,2024-12-01,2024-12-07,-98.3,7.8,4,74.7,2.03
9026-RNUJS,CELL_112B,2024-12-01,2024-12-07,-99.1,7.9,6,79.8,2.09
9027-TMATR,CELL_778C,2024-12-01,2024-12-07,-88.0,17.1,0,33.0,0.58
9027-YFHQJ,CELL_134C,2024-12-01,2024-12-07,-101.4,10.1,4,82.6,2.27
9028-LIHRP,CELL_301C,2024-12-01,2024-12-07,-92.5,18.5,0,31.0,0.16
9029-FEGVJ,CELL_411A,2024-12-01,2024-12-07,-88.1,16.1,0,47.7,0.53
9030-QGZNL,CELL_101A,2024-12-01,2024-12-07,-91.9,7.0,4,75.1,1.7
9031-ZVQPT,CELL_112B,2024-12-01,2024-12-07,-86.2,18.7,0,40.5,0.43
9033-EOXWV,CELL_245B,2024-12-01,2024-12-07,-109.1,3.2,13,97.4,3.86
9036-CSKBW,CELL_502B,2024-12-01,2024-12-07,-97.5,14.4,1,43.0,0.21
9039-RBEEE,CELL_101A,2024-12-01,2024-12-07,-84.4,13.0,1,51.0,0.29
9039-ZVJDC,CELL_134C,2024-12-01,2024-12-07,-95.3,12.9,0,55.4,0.41
9040-KZVWO,CELL_301C,2024-12-01,2024-12-07,-84.3,16.1,0,57.5,0.56
9046-DQMTP,CELL_134C,2024-12-01,2024-12-07,-87.2,17.8,1,36.9,0.5
9046-JBFWA,CELL_245B,2024-12-01,2024-12-07,-92.2,14.6,1,45.8,0.12
9048-JVYVF,CELL_889D,2024-12-01,2024-12-07,-93.9,13.1,1,32.7,0.29
9050-IKDZA,CELL_889D,2024-12-01,2024-12-07,-100.4,2.9,4,82.0,1.85
9050-QLROH,CELL_234A,2024-12-01,2024-12-07,-98.9,13.0,0,36.0,0.34
9052-DHNKM,CELL_112B,2024-12-01,2024-12-07,-88.7,16.5,1,36.5,0.15
9052-VKDUW,CELL_112B,2024-12-01,2024-12-07,-93.4,15.8,0,39.5,0.12
9053-EJUNL,CELL_101A,2024-12-01,2024-12-07,-89.6,13.1,1,30.8,0.58
9053-JZFKV,CELL_502B,2024-12-01,2024-12-07,-86.1,12.9,1,48.3,0.37
9054-FOWNV,CELL_411A,2024-12-01,2024-12-07,-88.4,14.8,0,59.8,0.11
9055-MOJJJ,CELL_245B,2024-12-01,2024-12-07,-88.0,13.6,0,33.5,0.3
9057-MSWCO,CELL_245B,2024-12-01,2024-12-07,-91.7,12.9,0,59.1,0.31
9057-SIHCH,CELL_134C,2024-12-01,2024-12-07,-89.8,12.0,1,43.6,0.49
9058-CBREO,CELL_889D,2024-12-01,2024-12-07,-101.8,7.5,6,84.3,2.25
9058-HRZSV,CELL_502B,2024-12-01,2024-12-07,-105.5,2.8,12,97.1,3.13
9058-MJLZC,CELL_778C,2024-12-01,2024-12-07,-106.0,10.9,5,71.3,2.49
9060-HJJRW,CELL_245B,2024-12-01,2024-12-07,-87.1,14.4,0,40.0,0.16
9061-TIHDA,CELL_411A,2024-12-01,2024-12-07,-104.4,6.7,6,80.1,2.09
9063-ZGTUY,CELL_234A,2024-12-01,2024-12-07,-87.6,14.9,1,43.7,0.5
9065-ZCPQX,CELL_411A,2024-12-01,2024-12-07,-86.8,14.6,0,47.9,0.3
9066-QRSDU,CELL_134C,2024-12-01,2024-12-07,-86.5,14.2,0,41.4,0.29
9067-SQTNS,CELL_134C,2024-12-01,2024-12-07,-95.6,7.8,4,77.6,2.18
9067-YGSCA,CELL_778C,2024-12-01,2024-12-07,-87.2,15.4,1,32.6,0.6
9068-FHQHD,CELL_301C,2024-12-01,2024-12-07,-96.4,8.7,4,80.5,1.52
9068-VPWQQ,CELL_134C,2024-12-01,2024-12-07,-88.4,12.2,0,33.4,0.27
9069-LGEUL,CELL_778C,2024-12-01,2024-12-07,-104.9,9.3,4,75.8,2.05
9070-BCKQP,CELL_889D,2024-12-01,2024-12-07,-91.9,15.5,1,59.0,0.25
9073-ZZIAY,CELL_778C,2024-12-01,2024-12-07,-113.4,1.7,14,94.5,4.98
9074-KGVOX,CELL_411A,2024-12-01,2024-12-07,-102.6,7.9,6,71.7,2.56
9076-AXYIK,CELL_101A,2024-12-01,2024-12-07,-104.6,10.4,3,73.3,1.97
9079-LWTFD,CELL_112B,2024-12-01,2024-12-07,-99.7,7.3,3,72.6,2.54
9079-YEXQJ,CELL_502B,2024-12-01,2024-12-07,-89.7,15.6,1,34.2,0.27
9081-WWXKP,CELL_301C,2024-12-01,2024-12-07,-100.3,12.5,6,79.1,2.7
9084-OAYKL,CELL_245B,2024-12-01,2024-12-07,-91.9,14.6,1,59.0,0.21
9086-YJYXS,CELL_234A,2024-12-01,2024-12-07,-88.1,19.0,0,36.1,0.42
9087-EYCPR,CELL_889D,2024-12-01,2024-12-07,-110.3,4.0,14,93.9,3.02
9089-UOWJG,CELL_301C,2024-12-01,2024-12-07,-101.0,11.6,5,76.1,2.39
9090-SGQXL,CELL_778C,2024-12-01,2024-12-07,-95.4,14.5,0,37.3,0.37
9091-WTUUY,CELL_245B,2024-12-01,2024-12-07,-95.4,19.2,1,51.4,0.41
9092-GDZKO,CELL_778C,2024-12-01,2024-12-07,-95.8,8.7,3,80.3,2.53
9093-FPDLG,CELL_889D,2024-12-01,2024-12-07,-84.7,16.4,0,49.6,0.32
9094-AZPHK,CELL_101A,2024-12-01,2024-12-07,-92.9,14.6,1,55.7,0.55
9095-HFAFX,CELL_301C,2024-12-01,2024-12-07,-100.6,5.8,4,75.7,1.82
9097-ZUBYC,CELL_502B,2024-12-01,2024-12-07,-80.2,12.8,0,35.3,0.28
9099-FTUHS,CELL_101A,2024-12-01,2024-12-07,-94.4,11.2,4,72.0,1.84
9101-BWFSS,CELL_301C,2024-12-01,2024-12-07,-95.4,16.1,0,46.4,0.56
9101-NTIXF,CELL_411A,2024-12-01,2024-12-07,-98.8,8.7,4,74.9,1.78
9102-IAYHT,CELL_502B,2024-12-01,2024-12-07,-109.5,3.3,9,91.2,3.24
9102-OXKFY,CELL_502B,2024-12-01,2024-12-07,-106.7,3.1,11,92.8,5.7
9103-CXVOK,CELL_778C,2024-12-01,2024-12-07,-89.9,13.7,1,33.0,0.4
9103-TCIHJ,CELL_234A,2024-12-01,2024-12-07,-92.0,15.9,1,47.5,0.27
9107-UKCKY,CELL_234A,2024-12-01,2024-12-07,-97.4,10.2,5,73.9,1.85
9108-EJFJP,CELL_502B,2024-12-01,2024-12-07,-90.1,11.8,1,56.4,0.43
9108-EQPNQ,CELL_502B,2024-12-01,2024-12-07,-107.0,4.1,11,97.8,4.88
9110-HSGTV,CELL_301C,2024-12-01,2024-12-07,-100.7,8.7,5,79.3,2.42
9112-WSNPU,CELL_301C,2024-12-01,2024-12-07,-96.0,7.4,5,70.4,2.54
9114-AAFQH,CELL_301C,2024-12-01,2024-12-07,-102.3,3.4,11,89.1,5.51
9114-DPSIA,CELL_134C,2024-12-01,2024-12-07,-92.5,16.3,0,50.5,0.33
9114-VEPUF,CELL_301C,2024-12-01,2024-12-07,-88.5,16.1,1,50.0,0.38
9115-YQHGA,CELL_134C,2024-12-01,2024-12-07,-106.6,5.7,12,87.8,4.44
9117-SHLZX,CELL_411A,2024-12-01,2024-12-07,-103.3,9.4,5,75.3,2.0
9121-PHQSR,CELL_778C,2024-12-01,2024-12-07,-93.6,12.6,0,59.3,0.37
9122-UMROB,CELL_245B,2024-12-01,2024-12-07,-95.7,7.5,3,71.2,2.01
9124-LHCJQ,CELL_112B,2024-12-01,2024-12-07,-94.2,6.5,4,76.1,2.48
9127-FHJBZ,CELL_502B,2024-12-01,2024-12-07,-110.5,2.1,14,94.1,3.39
9127-QRZMH,CELL_234A,2024-12-01,2024-12-07,-106.0,6.7,12,95.9,3.86
9128-CPXKI,CELL_101A,2024-12-01,2024-12-07,-95.3,11.5,4,80.2,1.69
9129-UXERG,CELL_301C,2024-12-01,2024-12-07,-100.4,8.4,5,84.6,2.93
9133-AYJZG,CELL_101A,2024-12-01,2024-12-07,-102.9,5.9,6,73.7,2.04
9134-CEQMF,CELL_101A,2024-12-01,2024-12-07,-88.0,13.9,1,38.0,0.21
9134-WYRVP,CELL_301C,2024-12-01,2024-12-07,-86.7,13.9,0,58.4,0.27
9135-HSWOC,CELL_101A,2024-12-01,2024-12-07,-93.7,14.6,1,30.3,0.49
9135-MGVPY,CELL_245B,2024-12-01,2024-12-07,-98.2,9.1,4,72.2,1.55
9136-ALYBR,CELL_234A,2024-12-01,2024-12-07,-95.6,17.3,1,44.3,0.51
9137-NOQKA,CELL_234A,2024-12-01,2024-12-07,-92.7,15.9,0,43.2,0.46
9137-UIYPG,CELL_411A,2024-12-01,2024-12-07,-92.9,14.6,1,37.2,0.52
9138-EFSMO,CELL_245B,2024-12-01,2024-12-07,-96.0,14.3,0,59.4,0.37
9139-TWBAS,CELL_411A,2024-12-01,2024-12-07,-102.9,3.8,13,85.9,5.82
9139-WQQDY,CELL_245B,2024-12-01,2024-12-07,-97.9,14.4,5,73.9,2.79
9140-CZQZZ,CELL_411A,2024-12-01,2024-12-07,-92.0,11.4,0,40.6,0.13
9142-KZXOP,CELL_245B,2024-12-01,2024-12-07,-104.6,9.9,4,82.5,1.9
9142-XMYJH,CELL_502B,2024-12-01,2024-12-07,-99.4,5.8,4,80.5,1.6
9143-CANJF,CELL_234A,2024-12-01,2024-12-07,-91.2,16.6,1,36.4,0.16
9146-JRIOX,CELL_112B,2024-12-01,2024-12-07,-90.3,16.8,0,30.6,0.43
9150-HEPMB,CELL_778C,2024-12-01,2024-12-07,-85.8,13.2,0,30.1,0.19
9150-KPBJQ,CELL_234A,2024-12-01,2024-12-07,-92.1,13.1,0,41.7,0.16
9152-AMKAK,CELL_778C,2024-12-01,2024-12-07,-87.9,16.5,0,37.2,0.25
9153-BTBVV,CELL_112B,2024-12-01,2024-12-07,-100.4,6.9,6,75.7,2.46
9154-QDGTH,CELL_245B,2024-12-01,2024-12-07,-100.3,6.3,3,74.6,2.87
9158-VCTQB,CELL_101A,2024-12-01,2024-12-07,-99.3,8.5,5,80.2,1.65
9163-GHAYE,CELL_112B,2024-12-01,2024-12-07,-91.7,13.9,0,53.6,0.55
9167-APMXZ,CELL_101A,2024-12-01,2024-12-07,-87.7,10.2,3,81.2,1.78
9168-INPSZ,CELL_134C,2024-12-01,2024-12-07,-91.4,17.1,1,33.1,0.58
9169-BSVIN,CELL_234A,2024-12-01,2024-12-07,-96.8,13.6,1,38.5,0.59
9170-ARBTB,CELL_245B,2024-12-01,2024-12-07,-92.9,13.3,1,42.2,0.14
9170-CCKOU,CELL_134C,2024-12-01,2024-12-07,-105.3,10.0,5,75.6,1.53
9170-GYZJC,CELL_301C,2024-12-01,2024-12-07,-99.3,14.1,1,55.3,0.43
9172-ANCRX,CELL_245B,2024-12-01,2024-12-07,-90.7,16.5,1,52.9,0.57
9172-JITSM,CELL_411A,2024-12-01,2024-12-07,-103.6,8.0,3,83.0,2.77
9173-IVZVP,CELL_112B,2024-12-01,2024-12-07,-90.1,16.1,0,50.9,0.16
9174-FKWZE,CELL_778C,2024-12-01,2024-12-07,-94.6,7.9,5,83.9,1.72
9174-IHETN,CELL_234A,2024-12-01,2024-12-07,-101.8,5.4,3,80.6,2.06
9178-JHUVJ,CELL_134C,2024-12-01,2024-12-07,-88.7,15.1,1,46.1,0.12
9184-GALIL,CELL_245B,2024-12-01,2024-12-07,-92.2,14.2,1,34.7,0.22
9185-TQCVP,CELL_301C,2024-12-01,2024-12-07,-101.0,9.0,3,70.5,1.9
9189-JWSHV,CELL_245B,2024-12-01,2024-12-07,-95.0,16.8,0,53.1,0.18
9190-MFJLN,CELL_134C,2024-12-01,2024-12-07,-90.6,12.1,0,49.9,0.13
9191-MYQKX,CELL_889D,2024-12-01,2024-12-07,-88.7,12.2,1,50.7,0.42
9194-GFVOI,CELL_889D,2024-12-01,2024-12-07,-90.3,16.9,0,56.3,0.14
9199-PWQVC,CELL_234A,2024-12-01,2024-12-07,-88.4,17.3,1,39.7,0.17
9200-NLNPD,CELL_889D,2024-12-01,2024-12-07,-93.6,16.5,1,47.8,0.57
9206-GVPEQ,CELL_101A,2024-12-01,2024-12-07,-109.2,6.6,5,84.8,2.57
9207-ZPANB,CELL_245B,2024-12-01,2024-12-07,-93.9,14.4,1,31.7,0.12
9208-OLGAQ,CELL_245B,2024-12-01,2024-12-07,-107.4,8.3,3,78.9,2.51
9209-NWPGU,CELL_889D,2024-12-01,2024-12-07,-87.2,15.7,1,41.4,0.27
9210-IAHGH,CELL_411A,2024-12-01,2024-12-07,-91.0,15.7,1,36.5,0.3
9214-EKVXR,CELL_101A,2024-12-01,2024-12-07,-108.9,4.4,13,93.4,4.95
9220-CXRSC,CELL_234A,2024-12-01,2024-12-07,-90.4,15.7,0,36.1,0.21
9220-ZNKJI,CELL_411A,2024-12-01,2024-12-07,-87.6,16.6,0,46.8,0.18
9221-OTIVJ,CELL_245B,2024-12-01,2024-12-07,-95.1,17.6,1,57.8,0.6
9223-UCPVT,CELL_101A,2024-12-01,2024-12-07,-97.3,10.2,6,73.4,1.7
9224-VTYID,CELL_101A,2024-12-01,2024-12-07,-87.4,17.9,1,50.6,0.33
9225-BZLNZ,CELL_301C,2024-12-01,2024-12-07,-109.8,6.2,12,95.9,5.35
9227-LUNBG,CELL_101A,2024-12-01,2024-12-07,-89.9,15.3,0,41.7,0.56
9227-UAQFT,CELL_245B,2024-12-01,2024-12-07,-101.4,6.9,3,81.4,2.12
9227-YBAXE,CELL_101A,2024-12-01,2024-12-07,-90.1,15.3,1,33.0,0.4
9229-RQABD,CELL_778C,2024-12-01,2024-12-07,-116.0,8.4,10,94.0,3.22
9231-ZJYAM,CELL_101A,2024-12-01,2024-12-07,-98.2,6.4,6,79.1,1.52
9233-PSYHO,CELL_112B,2024-12-01,2024-12-07,-91.0,14.0,1,39.5,0.46
9236-NDUCW,CELL_502B,2024-12-01,2024-12-07,-88.7,11.6,0,54.9,0.22
9237-HQITU,CELL_101A,2024-12-01,2024-12-07,-94.1,14.6,1,34.9,0.54
9239-GZHZE,CELL_134C,2024-12-01,2024-12-07,-96.0,15.0,1,54.2,0.55
9239-ZBZZV,CELL_245B,2024-12-01,2024-12-07,-88.5,15.8,0,37.6,0.34
9242-TKFSV,CELL_502B,2024-12-01,2024-12-07,-95.1,13.6,1,36.1,0.4
9244-ZVAPM,CELL_502B,2024-12-01,2024-12-07,-107.2,3.2,14,96.8,5.27
9248-OJYKK,CELL_101A,2024-12-01,2024-12-07,-90.7,13.9,0,49.7,0.15
9249-FXSCK,CELL_301C,2024-12-01,2024-12-07,-89.4,15.2,1,37.2,0.16
9250-WYPLL,CELL_101A,2024-12-01,2024-12-07,-99.7,5.7,4,75.6,2.45
9251-AWQGT,CELL_411A,2024-12-01,2024-12-07,-87.6,17.9,1,56.5,0.3
9251-WNSOD,CELL_778C,2024-12-01,2024-12-07,-91.2,17.2,1,34.0,0.16
9253-QXKBE,CELL_245B,2024-12-01,2024-12-07,-89.3,16.2,0,35.6,0.29
9253-VIFJQ,CELL_411A,2024-12-01,2024-12-07,-94.3,11.3,1,41.4,0.33
9254-RBFON,CELL_234A,2024-12-01,2024-12-07,-103.7,5.1,4,81.0,2.34
9256-JTBNZ,CELL_134C,2024-12-01,2024-12-07,-84.4,16.1,1,40.4,0.13
9257-AZMTZ,CELL_234A,2024-12-01,2024-12-07,-83.7,17.2,1,38.2,0.24
9258-CNWAC,CELL_134C,2024-12-01,2024-12-07,-101.3,5.4,6,77.3,1.81
9259-PACGQ,CELL_301C,2024-12-01,2024-12-07,-89.0,17.7,0,30.9,0.36
9261-WDCAF,CELL_112B,2024-12-01,2024-12-07,-93.4,16.0,0,55.2,0.17
9269-CQOOL,CELL_245B,2024-12-01,2024-12-07,-108.2,9.2,5,80.5,1.65
9272-LSVYH,CELL_411A,2024-12-01,2024-12-07,-92.3,15.6,0,56.8,0.36
9274-CNFMO,CELL_778C,2024-12-01,2024-12-07,-102.5,4.4,11,97.2,5.7
9274-UARKJ,CELL_112B,2024-12-01,2024-12-07,-90.5,13.8,0,58.3,0.5
9277-JOOMO,CELL_889D,2024-12-01,2024-12-07,-94.4,14.3,1,35.8,0.15
9278-VZKCD,CELL_112B,2024-12-01,2024-12-07,-91.5,14.3,0,42.6,0.29
9279-CJEOJ,CELL_502B,2024-12-01,2024-12-07,-105.6,3.5,13,93.2,3.51
9281-CEDRU,CELL_778C,2024-12-01,2024-12-07,-90.7,14.5,0,51.1,0.19
9281-OFDMF,CELL_889D,2024-12-01,2024-12-07,-96.7,8.7,3,77.0,1.9
9281-PKKZE,CELL_301C,2024-12-01,2024-12-07,-87.3,14.1,0,50.3,0.21
9282-IZGQK,CELL_234A,2024-12-01,2024-12-07,-87.4,15.8,0,33.1,0.56
9283-LZQOH,CELL_234A,2024-12-01,2024-12-07,-88.4,17.0,0,39.6,0.56
9286-BHDQG,CELL_301C,2024-12-01,2024-12-07,-91.8,15.8,0,30.2,0.18
9286-DOJGF,CELL_411A,2024-12-01,2024-12-07,-92.5,6.5,5,75.3,2.4
9289-LBQVU,CELL_112B,2024-12-01,2024-12-07,-94.4,14.8,0,47.9,0.32
9290-SHCMB,CELL_502B,2024-12-01,2024-12-07,-101.7,7.0,5,80.0,2.26
9294-TDIPC,CELL_502B,2024-12-01,2024-12-07,-91.1,18.7,1,51.4,0.39
9297-EONCV,CELL_101A,2024-12-01,2024-12-07,-103.4,8.3,3,75.5,1.64
9297-FVVDH,CELL_101A,2024-12-01,2024-12-07,-97.8,9.9,3,79.8,1.99
9298-WGMRW,CELL_134C,2024-12-01,2024-12-07,-99.2,6.3,4,72.8,2.35
9300-AGZNL,CELL_411A,2024-12-01,2024-12-07,-89.7,15.7,0,44.4,0.51
9300-RENDD,CELL_502B,2024-12-01,2024-12-07,-89.5,15.3,1,45.4,0.52
9305-CDSKC,CELL_502B,2024-12-01,2024-12-07,-90.0,16.3,1,51.1,0.55
9306-CPCBC,CELL_245B,2024-12-01,2024-12-07,-90.0,16.2,0,51.0,0.46
9308-ANMVE,CELL_234A,2024-12-01,2024-12-07,-90.2,13.9,1,50.4,0.32
9309-BZGNT,CELL_411A,2024-12-01,2024-12-07,-93.2,12.3,1,30.6,0.46
9313-CDOGY,CELL_889D,2024-12-01,2024-12-07,-87.8,16.8,0,52.1,0.53
9313-QOLTZ,CELL_301C,2024-12-01,2024-12-07,-88.3,12.4,0,58.0,0.55
9314-IJWSQ,CELL_112B,2024-12-01,2024-12-07,-89.2,17.6,1,36.5,0.5
9314-QDMDW,CELL_411A,2024-12-01,2024-12-07,-94.1,13.2,0,37.3,0.56
9317-WZPGV,CELL_778C,2024-12-01,2024-12-07,-95.2,13.2,6,80.7,2.06
9318-NKNFC,CELL_502B,2024-12-01,2024-12-07,-97.0,7.2,5,79.1,2.38
9323-HGFWY,CELL_411A,2024-12-01,2024-12-07,-105.3,8.2,4,70.4,2.96
9327-QSDED,CELL_245B,2024-12-01,2024-12-07,-111.7,3.8,13,86.1,4.99
9330-DHBFL,CELL_889D,2024-12-01,2024-12-07,-93.0,14.6,1,37.3,0.42
9330-IJWIO,CELL_301C,2024-12-01,2024-12-07,-114.6,4.4,12,88.0,4.26
9330-VOFSZ,CELL_134C,2024-12-01,2024-12-07,-108.2,4.3,10,95.7,3.61
9332-GYWLO,CELL_502B,2024-12-01,2024-12-07,-87.7,13.6,0,43.6,0.41
9334-GWGOW,CELL_245B,2024-12-01,2024-12-07,-94.2,18.6,1,54.3,0.16
9337-SRRNI,CELL_101A,2024-12-01,2024-12-07,-88.8,15.3,1,40.4,0.42
9339-FIIJL,CELL_778C,2024-12-01,2024-12-07,-92.1,13.4,0,43.0,0.34
9342-VNIMQ,CELL_301C,2024-12-01,2024-12-07,-88.2,15.0,0,34.1,0.46
9347-AERRL,CELL_502B,2024-12-01,2024-12-07,-86.7,17.2,1,53.3,0.47
9348-ROUAI,CELL_234A,2024-12-01,2024-12-07,-111.2,4.3,8,85.4,5.74
9348-YVOMK,CELL_301C,2024-12-01,2024-12-07,-89.4,14.1,0,34.3,0.19
9350-VLHMB,CELL_301C,2024-12-01,2024-12-07,-92.5,16.1,0,52.4,0.27
9350-ZXYJC,CELL_245B,2024-12-01,2024-12-07,-100.1,4.0,5,70.7,2.42
9351-HXDMR,CELL_301C,2024-12-01,2024-12-07,-90.0,12.9,0,44.5,0.37
9351-LZYGF,CELL_778C,2024-12-01,2024-12-07,-92.5,6.4,4,84.9,2.48
9355-NPPFS,CELL_134C,2024-12-01,2024-12-07,-98.4,9.9,6,74.2,2.12
9356-AXGMP,CELL_778C,2024-12-01,2024-12-07,-93.3,14.1,0,30.7,0.15
9357-UJRUN,CELL_411A,2024-12-01,2024-12-07,-99.5,9.5,3,72.0,1.7
9359-JANWS,CELL_134C,2024-12-01,2024-12-07,-86.0,16.9,1,47.9,0.54
9359-UGBTK,CELL_778C,2024-12-01,2024-12-07,-90.7,18.5,0,48.7,0.3
9360-AHGNL,CELL_301C,2024-12-01,2024-12-07,-106.1,5.5,8,91.1,4.08
9360-OMDZZ,CELL_411A,2024-12-01,2024-12-07,-85.3,14.7,0,39.6,0.41
9361-YNQWJ,CELL_134C,2024-12-01,2024-12-07,-107.8,4.7,14,85.5,5.52
9362-MWODR,CELL_411A,2024-12-01,2024-12-07,-93.8,15.3,1,56.3,0.3
9364-YKUVW,CELL_889D,2024-12-01,2024-12-07,-99.0,7.7,4,79.0,1.63
9365-CSLBQ,CELL_301C,2024-12-01,2024-12-07,-89.6,15.2,0,40.1,0.24
9365-SRSZE,CELL_889D,2024-12-01,2024-12-07,-103.5,7.8,6,82.2,2.31
9367-OIUXP,CELL_411A,2024-12-01,2024-12-07,-89.2,15.6,1,36.3,0.51
9367-TCUYN,CELL_101A,2024-12-01,2024-12-07,-102.1,8.8,6,84.1,2.11
9367-WXLCH,CELL_301C,2024-12-01,2024-12-07,-94.9,9.7,5,73.0,2.39
9369-XFEHK,CELL_778C,2024-12-01,2024-12-07,-78.6,17.3,0,47.9,0.1
9371-BITHB,CELL_134C,2024-12-01,2024-12-07,-89.4,14.8,1,55.5,0.21
9372-TXXPS,CELL_778C,2024-12-01,2024-12-07,-88.3,17.7,0,46.6,0.56
9373-WSLOY,CELL_134C,2024-12-01,2024-12-07,-93.6,12.6,1,55.3,0.12
9374-YOLBJ,CELL_134C,2024-12-01,2024-12-07,-94.5,8.0,5,78.0,2.67
9375-MHRRS,CELL_301C,2024-12-01,2024-12-07,-94.6,15.8,0,35.2,0.12
9378-FXTIZ,CELL_411A,2024-12-01,2024-12-07,-105.3,1.8,12,87.7,4.38
9381-NDKME,CELL_502B,2024-12-01,2024-12-07,-89.7,13.1,0,37.1,0.23
9385-EHGDO,CELL_245B,2024-12-01,2024-12-07,-90.2,12.5,1,42.0,0.28
9385-NXKDA,CELL_889D,2024-12-01,2024-12-07,-87.9,17.6,1,42.3,0.16
9386-LDCZR,CELL_778C,2024-12-01,2024-12-07,-92.2,17.3,1,50.7,0.41
9388-ZEYVT,CELL_245B,2024-12-01,2024-12-07,-93.2,12.3,1,47.8,0.58
9389-ACWBI,CELL_245B,2024-12-01,2024-12-07,-102.7,8.5,3,84.4,1.82
9391-DXGGG,CELL_502B,2024-12-01,2024-12-07,-96.5,7.4,3,84.9,1.64
9391-EOYLI,CELL_301C,2024-12-01,2024-12-07,-84.3,15.9,1,58.8,0.24
9391-LMANN,CELL_778C,2024-12-01,2024-12-07,-91.9,15.4,0,36.6,0.11
9391-TTOYH,CELL_234A,2024-12-01,2024-12-07,-84.7,15.1,1,41.7,0.46
9391-YZEJW,CELL_301C,2024-12-01,2024-12-07,-95.8,9.2,4,80.7,2.08
9392-XBGTD,CELL_889D,2024-12-01,2024-12-07,-107.7,5.3,11,92.0,3.94
9396-ZSFLL,CELL_112B,2024-12-01,2024-12-07,-92.9,15.2,1,54.0,0.2
9397-TZSHA,CELL_134C,2024-12-01,2024-12-07,-102.2,7.4,5,75.6,1.99
9398-MMQTO,CELL_112B,2024-12-01,2024-12-07,-103.9,7.3,3,74.9,1.72
9399-APLBT,CELL_502B,2024-12-01,2024-12-07,-92.6,13.3,1,45.8,0.39
9402-CXWPL,CELL_245B,2024-12-01,2024-12-07,-114.2,5.9,12,94.2,4.97
9402-ORRAH,CELL_502B,2024-12-01,2024-12-07,-88.1,13.4,0,42.5,0.56
9402-ROUMJ,CELL_234A,2024-12-01,2024-12-07,-98.9,6.5,5,70.8,2.1
9405-GPBBG,CELL_112B,2024-12-01,2024-12-07,-89.6,14.3,1,33.3,0.46
9408-HRXRK,CELL_889D,2024-12-01,2024-12-07,-91.5,9.8,6,77.5,2.99
9408-SSNVZ,CELL_134C,2024-12-01,2024-12-07,-87.7,15.7,0,58.6,0.36
9411-TPQQV,CELL_245B,2024-12-01,2024-12-07,-101.2,5.9,6,73.9,2.87
9412-ARGBX,CELL_301C,2024-12-01,2024-12-07,-88.2,15.5,1,41.2,0.45
9412-GHEEC,CELL_889D,2024-12-01,2024-12-07,-91.6,15.2,1,59.8,0.27
9415-DPEWS,CELL_245B,2024-12-01,2024-12-07,-88.2,14.3,0,52.6,0.46
9415-TPKRV,CELL_101A,2024-12-01,2024-12-07,-96.3,5.2,5,74.9,2.97
9415-ZNBSX,CELL_245B,2024-12-01,2024-12-07,-107.4,3.4,10,87.6,3.11
9418-RUKPH,CELL_234A,2024-12-01,2024-12-07,-100.8,7.1,3,78.8,2.99
9419-IPPBE,CELL_245B,2024-12-01,2024-12-07,-85.0,19.4,1,36.3,0.14
9420-LOJKX,CELL_301C,2024-12-01,2024-12-07,-89.6,13.1,1,40.2,0.37
9424-CMPOG,CELL_301C,2024-12-01,2024-12-07,-84.4,16.1,0,58.0,0.29
9426-SXNHE,CELL_301C,2024-12-01,2024-12-07,-109.5,3.4,9,91.2,5.76
9430-FRQOC,CELL_778C,2024-12-01,2024-12-07,-92.2,15.0,0,48.8,0.19
9430-NKQLY,CELL_502B,2024-12-01,2024-12-07,-92.7,17.2,0,54.5,0.16
9432-RUVSL,CELL_301C,2024-12-01,2024-12-07,-92.6,18.4,0,58.9,0.33
9432-VOFYX,CELL_411A,2024-12-01,2024-12-07,-104.7,5.9,6,82.4,2.79
9435-JMLSX,CELL_112B,2024-12-01,2024-12-07,-99.4,6.7,3,77.9,2.6
9436-ZBZCT,CELL_301C,2024-12-01,2024-12-07,-89.2,16.9,1,33.8,0.41
9441-QHEVC,CELL_778C,2024-12-01,2024-12-07,-88.2,16.5,1,33.1,0.5
9442-JTWDL,CELL_101A,2024-12-01,2024-12-07,-92.5,12.3,1,54.7,0.18
9443-JUBUO,CELL_245B,2024-12-01,2024-12-07,-91.6,14.0,1,33.6,0.56
9444-JTXHZ,CELL_301C,2024-12-01,2024-12-07,-101.6,10.3,5,82.0,1.65
9445-SZLCH,CELL_778C,2024-12-01,2024-12-07,-86.0,16.7,1,54.3,0.23
9445-ZUEQE,CELL_101A,2024-12-01,2024-12-07,-84.2,11.5,0,30.7,0.53
9447-YPTBX,CELL_134C,2024-12-01,2024-12-07,-112.5,2.4,8,93.1,4.69
9448-REEVD,CELL_112B,2024-12-01,2024-12-07,-108.4,9.0,4,84.6,2.9
9450-TRJUU,CELL_101A,2024-12-01,2024-12-07,-104.6,9.3,3,73.3,2.49
9451-LPGOO,CELL_301C,2024-12-01,2024-12-07,-87.7,14.1,1,43.1,0.36
9451-WLYRI,CELL_411A,2024-12-01,2024-12-07,-92.8,16.1,0,53.0,0.51
9453-PATOS,CELL_101A,2024-12-01,2024-12-07,-89.7,13.8,0,44.5,0.39
9462-MJUAW,CELL_245B,2024-12-01,2024-12-07,-102.6,8.9,3,77.7,1.62
9465-RWMXL,CELL_101A,2024-12-01,2024-12-07,-102.8,5.2,4,80.2,2.14
9467-ROOLM,CELL_301C,2024-12-01,2024-12-07,-107.3,7.0,12,86.1,3.0
9469-WEJBT,CELL_411A,2024-12-01,2024-12-07,-89.2,13.2,1,46.2,0.48
9470-RTWDV,CELL_245B,2024-12-01,2024-12-07,-91.2,16.1,1,40.2,0.33
9470-XCCEM,CELL_301C,2024-12-01,2024-12-07,-93.1,15.8,1,33.2,0.17
9470-YFUYI,CELL_301C,2024-12-01,2024-12-07,-98.2,4.9,4,80.5,2.68
9473-CBZOP,CELL_245B,2024-12-01,2024-12-07,-91.5,11.4,5,78.9,1.93
9474-PHLYD,CELL_301C,2024-12-01,2024-12-07,-102.4,9.1,6,74.8,2.14
9475-NNDGC,CELL_778C,2024-12-01,2024-12-07,-109.7,5.2,4,70.2,1.8
9477-LGWQI,CELL_301C,2024-12-01,2024-12-07,-100.7,4.0,3,75.2,2.92
9479-HYNYL,CELL_889D,2024-12-01,2024-12-07,-107.4,3.3,9,97.4,3.42
9480-BQJEI,CELL_134C,2024-12-01,2024-12-07,-92.1,14.2,0,57.2,0.13
9481-IEBZY,CELL_411A,2024-12-01,2024-12-07,-96.7,15.9,0,53.1,0.42
9481-SFCQY,CELL_112B,2024-12-01,2024-12-07,-90.8,18.8,0,32.5,0.37
9481-WHGWY,CELL_112B,2024-12-01,2024-12-07,-87.3,17.0,0,35.7,0.26
9483-GCPWE,CELL_134C,2024-12-01,2024-12-07,-108.4,2.7,8,86.5,4.89
9488-FVZCC,CELL_502B,2024-12-01,2024-12-07,-101.2,9.5,4,80.7,2.97
9488-FYQAU,CELL_502B,2024-12-01,2024-12-07,-84.9,14.5,1,50.2,0.39
9488-HGMJH,CELL_245B,2024-12-01,2024-12-07,-86.6,19.0,0,37.7,0.17
9489-DEDVP,CELL_301C,2024-12-01,2024-12-07,-89.9,16.8,0,38.5,0.57
9489-JMTTN,CELL_101A,2024-12-01,2024-12-07,-115.5,3.3,13,96.1,5.2
9489-UTFKA,CELL_245B,2024-12-01,2024-12-07,-88.7,19.4,0,46.9,0.4
9490-DFPMD,CELL_411A,2024-12-01,2024-12-07,-112.8,4.5,10,91.6,3.88
9492-TOKRI,CELL_101A,2024-12-01,2024-12-07,-90.0,13.7,1,44.8,0.26
9494-BDNNC,CELL_778C,2024-12-01,2024-12-07,-96.5,15.2,1,46.9,0.53
9494-MRNYX,CELL_245B,2024-12-01,2024-12-07,-101.6,6.1,4,78.5,2.35
9495-REDIY,CELL_502B,2024-12-01,2024-12-07,-85.8,15.0,0,37.0,0.21
9495-SKLKD,CELL_234A,2024-12-01,2024-12-07,-91.6,15.7,1,56.1,0.16
9496-IVVRP,CELL_502B,2024-12-01,2024-12-07,-109.8,6.4,10,97.2,4.03
9497-QCMMS,CELL_234A,2024-12-01,2024-12-07,-93.3,13.2,1,46.8,0.47
9498-FIMXL,CELL_778C,2024-12-01,2024-12-07,-89.9,13.3,0,38.6,0.37
9499-XPZXM,CELL_134C,2024-12-01,2024-12-07,-91.3,14.4,0,33.2,0.37
9500-IWPXQ,CELL_101A,2024-12-01,2024-12-07,-93.6,14.0,1,34.5,0.31
9500-LTVBP,CELL_301C,2024-12-01,2024-12-07,-90.9,16.0,0,56.7,0.5
9500-WBGRP,CELL_245B,2024-12-01,2024-12-07,-91.5,14.2,0,37.7,0.53
9501-UKKNL,CELL_234A,2024-12-01,2024-12-07,-102.5,5.5,6,79.7,2.17
9503-XJUME,CELL_234A,2024-12-01,2024-12-07,-94.5,14.5,1,58.9,0.53
9504-DSHWM,CELL_245B,2024-12-01,2024-12-07,-103.9,8.8,10,88.3,3.61
9504-YAZWB,CELL_411A,2024-12-01,2024-12-07,-113.9,5.8,13,85.5,3.13
9505-SQFSW,CELL_502B,2024-12-01,2024-12-07,-88.6,16.0,0,46.8,0.57
9506-UXUSK,CELL_245B,2024-12-01,2024-12-07,-87.6,13.6,1,54.4,0.19
9507-EXLTT,CELL_134C,2024-12-01,2024-12-07,-93.7,14.1,1,51.5,0.44
9507-HSMMZ,CELL_234A,2024-12-01,2024-12-07,-88.4,11.7,0,53.3,0.22
9508-ILZDG,CELL_889D,2024-12-01,2024-12-07,-93.4,14.5,0,34.6,0.42
9509-MPYOD,CELL_889D,2024-12-01,2024-12-07,-91.7,15.8,1,49.9,0.28
9512-PHSMG,CELL_112B,2024-12-01,2024-12-07,-100.6,8.9,3,74.7,2.14
9512-UIBFX,CELL_778C,2024-12-01,2024-12-07,-110.0,4.8,11,90.6,3.97
9513-DXHDA,CELL_101A,2024-12-01,2024-12-07,-88.4,15.4,1,31.7,0.16
9514-JDSKI,CELL_112B,2024-12-01,2024-12-07,-84.8,14.4,0,56.0,0.55
9518-IMLHK,CELL_234A,2024-12-01,2024-12-07,-109.4,4.0,13,91.7,4.58
9518-RWHZL,CELL_101A,2024-12-01,2024-12-07,-99.0,11.2,6,81.3,2.76
9518-XXBXE,CELL_134C,2024-12-01,2024-12-07,-100.4,7.7,5,79.4,2.29
9522-BNTHX,CELL_101A,2024-12-01,2024-12-07,-86.5,13.7,0,45.6,0.26
9522-ZSINC,CELL_411A,2024-12-01,2024-12-07,-92.3,9.9,3,81.6,2.4
9524-EGPJC,CELL_234A,2024-12-01,2024-12-07,-104.9,1.9,13,91.5,5.58
9526-BIHHD,CELL_101A,2024-12-01,2024-12-07,-99.9,6.3,3,82.0,2.93
9526-JAWYF,CELL_134C,2024-12-01,2024-12-07,-103.0,7.6,14,94.6,3.55
9529-OFXHY,CELL_502B,2024-12-01,2024-12-07,-90.1,11.1,1,31.2,0.2
9530-EHPOH,CELL_889D,2024-12-01,2024-12-07,-93.6,18.3,1,34.7,0.45
9530-GRMJG,CELL_234A,2024-12-01,2024-12-07,-85.3,16.0,0,57.3,0.48
9531-NSBMR,CELL_234A,2024-12-01,2024-12-07,-99.6,5.9,5,70.7,1.63
9534-NSXEM,CELL_134C,2024-12-01,2024-12-07,-89.6,13.5,1,37.3,0.2
9537-JALFH,CELL_112B,2024-12-01,2024-12-07,-89.2,20.2,1,30.6,0.54
9537-VHDTA,CELL_112B,2024-12-01,2024-12-07,-88.5,13.1,1,43.5,0.46
9540-JYROE,CELL_234A,2024-12-01,2024-12-07,-99.8,9.1,5,73.0,2.73
9541-PWTWO,CELL_134C,2024-12-01,2024-12-07,-92.6,13.0,1,34.2,0.6
9541-ZPSEA,CELL_889D,2024-12-01,2024-12-07,-110.7,3.4,11,89.8,5.48
9544-PYPSJ,CELL_502B,2024-12-01,2024-12-07,-104.3,6.5,5,83.7,2.1
9546-CQJSU,CELL_245B,2024-12-01,2024-12-07,-84.1,16.9,0,37.3,0.43
9546-KDTRB,CELL_234A,2024-12-01,2024-12-07,-87.6,11.9,0,30.2,0.1
9547-ITEFG,CELL_101A,2024-12-01,2024-12-07,-90.8,11.4,6,79.3,2.51
9548-LERKT,CELL_301C,2024-12-01,2024-12-07,-88.8,12.8,1,45.4,0.17
9548-LIGTA,CELL_112B,2024-12-01,2024-12-07,-86.4,11.1,0,53.3,0.59
9548-ZMVTX,CELL_245B,2024-12-01,2024-12-07,-93.0,14.3,0,30.1,0.21
9552-TGUZV,CELL_301C,2024-12-01,2024-12-07,-101.0,8.4,3,77.3,2.19
9553-DLCLU,CELL_245B,2024-12-01,2024-12-07,-91.6,12.7,0,30.4,0.34
9554-DFKIC,CELL_101A,2024-12-01,2024-12-07,-95.6,15.1,0,49.7,0.37
9555-SAHUZ,CELL_889D,2024-12-01,2024-12-07,-102.6,2.8,9,97.1,3.37
9558-IHEZX,CELL_112B,2024-12-01,2024-12-07,-106.9,0.0,8,95.8,4.6
9560-ARGQJ,CELL_245B,2024-12-01,2024-12-07,-107.7,2.9,8,97.9,3.14
9560-BBZXK,CELL_889D,2024-12-01,2024-12-07,-108.5,2.4,9,93.8,3.33
9564-KCLHR,CELL_411A,2024-12-01,2024-12-07,-98.0,5.7,3,79.7,2.45
9565-AXSMR,CELL_778C,2024-12-01,2024-12-07,-110.7,5.6,4,76.1,1.55
9565-DJPIB,CELL_245B,2024-12-01,2024-12-07,-95.7,8.4,5,79.9,2.75
9565-FLVCG,CELL_245B,2024-12-01,2024-12-07,-111.1,4.6,14,89.3,3.28
9565-JSNFM,CELL_134C,2024-12-01,2024-12-07,-87.6,18.3,0,50.3,0.59
9570-KYEUA,CELL_234A,2024-12-01,2024-12-07,-87.3,14.7,1,50.5,0.23
9571-EDEBV,CELL_101A,2024-12-01,2024-12-07,-90.9,13.6,1,50.1,0.27
9572-MTILT,CELL_502B,2024-12-01,2024-12-07,-106.9,9.3,4,81.9,1.97
9572-WUKSB,CELL_134C,2024-12-01,2024-12-07,-95.3,16.2,1,48.6,0.2
9574-BOSMD,CELL_411A,2024-12-01,2024-12-07,-92.1,13.3,1,52.9,0.33
9574-RKJIF,CELL_245B,2024-12-01,2024-12-07,-99.6,7.9,6,70.7,2.13
9575-IWCAZ,CELL_134C,2024-12-01,2024-12-07,-93.6,11.4,4,83.3,2.93
9576-ANLXO,CELL_101A,2024-12-01,2024-12-07,-90.6,16.1,0,34.8,0.27
9576-SYUHJ,CELL_245B,2024-12-01,2024-12-07,-87.0,13.9,0,30.3,0.4
9577-WJVCQ,CELL_134C,2024-12-01,2024-12-07,-111.7,5.2,10,90.0,3.94
9578-FOMUK,CELL_411A,2024-12-01,2024-12-07,-89.7,16.1,1,31.3,0.45
9578-VRMNM,CELL_778C,2024-12-01,2024-12-07,-99.3,10.5,6,73.6,2.2
9581-GVBXT,CELL_889D,2024-12-01,2024-12-07,-88.6,11.2,1,41.0,0.12
9584-EXCDZ,CELL_134C,2024-12-01,2024-12-07,-87.8,15.8,0,54.0,0.56
9585-KKMFD,CELL_889D,2024-12-01,2024-12-07,-88.4,11.7,0,49.7,0.44
9586-JGQKH,CELL_301C,2024-12-01,2024-12-07,-84.1,14.8,0,53.7,0.24
9588-OZDMQ,CELL_778C,2024-12-01,2024-12-07,-107.9,5.0,13,88.4,5.96
9588-YRFHY,CELL_234A,2024-12-01,2024-12-07,-90.5,14.0,1,32.6,0.59
9589-ABEPT,CELL_101A,2024-12-01,2024-12-07,-91.8,13.4,0,42.7,0.53
9591-YVTEB,CELL_411A,2024-12-01,2024-12-07,-95.9,15.5,1,32.8,0.21
9592-ERDKV,CELL_101A,2024-12-01,2024-12-07,-91.0,16.2,0,40.1,0.41
9593-CVZKR,CELL_234A,2024-12-01,2024-12-07,-103.5,2.8,12,91.8,3.34
9600-NAXZN,CELL_245B,2024-12-01,2024-12-07,-91.2,12.4,1,51.8,0.21
9600-UDOPK,CELL_101A,2024-12-01,2024-12-07,-109.3,2.3,13,85.0,3.16
9601-BRXPO,CELL_778C,2024-12-01,2024-12-07,-92.0,14.8,1,31.3,0.3
9602-WCXPI,CELL_112B,2024-12-01,2024-12-07,-84.1,20.6,1,53.7,0.18
9603-OAIHC,CELL_112B,2024-12-01,2024-12-07,-89.6,16.4,1,32.7,0.54
9605-WGJVW,CELL_411A,2024-12-01,2024-12-07,-92.9,12.2,1,35.6,0.1
9606-PBKBQ,CELL_889D,2024-12-01,2024-12-07,-89.2,13.3,0,54.0,0.27
9609-BENEA,CELL_134C,2024-12-01,2024-12-07,-103.6,2.7,14,86.9,3.87
9610-WCESF,CELL_411A,2024-12-01,2024-12-07,-92.2,15.7,1,52.7,0.49
9611-CTWIH,CELL_234A,2024-12-01,2024-12-07,-83.3,19.1,1,33.0,0.12
9614-RMGHA,CELL_245B,2024-12-01,2024-12-07,-88.9,13.6,0,37.0,0.46
9617-INGJY,CELL_778C,2024-12-01,2024-12-07,-96.6,8.3,6,78.6,2.98
9617-UDPEU,CELL_234A,2024-12-01,2024-12-07,-109.5,3.3,11,96.4,5.31
9618-LFJRU,CELL_411A,2024-12-01,2024-12-07,-91.0,15.7,1,38.6,0.56
9619-GSATL,CELL_234A,2024-12-01,2024-12-07,-101.0,6.0,4,83.2,2.56
9620-ENEJV,CELL_411A,2024-12-01,2024-12-07,-112.7,2.9,12,88.5,3.94
9620-QJREV,CELL_134C,2024-12-01,2024-12-07,-93.1,16.1,0,41.5,0.12
9621-OUPYD,CELL_112B,2024-12-01,2024-12-07,-86.9,16.9,1,34.7,0.18
9624-EGDEQ,CELL_101A,2024-12-01,2024-12-07,-106.6,7.3,3,80.7,2.35
9625-QNLUX,CELL_889D,2024-12-01,2024-12-07,-99.4,9.3,5,72.3,2.69
9625-QSTYE,CELL_134C,2024-12-01,2024-12-07,-85.7,13.3,0,53.9,0.49
9625-RZFUK,CELL_234A,2024-12-01,2024-12-07,-106.0,2.9,8,96.3,3.32
9626-VFRGG,CELL_112B,2024-12-01,2024-12-07,-105.8,3.8,11,95.3,3.09
9626-WEQRM,CELL_778C,2024-12-01,2024-12-07,-96.4,15.0,0,47.3,0.37
9629-NHXFW,CELL_411A,2024-12-01,2024-12-07,-106.9,5.2,10,91.5,4.62
9631-RXVJM,CELL_502B,2024-12-01,2024-12-07,-90.4,16.2,1,46.3,0.29
9631-XEYKE,CELL_889D,2024-12-01,2024-12-07,-89.5,15.5,0,39.9,0.18
9633-DENPU,CELL_101A,2024-12-01,2024-12-07,-96.7,15.1,1,35.8,0.45
9633-XQABV,CELL_112B,2024-12-01,2024-12-07,-102.9,7.1,4,84.1,2.69
9637-CDTKZ,CELL_112B,2024-12-01,2024-12-07,-101.7,10.4,4,82.7,2.28
9637-EIHEQ,CELL_112B,2024-12-01,2024-12-07,-89.2,13.4,1,47.8,0.19
9638-JIQYA,CELL_889D,2024-12-01,2024-12-07,-99.2,10.6,3,75.2,2.26
9639-BUJXT,CELL_101A,2024-12-01,2024-12-07,-88.7,13.3,0,36.2,0.55
9640-ZSLDC,CELL_301C,2024-12-01,2024-12-07,-88.7,13.3,0,53.1,0.18
9643-AVVWI,CELL_889D,2024-12-01,2024-12-07,-87.8,13.5,0,34.0,0.3
9643-YBLUR,CELL_301C,2024-12-01,2024-12-07,-84.2,12.9,0,43.5,0.59
9644-KVCNC,CELL_101A,2024-12-01,2024-12-07,-99.5,6.0,5,71.5,1.72
9644-UMGQA,CELL_502B,2024-12-01,2024-12-07,-91.3,14.0,1,46.1,0.3
9646-NMHXE,CELL_778C,2024-12-01,2024-12-07,-98.7,10.8,6,82.3,2.95
9647-ERGBE,CELL_134C,2024-12-01,2024-12-07,-85.8,12.6,1,36.7,0.41
9648-BCHKM,CELL_234A,2024-12-01,2024-12-07,-88.5,14.0,0,33.1,0.31
9650-VBUOG,CELL_889D,2024-12-01,2024-12-07,-85.5,18.8,1,38.7,0.45
9651-GTSAQ,CELL_502B,2024-12-01,2024-12-07,-90.0,11.6,1,43.8,0.16
9658-WYUFB,CELL_101A,2024-12-01,2024-12-07,-111.6,3.7,8,97.2,3.58
9659-QEQSY,CELL_778C,2024-12-01,2024-12-07,-103.1,10.2,5,71.1,2.34
9659-ZTWSM,CELL_889D,2024-12-01,2024-12-07,-89.6,13.8,0,53.0,0.2
9661-ACXBS,CELL_112B,2024-12-01,2024-12-07,-98.2,6.9,5,84.9,1.74
9661-JALZV,CELL_101A,2024-12-01,2024-12-07,-87.1,17.6,0,35.8,0.54
9661-MHUMO,CELL_101A,2024-12-01,2024-12-07,-90.6,13.6,0,42.8,0.56
9667-EQRXU,CELL_411A,2024-12-01,2024-12-07,-92.1,14.2,0,31.4,0.46
9667-TKTVZ,CELL_889D,2024-12-01,2024-12-07,-100.9,7.3,3,73.7,2.54
9668-PUGNU,CELL_889D,2024-12-01,2024-12-07,-110.7,5.4,13,95.3,3.69
9670-BPNXF,CELL_234A,2024-12-01,2024-12-07,-91.9,13.7,0,52.1,0.46
9674-EHPPG,CELL_411A,2024-12-01,2024-12-07,-100.4,7.9,6,82.7,1.56
9675-ICXCT,CELL_411A,2024-12-01,2024-12-07,-103.9,4.2,12,86.9,5.39
9677-AVKED,CELL_778C,2024-12-01,2024-12-07,-86.2,14.6,0,30.8,0.24
9680-NIAUV,CELL_502B,2024-12-01,2024-12-07,-94.4,14.9,1,35.2,0.3
9681-KYGYB,CELL_234A,2024-12-01,2024-12-07,-112.5,2.8,9,86.7,5.93
9681-OXGVC,CELL_245B,2024-12-01,2024-12-07,-100.6,5.9,5,83.7,2.1
9685-WKZGT,CELL_245B,2024-12-01,2024-12-07,-91.6,16.4,0,54.5,0.22
9688-YGXVR,CELL_778C,2024-12-01,2024-12-07,-91.5,17.0,0,37.4,0.11
9689-PTNPG,CELL_112B,2024-12-01,2024-12-07,-98.8,13.8,0,44.1,0.16
9691-HKOVS,CELL_134C,2024-12-01,2024-12-07,-89.5,15.9,0,35.2,0.11
9692-TUSXH,CELL_502B,2024-12-01,2024-12-07,-89.1,14.9,1,39.7,0.52
9693-XMUOB,CELL_234A,2024-12-01,2024-12-07,-98.0,6.8,5,79.7,2.37
9695-IDRZR,CELL_502B,2024-12-01,2024-12-07,-101.0,7.7,4,75.4,2.4
9696-RMYBA,CELL_889D,2024-12-01,2024-12-07,-89.6,14.4,0,50.3,0.27
9699-UBQFS,CELL_778C,2024-12-01,2024-12-07,-89.9,17.1,1,51.2,0.42
9700-ISPUP,CELL_301C,2024-12-01,2024-12-07,-82.6,15.8,1,31.1,0.54
9700-ZCLOT,CELL_245B,2024-12-01,2024-12-07,-91.4,17.2,1,44.8,0.48
9701-CDXHR,CELL_112B,2024-12-01,2024-12-07,-86.3,20.7,0,47.9,0.11
9702-AIUJO,CELL_245B,2024-12-01,2024-12-07,-94.1,10.2,5,78.9,1.68
9705-IOVQQ,CELL_245B,2024-12-01,2024-12-07,-111.8,4.5,8,94.2,5.14
9705-ZJBCG,CELL_778C,2024-12-01,2024-12-07,-95.9,13.6,0,54.7,0.23
9708-HPXWZ,CELL_411A,2024-12-01,2024-12-07,-102.9,5.5,14,92.1,4.68
9708-KFDBY,CELL_411A,2024-12-01,2024-12-07,-93.6,18.7,0,46.6,0.55
9710-NJERN,CELL_502B,2024-12-01,2024-12-07,-99.4,2.7,5,77.7,2.36
9710-ZUSHQ,CELL_245B,2024-12-01,2024-12-07,-91.5,15.4,0,37.0,0.34
9711-FJTBX,CELL_101A,2024-12-01,2024-12-07,-84.3,14.2,1,38.5,0.48
9714-EDSUC,CELL_411A,2024-12-01,2024-12-07,-87.7,13.8,1,43.2,0.27
9715-SBVSU,CELL_778C,2024-12-01,2024-12-07,-108.9,2.9,14,85.8,5.86
9715-WZCLW,CELL_134C,2024-12-01,2024-12-07,-93.5,18.3,0,33.5,0.53
9717-IOAAF,CELL_411A,2024-12-01,2024-12-07,-91.1,16.2,1,35.3,0.21
9717-QEBGU,CELL_889D,2024-12-01,2024-12-07,-113.2,2.1,13,88.4,3.17
9720-JJJOR,CELL_301C,2024-12-01,2024-12-07,-96.0,10.8,5,82.9,2.53
9722-UJOJR,CELL_134C,2024-12-01,2024-12-07,-94.6,14.5,1,58.9,0.33
9725-SCPZG,CELL_245B,2024-12-01,2024-12-07,-91.6,17.6,1,30.9,0.12
9728-FTTVZ,CELL_234A,2024-12-01,2024-12-07,-100.8,7.2,5,74.9,2.57
9730-DRTMJ,CELL_101A,2024-12-01,2024-12-07,-87.6,15.0,0,34.7,0.41
9732-EQMWY,CELL_778C,2024-12-01,2024-12-07,-104.6,8.5,6,70.4,2.91
9732-KPKBW,CELL_411A,2024-12-01,2024-12-07,-87.8,16.5,0,46.7,0.29
9732-OUYRN,CELL_245B,2024-12-01,2024-12-07,-106.7,3.6,9,95.0,4.83
9734-UYXQI,CELL_112B,2024-12-01,2024-12-07,-88.2,13.9,1,52.6,0.47
9734-YWGEX,CELL_411A,2024-12-01,2024-12-07,-98.9,20.4,0,55.7,0.18
9738-QLWTP,CELL_101A,2024-12-01,2024-12-07,-90.7,15.8,0,46.7,0.52
9739-JLPQJ,CELL_301C,2024-12-01,2024-12-07,-87.7,15.7,0,40.4,0.53
9741-YLNTD,CELL_234A,2024-12-01,2024-12-07,-91.7,13.3,1,32.2,0.38
9742-XOKTS,CELL_411A,2024-12-01,2024-12-07,-86.5,17.3,1,33.1,0.39
9743-DQKQW,CELL_502B,2024-12-01,2024-12-07,-106.6,3.6,9,94.6,5.68
9746-MDMBK,CELL_301C,2024-12-01,2024-12-07,-87.0,16.3,0,52.4,0.42
9746-UGFAC,CELL_411A,2024-12-01,2024-12-07,-89.6,16.4,1,45.7,0.44
9746-YKGXB,CELL_889D,2024-12-01,2024-12-07,-88.1,12.7,1,59.7,0.43
9747-DDZOS,CELL_301C,2024-12-01,2024-12-07,-93.2,13.4,1,56.4,0.44
9750-BOOHV,CELL_889D,2024-12-01,2024-12-07,-94.4,15.0,1,42.7,0.4
9752-ZNQUT,CELL_502B,2024-12-01,2024-12-07,-104.9,3.9,12,91.2,3.32
9753-OYLBX,CELL_134C,2024-12-01,2024-12-07,-108.2,4.5,12,87.5,4.09
9754-CLVZW,CELL_134C,2024-12-01,2024-12-07,-95.2,16.9,1,47.9,0.39
9755-JHNMN,CELL_301C,2024-12-01,2024-12-07,-102.4,10.1,6,77.5,1.58
9758-MFWGD,CELL_502B,2024-12-01,2024-12-07,-89.7,18.5,1,58.8,0.38
9761-XUJWD,CELL_778C,2024-12-01,2024-12-07,-86.4,14.7,1,43.7,0.19
9762-YAQAA,CELL_112B,2024-12-01,2024-12-07,-86.9,18.4,0,56.7,0.28
9763-GRSKD,CELL_502B,2024-12-01,2024-12-07,-85.8,17.8,0,54.7,0.52
9763-PDTKK,CELL_134C,2024-12-01,2024-12-07,-104.9,7.0,5,83.4,1.65
9764-REAFF,CELL_101A,2024-12-01,2024-12-07,-106.2,10.3,6,75.7,1.87
9766-HGEDE,CELL_502B,2024-12-01,2024-12-07,-99.7,7.5,6,78.7,2.98
9767-FFLEM,CELL_134C,2024-12-01,2024-12-07,-86.7,16.7,0,45.4,0.21
9769-TSBZE,CELL_101A,2024-12-01,2024-12-07,-110.5,3.0,12,89.8,5.24
9770-KXGQU,CELL_502B,2024-12-01,2024-12-07,-88.8,16.2,1,38.3,0.28
9770-LXDBK,CELL_502B,2024-12-01,2024-12-07,-109.6,2.4,14,97.5,4.74
9773-PEQBZ,CELL_112B,2024-12-01,2024-12-07,-98.2,8.7,5,74.7,1.72
9774-NRNAU,CELL_889D,2024-12-01,2024-12-07,-105.1,7.1,10,92.2,5.72
9776-CLUJA,CELL_101A,2024-12-01,2024-12-07,-89.5,13.6,0,34.5,0.4
9776-OJUZI,CELL_411A,2024-12-01,2024-12-07,-86.9,15.5,0,35.9,0.2
9777-IQHWP,CELL_234A,2024-12-01,2024-12-07,-107.1,2.5,10,86.2,3.9
9777-WJJPR,CELL_234A,2024-12-01,2024-12-07,-89.9,12.4,1,58.7,0.29
9778-OGKQZ,CELL_411A,2024-12-01,2024-12-07,-89.0,15.9,0,48.8,0.59
9779-DPNEJ,CELL_112B,2024-12-01,2024-12-07,-107.5,3.8,10,91.5,5.04
9780-FKVVF,CELL_101A,2024-12-01,2024-12-07,-89.5,16.4,0,53.6,0.41
9782-LGXMC,CELL_101A,2024-12-01,2024-12-07,-96.0,13.7,0,41.8,0.33
9786-IJYDL,CELL_245B,2024-12-01,2024-12-07,-86.1,14.4,0,42.6,0.37
9786-YWNHU,CELL_234A,2024-12-01,2024-12-07,-92.6,9.9,3,77.4,1.66
9787-XVQIU,CELL_502B,2024-12-01,2024-12-07,-87.6,10.8,1,59.9,0.5
9788-HNGUT,CELL_101A,2024-12-01,2024-12-07,-108.2,3.7,11,96.9,5.05
9788-YTFGE,CELL_101A,2024-12-01,2024-12-07,-91.5,16.4,0,55.2,0.15
9793-WECQC,CELL_112B,2024-12-01,2024-12-07,-87.9,13.3,0,53.8,0.23
9795-NREXC,CELL_502B,2024-12-01,2024-12-07,-88.3,13.4,1,44.2,0.25
9795-SHUHB,CELL_502B,2024-12-01,2024-12-07,-89.2,15.6,0,47.4,0.42
9795-VOWON,CELL_245B,2024-12-01,2024-12-07,-90.4,14.2,1,36.6,0.29
9796-BPKIW,CELL_411A,2024-12-01,2024-12-07,-110.2,6.8,12,92.9,3.63
9796-MVYXX,CELL_889D,2024-12-01,2024-12-07,-89.5,17.3,0,40.9,0.29
9798-DRYDS,CELL_502B,2024-12-01,2024-12-07,-90.9,14.9,1,52.3,0.49
9798-OPFEM,CELL_112B,2024-12-01,2024-12-07,-98.0,7.7,6,71.5,1.85
9799-CAYJJ,CELL_301C,2024-12-01,2024-12-07,-91.0,14.8,1,59.9,0.4
9800-ONTFE,CELL_101A,2024-12-01,2024-12-07,-86.7,15.9,1,58.9,0.1
9800-OUIGR,CELL_301C,2024-12-01,2024-12-07,-93.7,6.8,6,79.1,2.28
9801-GDWGV,CELL_234A,2024-12-01,2024-12-07,-93.9,14.6,1,44.7,0.18
9801-NOSHQ,CELL_778C,2024-12-01,2024-12-07,-96.4,9.8,5,73.6,1.63
9802-CAQUT,CELL_234A,2024-12-01,2024-12-07,-89.4,18.3,0,50.8,0.29
9803-FTJCG,CELL_411A,2024-12-01,2024-12-07,-84.8,20.2,0,32.7,0.27
9804-ICWBG,CELL_112B,2024-12-01,2024-12-07,-89.9,15.8,1,33.3,0.34
9805-FILKB,CELL_134C,2024-12-01,2024-12-07,-102.1,8.5,4,72.3,2.34
9809-IMGCQ,CELL_234A,2024-12-01,2024-12-07,-110.8,5.8,12,91.4,4.09
9812-GHVRI,CELL_112B,2024-12-01,2024-12-07,-108.7,4.9,12,86.6,5.13
9814-AOUDH,CELL_301C,2024-12-01,2024-12-07,-113.7,5.2,10,85.9,5.34
9817-APLHW,CELL_502B,2024-12-01,2024-12-07,-101.6,4.3,13,90.3,3.82
9818-XQCUV,CELL_134C,2024-12-01,2024-12-07,-88.1,12.4,1,49.8,0.15
9819-FBNSV,CELL_112B,2024-12-01,2024-12-07,-94.4,17.1,1,52.9,0.24
9820-RMCQV,CELL_245B,2024-12-01,2024-12-07,-99.5,8.4,5,72.0,2.99
9821-BESNZ,CELL_112B,2024-12-01,2024-12-07,-96.0,6.1,5,76.0,1.54
9821-POOTN,CELL_502B,2024-12-01,2024-12-07,-94.1,14.0,0,30.3,0.36
9822-BIIGN,CELL_411A,2024-12-01,2024-12-07,-93.1,15.1,1,59.6,0.16
9822-OAOVB,CELL_301C,2024-12-01,2024-12-07,-87.2,12.7,0,50.7,0.12
9822-WMWVG,CELL_112B,2024-12-01,2024-12-07,-90.0,11.5,1,50.3,0.35
9823-EALYC,CELL_301C,2024-12-01,2024-12-07,-102.1,7.4,5,79.4,3.0
9824-BEMCV,CELL_234A,2024-12-01,2024-12-07,-96.3,8.0,6,73.7,2.01
9824-QCJPK,CELL_101A,2024-12-01,2024-12-07,-106.6,4.9,10,94.5,4.17
9825-YCXWZ,CELL_112B,2024-12-01,2024-12-07,-108.1,5.9,12,92.4,5.0
9828-AOQLM,CELL_502B,2024-12-01,2024-12-07,-79.4,15.1,1,38.7,0.17
9828-QHFBK,CELL_889D,2024-12-01,2024-12-07,-105.5,4.4,8,88.3,5.45
9830-ECLEN,CELL_301C,2024-12-01,2024-12-07,-83.7,13.7,1,33.8,0.28
9831-BPFRI,CELL_301C,2024-12-01,2024-12-07,-87.8,14.8,0,42.7,0.52
9833-TGFHX,CELL_889D,2024-12-01,2024-12-07,-91.1,15.8,1,35.9,0.3
9835-ZIITK,CELL_134C,2024-12-01,2024-12-07,-88.7,17.5,1,36.4,0.17
9837-BMCLM,CELL_889D,2024-12-01,2024-12-07,-90.7,14.1,1,34.1,0.28
9837-FWLCH,CELL_502B,2024-12-01,2024-12-07,-88.0,18.8,0,53.5,0.12
9838-BFCQT,CELL_301C,2024-12-01,2024-12-07,-89.9,12.9,1,40.6,0.38
9839-ETQOE,CELL_245B,2024-12-01,2024-12-07,-101.1,6.8,6,72.3,2.61
9840-DVNDC,CELL_301C,2024-12-01,2024-12-07,-99.9,13.8,1,55.9,0.3
9840-EFJQB,CELL_234A,2024-12-01,2024-12-07,-110.7,2.9,11,88.1,5.9
9842-EFSYY,CELL_778C,2024-12-01,2024-12-07,-86.0,8.7,1,53.1,0.57
9844-FELAJ,CELL_134C,2024-12-01,2024-12-07,-93.3,15.6,1,31.7,0.55
9845-PEEKO,CELL_889D,2024-12-01,2024-12-07,-88.2,17.6,0,50.3,0.1
9845-QOMAD,CELL_112B,2024-12-01,2024-12-07,-98.4,14.9,0,56.2,0.42
9846-GKXAS,CELL_112B,2024-12-01,2024-12-07,-86.2,13.0,1,35.9,0.51
9847-HNVGP,CELL_778C,2024-12-01,2024-12-07,-90.5,12.5,0,40.4,0.32
9848-JQJTX,CELL_778C,2024-12-01,2024-12-07,-94.5,10.9,1,48.6,0.25
9850-OWRHQ,CELL_234A,2024-12-01,2024-12-07,-107.4,5.8,12,91.9,3.59
9851-KIELU,CELL_112B,2024-12-01,2024-12-07,-110.9,5.0,9,95.4,3.71
9851-QXEEQ,CELL_778C,2024-12-01,2024-12-07,-101.1,3.8,11,94.5,5.6
9853-JFZDU,CELL_889D,2024-12-01,2024-12-07,-85.3,13.4,0,51.7,0.36
9860-LISIZ,CELL_502B,2024-12-01,2024-12-07,-93.0,6.6,3,80.1,2.58
9861-PDSZP,CELL_889D,2024-12-01,2024-12-07,-95.7,7.6,6,79.4,2.27
9862-KJTYK,CELL_134C,2024-12-01,2024-12-07,-100.2,7.4,6,81.0,2.43
9863-JZAIC,CELL_245B,2024-12-01,2024-12-07,-90.8,13.9,0,38.5,0.17
9866-OCCKE,CELL_301C,2024-12-01,2024-12-07,-92.2,12.4,1,38.8,0.23
9866-QEVEE,CELL_234A,2024-12-01,2024-12-07,-91.8,16.1,1,35.1,0.57
9867-JCZSP,CELL_101A,2024-12-01,2024-12-07,-96.8,12.9,1,51.5,0.47
9867-NNXLC,CELL_502B,2024-12-01,2024-12-07,-88.3,15.8,1,41.0,0.14
9867-XOBQA,CELL_411A,2024-12-01,2024-12-07,-105.3,9.7,4,76.8,2.05
9871-ELEYA,CELL_778C,2024-12-01,2024-12-07,-87.8,13.1,1,31.0,0.34
9873-MNDKV,CELL_234A,2024-12-01,2024-12-07,-84.0,15.9,0,35.9,0.48
9874-QLCLH,CELL_889D,2024-12-01,2024-12-07,-111.3,2.1,9,96.7,4.45
9878-TNQGW,CELL_245B,2024-12-01,2024-12-07,-103.0,8.6,4,83.6,2.41
9880-TDQAC,CELL_889D,2024-12-01,2024-12-07,-107.7,3.3,8,93.7,5.38
9881-VCZEP,CELL_112B,2024-12-01,2024-12-07,-86.5,14.8,0,42.5,0.33
9885-AIBVB,CELL_245B,2024-12-01,2024-12-07,-93.9,15.8,0,59.9,0.28
9885-CSMWE,CELL_245B,2024-12-01,2024-12-07,-103.1,3.7,9,86.9,4.69
9885-MFVSU,CELL_134C,2024-12-01,2024-12-07,-97.0,11.7,6,80.6,2.19
9888-ZCUMM,CELL_889D,2024-12-01,2024-12-07,-95.1,15.5,1,31.5,0.25
9889-TMAHG,CELL_245B,2024-12-01,2024-12-07,-96.2,17.5,0,41.3,0.54
9891-NQDBD,CELL_778C,2024-12-01,2024-12-07,-91.5,13.0,1,50.8,0.51
9894-EZEWG,CELL_234A,2024-12-01,2024-12-07,-102.1,11.5,4,83.0,2.66
9894-QMIMJ,CELL_245B,2024-12-01,2024-12-07,-92.3,12.8,1,32.9,0.3
9895-VFOXH,CELL_301C,2024-12-01,2024-12-07,-111.4,3.8,14,97.0,5.0
9896-UYMIE,CELL_889D,2024-12-01,2024-12-07,-88.4,13.6,0,47.4,0.25
9897-KXHCM,CELL_234A,2024-12-01,2024-12-07,-97.2,9.4,6,83.3,1.92
9898-KZQDZ,CELL_101A,2024-12-01,2024-12-07,-109.1,3.1,14,92.9,4.22
9903-LYSAB,CELL_301C,2024-12-01,2024-12-07,-91.3,19.5,0,30.4,0.33
9904-EHEVJ,CELL_889D,2024-12-01,2024-12-07,-88.7,11.8,0,39.2,0.32
9906-NHHVC,CELL_411A,2024-12-01,2024-12-07,-87.4,12.4,0,39.3,0.17
9907-SWKKF,CELL_411A,2024-12-01,2024-12-07,-105.4,6.0,6,83.6,2.41
9909-DFRJA,CELL_889D,2024-12-01,2024-12-07,-109.8,4.2,9,87.9,4.47
9909-IDLEK,CELL_134C,2024-12-01,2024-12-07,-93.9,13.6,1,37.9,0.17
9912-GVSEQ,CELL_112B,2024-12-01,2024-12-07,-89.9,15.0,1,36.8,0.33
9912-OMZDS,CELL_411A,2024-12-01,2024-12-07,-106.8,8.8,6,84.9,2.61
9916-AYHTC,CELL_112B,2024-12-01,2024-12-07,-91.8,14.2,0,53.6,0.46
9917-KWRBE,CELL_778C,2024-12-01,2024-12-07,-89.7,17.2,1,31.5,0.44
9919-FZDED,CELL_245B,2024-12-01,2024-12-07,-83.7,16.2,1,48.2,0.28
9919-KNPOO,CELL_411A,2024-12-01,2024-12-07,-105.0,7.4,6,82.8,2.65
9919-YLNNG,CELL_134C,2024-12-01,2024-12-07,-96.9,8.3,6,82.4,1.9
9921-EZKBY,CELL_778C,2024-12-01,2024-12-07,-88.0,14.3,1,52.0,0.1
9921-QFQUL,CELL_778C,2024-12-01,2024-12-07,-111.6,6.3,10,92.2,4.76
9921-ZVRHG,CELL_411A,2024-12-01,2024-12-07,-92.2,17.1,1,52.1,0.52
9924-JPRMC,CELL_101A,2024-12-01,2024-12-07,-105.3,6.1,8,95.0,3.19
9926-PJHDQ,CELL_245B,2024-12-01,2024-12-07,-89.1,13.2,1,52.3,0.53
9927-DSWDF,CELL_502B,2024-12-01,2024-12-07,-100.9,4.2,11,89.3,4.94
9928-BZVLZ,CELL_101A,2024-12-01,2024-12-07,-108.8,5.2,6,73.5,1.99
9929-PLVPA,CELL_234A,2024-12-01,2024-12-07,-88.0,11.8,1,52.2,0.41
9931-DCEZH,CELL_411A,2024-12-01,2024-12-07,-89.6,16.7,1,47.3,0.17
9931-KGHOA,CELL_502B,2024-12-01,2024-12-07,-91.8,16.9,0,39.1,0.27
9932-WBWIK,CELL_411A,2024-12-01,2024-12-07,-93.9,14.8,1,48.5,0.4
9933-QRGTX,CELL_411A,2024-12-01,2024-12-07,-92.8,10.2,5,84.4,2.03
9938-EKRGF,CELL_889D,2024-12-01,2024-12-07,-87.3,12.3,1,33.6,0.43
9938-PRCVK,CELL_245B,2024-12-01,2024-12-07,-93.5,7.8,4,75.4,1.89
9938-TKDGL,CELL_245B,2024-12-01,2024-12-07,-109.0,3.2,12,88.6,5.99
9938-ZREHM,CELL_101A,2024-12-01,2024-12-07,-89.8,9.6,0,34.9,0.56
9940-HPQPG,CELL_112B,2024-12-01,2024-12-07,-84.1,16.9,0,53.9,0.3
9940-RHLFB,CELL_411A,2024-12-01,2024-12-07,-88.0,14.6,1,49.4,0.36
9943-VSZUV,CELL_778C,2024-12-01,2024-12-07,-104.7,7.0,5,74.8,2.34
9944-AEXBM,CELL_411A,2024-12-01,2024-12-07,-108.1,3.5,11,87.1,3.19
9944-HKVVB,CELL_411A,2024-12-01,2024-12-07,-88.8,17.2,1,45.0,0.38
9945-PSVIP,CELL_101A,2024-12-01,2024-12-07,-94.3,13.7,0,34.7,0.52
9947-OTFQU,CELL_134C,2024-12-01,2024-12-07,-81.3,15.9,1,46.9,0.29
9948-YPTDG,CELL_112B,2024-12-01,2024-12-07,-86.6,14.3,1,49.7,0.42
9950-MTGYX,CELL_502B,2024-12-01,2024-12-07,-101.9,7.2,5,79.4,2.6
9953-ZMKSM,CELL_101A,2024-12-01,2024-12-07,-91.8,13.4,0,43.0,0.14
9955-QOPOY,CELL_889D,2024-12-01,2024-12-07,-94.9,11.6,5,73.2,2.2
9957-YODKZ,CELL_101A,2024-12-01,2024-12-07,-86.9,15.5,0,32.2,0.38
9958-MEKUC,CELL_234A,2024-12-01,2024-12-07,-95.5,8.5,5,83.5,1.71
9959-WOFKT,CELL_112B,2024-12-01,2024-12-07,-108.1,7.6,5,70.7,2.42
9961-JBNMK,CELL_134C,2024-12-01,2024-12-07,-101.7,8.4,4,84.8,1.94
9962-BFPDU,CELL_778C,2024-12-01,2024-12-07,-94.3,16.7,1,41.4,0.17
9964-WBQDJ,CELL_245B,2024-12-01,2024-12-07,-99.9,11.1,3,77.8,1.61
9965-YOKZB,CELL_234A,2024-12-01,2024-12-07,-93.1,20.4,1,32.1,0.39
9967-ATRFS,CELL_301C,2024-12-01,2024-12-07,-104.9,6.3,5,84.3,1.83
9968-FFVVH,CELL_778C,2024-12-01,2024-12-07,-88.5,12.3,0,30.9,0.21
9970-QBCDA,CELL_889D,2024-12-01,2024-12-07,-103.9,1.6,8,94.9,5.6
9971-ZWPBF,CELL_778C,2024-12-01,2024-12-07,-91.0,11.6,1,33.4,0.53
9972-EWRJS,CELL_502B,2024-12-01,2024-12-07,-106.2,2.2,8,97.2,3.35
9972-NKTFD,CELL_301C,2024-12-01,2024-12-07,-91.7,17.7,0,59.8,0.11
9972-VAFJJ,CELL_502B,2024-12-01,2024-12-07,-100.5,7.3,5,82.0,2.51
9974-JFBHQ,CELL_245B,2024-12-01,2024-12-07,-88.6,11.2,1,48.2,0.2
9975-GPKZU,CELL_245B,2024-12-01,2024-12-07,-96.0,9.4,5,74.4,1.73
9975-SKRNR,CELL_112B,2024-12-01,2024-12-07,-97.3,17.7,1,33.5,0.35
9978-HYCIN,CELL_134C,2024-12-01,2024-12-07,-100.4,9.6,6,82.7,2.55
9979-RGMZT,CELL_778C,2024-12-01,2024-12-07,-93.9,16.5,0,35.9,0.55
9985-MWVIX,CELL_112B,2024-12-01,2024-12-07,-94.9,9.6,5,78.0,2.36
9986-BONCE,CELL_889D,2024-12-01,2024-12-07,-96.0,19.7,1,44.4,0.6
9987-LUTYD,CELL_889D,2024-12-01,2024-12-07,-86.9,14.3,0,45.9,0.1
9992-RRAMN,CELL_101A,2024-12-01,2024-12-07,-90.2,5.8,4,79.3,2.66
9992-UJOEL,CELL_234A,2024-12-01,2024-12-07,-103.8,9.5,3,78.4,2.93
9993-LHIEB,CELL_502B,2024-12-01,2024-12-07,-88.6,13.0,0,54.1,0.17
9995-HOTOH,CELL_411A,2024-12-01,2024-12-07,-100.4,5.4,4,71.3,2.02
